Level	Rule Name	Subject	Property	Value
ERROR	duplicate_definition	MOD:01716	IAO:0000115	The protein modification reporter fragment produced by an Proteome Sciences TMT6plex-126 reagent acylated residue.
ERROR	duplicate_definition	MOD:01727	IAO:0000115	The protein modification reporter fragment produced by an Proteome Sciences TMT6plex-126 reagent acylated residue.
ERROR	duplicate_definition	MOD:00534	IAO:0000115	modification from Unimod Post-translational
ERROR	duplicate_definition	MOD:00934	IAO:0000115	modification from Unimod Post-translational
ERROR	duplicate_definition	MOD:00936	IAO:0000115	modification from Unimod Post-translational
ERROR	duplicate_definition	MOD:00937	IAO:0000115	modification from Unimod Post-translational
ERROR	duplicate_definition	MOD:00938	IAO:0000115	modification from Unimod Post-translational
ERROR	duplicate_definition	MOD:01223	IAO:0000115	modification from Unimod Other -
ERROR	duplicate_definition	MOD:01224	IAO:0000115	modification from Unimod Other -
ERROR	duplicate_definition	MOD:01277	IAO:0000115	modification from Unimod Other -
ERROR	duplicate_definition	MOD:01278	IAO:0000115	modification from Unimod Other -
ERROR	duplicate_definition	MOD:01279	IAO:0000115	modification from Unimod Other -
ERROR	duplicate_definition	MOD:00576	IAO:0000115	modification from Unimod Other
ERROR	duplicate_definition	MOD:01319	IAO:0000115	modification from Unimod Other
ERROR	duplicate_definition	MOD:01320	IAO:0000115	modification from Unimod Other
ERROR	duplicate_definition	MOD:01321	IAO:0000115	modification from Unimod Other
ERROR	duplicate_definition	MOD:00760	IAO:0000115	modification from Unimod N-linked glycosylation - missing ref
ERROR	duplicate_definition	MOD:00762	IAO:0000115	modification from Unimod N-linked glycosylation - missing ref
ERROR	duplicate_definition	MOD:00763	IAO:0000115	modification from Unimod N-linked glycosylation - missing ref
ERROR	duplicate_definition	MOD:00516	IAO:0000115	modification from Unimod N-linked glycosylation
ERROR	duplicate_definition	MOD:00518	IAO:0000115	modification from Unimod N-linked glycosylation
ERROR	duplicate_definition	MOD:00519	IAO:0000115	modification from Unimod N-linked glycosylation
ERROR	duplicate_definition	MOD:00520	IAO:0000115	modification from Unimod N-linked glycosylation
ERROR	duplicate_definition	MOD:00521	IAO:0000115	modification from Unimod N-linked glycosylation
ERROR	duplicate_definition	MOD:00522	IAO:0000115	modification from Unimod N-linked glycosylation
ERROR	duplicate_definition	MOD:00523	IAO:0000115	modification from Unimod N-linked glycosylation
ERROR	duplicate_definition	MOD:00524	IAO:0000115	modification from Unimod N-linked glycosylation
ERROR	duplicate_definition	MOD:00525	IAO:0000115	modification from Unimod N-linked glycosylation
ERROR	duplicate_definition	MOD:00526	IAO:0000115	modification from Unimod N-linked glycosylation
ERROR	duplicate_definition	MOD:00527	IAO:0000115	modification from Unimod N-linked glycosylation
ERROR	duplicate_definition	MOD:00529	IAO:0000115	modification from Unimod N-linked glycosylation
ERROR	duplicate_definition	MOD:00565	IAO:0000115	modification from Unimod N-linked glycosylation
ERROR	duplicate_definition	MOD:00623	IAO:0000115	modification from Unimod N-linked glycosylation
ERROR	duplicate_definition	MOD:00759	IAO:0000115	modification from Unimod N-linked glycosylation
ERROR	duplicate_definition	MOD:01162	IAO:0000115	modification from Unimod N-linked glycosylation
ERROR	duplicate_definition	MOD:01358	IAO:0000115	modification from Unimod Isotopic label - Use when labelling post-digest
ERROR	duplicate_definition	MOD:01359	IAO:0000115	modification from Unimod Isotopic label - Use when labelling post-digest
ERROR	duplicate_definition	MOD:01234	IAO:0000115	modification from Unimod Isotopic label - alkaline phosphatase to dephosphorylate
ERROR	duplicate_definition	MOD:01235	IAO:0000115	modification from Unimod Isotopic label - alkaline phosphatase to dephosphorylate
ERROR	duplicate_definition	MOD:01236	IAO:0000115	modification from Unimod Isotopic label - alkaline phosphatase to dephosphorylate
ERROR	duplicate_definition	MOD:01188	IAO:0000115	modification from Unimod Isotopic label -
ERROR	duplicate_definition	MOD:01189	IAO:0000115	modification from Unimod Isotopic label -
ERROR	duplicate_definition	MOD:01191	IAO:0000115	modification from Unimod Isotopic label -
ERROR	duplicate_definition	MOD:01192	IAO:0000115	modification from Unimod Isotopic label -
ERROR	duplicate_definition	MOD:01195	IAO:0000115	modification from Unimod Isotopic label -
ERROR	duplicate_definition	MOD:01217	IAO:0000115	modification from Unimod Isotopic label -
ERROR	duplicate_definition	MOD:01218	IAO:0000115	modification from Unimod Isotopic label -
ERROR	duplicate_definition	MOD:01230	IAO:0000115	modification from Unimod Isotopic label -
ERROR	duplicate_definition	MOD:01287	IAO:0000115	modification from Unimod Isotopic label -
ERROR	duplicate_definition	MOD:01340	IAO:0000115	modification from Unimod Isotopic label -
ERROR	duplicate_definition	MOD:01341	IAO:0000115	modification from Unimod Isotopic label -
ERROR	duplicate_definition	MOD:00449	IAO:0000115	modification from Unimod Isotopic label
ERROR	duplicate_definition	MOD:00468	IAO:0000115	modification from Unimod Isotopic label
ERROR	duplicate_definition	MOD:00469	IAO:0000115	modification from Unimod Isotopic label
ERROR	duplicate_definition	MOD:00472	IAO:0000115	modification from Unimod Isotopic label
ERROR	duplicate_definition	MOD:00473	IAO:0000115	modification from Unimod Isotopic label
ERROR	duplicate_definition	MOD:00480	IAO:0000115	modification from Unimod Isotopic label
ERROR	duplicate_definition	MOD:00481	IAO:0000115	modification from Unimod Isotopic label
ERROR	duplicate_definition	MOD:00494	IAO:0000115	modification from Unimod Isotopic label
ERROR	duplicate_definition	MOD:00495	IAO:0000115	modification from Unimod Isotopic label
ERROR	duplicate_definition	MOD:00505	IAO:0000115	modification from Unimod Isotopic label
ERROR	duplicate_definition	MOD:00549	IAO:0000115	modification from Unimod Isotopic label
ERROR	duplicate_definition	MOD:00551	IAO:0000115	modification from Unimod Isotopic label
ERROR	duplicate_definition	MOD:00561	IAO:0000115	modification from Unimod Isotopic label
ERROR	duplicate_definition	MOD:00562	IAO:0000115	modification from Unimod Isotopic label
ERROR	duplicate_definition	MOD:00932	IAO:0000115	modification from Unimod Isotopic label
ERROR	duplicate_definition	MOD:00943	IAO:0000115	modification from Unimod Isotopic label
ERROR	duplicate_definition	MOD:00944	IAO:0000115	modification from Unimod Isotopic label
ERROR	duplicate_definition	MOD:01193	IAO:0000115	modification from Unimod Chemical derivative -
ERROR	duplicate_definition	MOD:01194	IAO:0000115	modification from Unimod Chemical derivative -
ERROR	duplicate_definition	MOD:01219	IAO:0000115	modification from Unimod Chemical derivative -
ERROR	duplicate_definition	MOD:01220	IAO:0000115	modification from Unimod Chemical derivative -
ERROR	duplicate_definition	MOD:01257	IAO:0000115	modification from Unimod Chemical derivative -
ERROR	duplicate_definition	MOD:01258	IAO:0000115	modification from Unimod Chemical derivative -
ERROR	duplicate_definition	MOD:01259	IAO:0000115	modification from Unimod Chemical derivative -
ERROR	duplicate_definition	MOD:01272	IAO:0000115	modification from Unimod Chemical derivative -
ERROR	duplicate_definition	MOD:01280	IAO:0000115	modification from Unimod Chemical derivative -
ERROR	duplicate_definition	MOD:01281	IAO:0000115	modification from Unimod Chemical derivative -
ERROR	duplicate_definition	MOD:01307	IAO:0000115	modification from Unimod Chemical derivative -
ERROR	duplicate_definition	MOD:01308	IAO:0000115	modification from Unimod Chemical derivative -
ERROR	duplicate_definition	MOD:01317	IAO:0000115	modification from Unimod Chemical derivative -
ERROR	duplicate_definition	MOD:01318	IAO:0000115	modification from Unimod Chemical derivative -
ERROR	duplicate_definition	MOD:01335	IAO:0000115	modification from Unimod Chemical derivative -
ERROR	duplicate_definition	MOD:01349	IAO:0000115	modification from Unimod Chemical derivative -
ERROR	duplicate_definition	MOD:01350	IAO:0000115	modification from Unimod Chemical derivative -
ERROR	duplicate_definition	MOD:01353	IAO:0000115	modification from Unimod Chemical derivative -
ERROR	duplicate_definition	MOD:01364	IAO:0000115	modification from Unimod Chemical derivative -
ERROR	duplicate_definition	MOD:01365	IAO:0000115	modification from Unimod Chemical derivative -
ERROR	duplicate_definition	MOD:01366	IAO:0000115	modification from Unimod Chemical derivative -
ERROR	duplicate_definition	MOD:01367	IAO:0000115	modification from Unimod Chemical derivative -
ERROR	duplicate_definition	MOD:01368	IAO:0000115	modification from Unimod Chemical derivative -
ERROR	duplicate_definition	MOD:00470	IAO:0000115	modification from Unimod Chemical derivative
ERROR	duplicate_definition	MOD:00471	IAO:0000115	modification from Unimod Chemical derivative
ERROR	duplicate_definition	MOD:00484	IAO:0000115	modification from Unimod Chemical derivative
ERROR	duplicate_definition	MOD:00485	IAO:0000115	modification from Unimod Chemical derivative
ERROR	duplicate_definition	MOD:00486	IAO:0000115	modification from Unimod Chemical derivative
ERROR	duplicate_definition	MOD:00487	IAO:0000115	modification from Unimod Chemical derivative
ERROR	duplicate_definition	MOD:00488	IAO:0000115	modification from Unimod Chemical derivative
ERROR	duplicate_definition	MOD:00489	IAO:0000115	modification from Unimod Chemical derivative
ERROR	duplicate_definition	MOD:00490	IAO:0000115	modification from Unimod Chemical derivative
ERROR	duplicate_definition	MOD:00491	IAO:0000115	modification from Unimod Chemical derivative
ERROR	duplicate_definition	MOD:00499	IAO:0000115	modification from Unimod Chemical derivative
ERROR	duplicate_definition	MOD:00509	IAO:0000115	modification from Unimod Chemical derivative
ERROR	duplicate_definition	MOD:00532	IAO:0000115	modification from Unimod Chemical derivative
ERROR	duplicate_definition	MOD:00533	IAO:0000115	modification from Unimod Chemical derivative
ERROR	duplicate_definition	MOD:00535	IAO:0000115	modification from Unimod Chemical derivative
ERROR	duplicate_definition	MOD:00542	IAO:0000115	modification from Unimod Chemical derivative
ERROR	duplicate_definition	MOD:00543	IAO:0000115	modification from Unimod Chemical derivative
ERROR	duplicate_definition	MOD:00548	IAO:0000115	modification from Unimod Chemical derivative
ERROR	duplicate_definition	MOD:00550	IAO:0000115	modification from Unimod Chemical derivative
ERROR	duplicate_definition	MOD:00566	IAO:0000115	modification from Unimod Chemical derivative
ERROR	duplicate_definition	MOD:00572	IAO:0000115	modification from Unimod Chemical derivative
ERROR	duplicate_definition	MOD:00573	IAO:0000115	modification from Unimod Chemical derivative
ERROR	duplicate_definition	MOD:00574	IAO:0000115	modification from Unimod Chemical derivative
ERROR	duplicate_definition	MOD:00575	IAO:0000115	modification from Unimod Chemical derivative
ERROR	duplicate_definition	MOD:00586	IAO:0000115	modification from Unimod Chemical derivative
ERROR	duplicate_definition	MOD:00592	IAO:0000115	modification from Unimod Chemical derivative
ERROR	duplicate_definition	MOD:00606	IAO:0000115	modification from Unimod Chemical derivative
ERROR	duplicate_definition	MOD:00607	IAO:0000115	modification from Unimod Chemical derivative
ERROR	duplicate_definition	MOD:00608	IAO:0000115	modification from Unimod Chemical derivative
ERROR	duplicate_definition	MOD:00609	IAO:0000115	modification from Unimod Chemical derivative
ERROR	duplicate_definition	MOD:00610	IAO:0000115	modification from Unimod Chemical derivative
ERROR	duplicate_definition	MOD:00613	IAO:0000115	modification from Unimod Chemical derivative
ERROR	duplicate_definition	MOD:00618	IAO:0000115	modification from Unimod Chemical derivative
ERROR	duplicate_definition	MOD:00620	IAO:0000115	modification from Unimod Chemical derivative
ERROR	duplicate_definition	MOD:00621	IAO:0000115	modification from Unimod Chemical derivative
ERROR	duplicate_definition	MOD:00622	IAO:0000115	modification from Unimod Chemical derivative
ERROR	duplicate_definition	MOD:00625	IAO:0000115	modification from Unimod Chemical derivative
ERROR	duplicate_definition	MOD:00626	IAO:0000115	modification from Unimod Chemical derivative
ERROR	duplicate_definition	MOD:00627	IAO:0000115	modification from Unimod Chemical derivative
ERROR	duplicate_definition	MOD:00629	IAO:0000115	modification from Unimod Chemical derivative
ERROR	duplicate_definition	MOD:00630	IAO:0000115	modification from Unimod Chemical derivative
ERROR	duplicate_definition	MOD:00631	IAO:0000115	modification from Unimod Chemical derivative
ERROR	duplicate_definition	MOD:00633	IAO:0000115	modification from Unimod Chemical derivative
ERROR	duplicate_definition	MOD:00634	IAO:0000115	modification from Unimod Chemical derivative
ERROR	duplicate_definition	MOD:00635	IAO:0000115	modification from Unimod Chemical derivative
ERROR	duplicate_definition	MOD:00639	IAO:0000115	modification from Unimod Chemical derivative
ERROR	duplicate_definition	MOD:00640	IAO:0000115	modification from Unimod Chemical derivative
ERROR	duplicate_definition	MOD:00922	IAO:0000115	modification from Unimod Chemical derivative
ERROR	duplicate_definition	MOD:00923	IAO:0000115	modification from Unimod Chemical derivative
ERROR	duplicate_definition	MOD:00928	IAO:0000115	modification from Unimod Chemical derivative
ERROR	duplicate_definition	MOD:00939	IAO:0000115	modification from Unimod Chemical derivative
ERROR	duplicate_definition	MOD:00941	IAO:0000115	modification from Unimod Chemical derivative
ERROR	duplicate_definition	MOD:01466	IAO:0000115	modification from Unimod Chemical derivative
ERROR	duplicate_definition	MOD:01467	IAO:0000115	modification from Unimod Chemical derivative
ERROR	duplicate_definition	MOD:00789	IAO:0000115	modification from Unimod - isotopic label ICPL method - The paper describes an H/D labeling strategy whereas the commercial product follows a C/13C labeling strategy. The digest is typically applied AFTER ICPL_light/heavy labeling, only Protein N-term labeling and Lys-specific labeling is applied.
ERROR	duplicate_definition	MOD:00790	IAO:0000115	modification from Unimod - isotopic label ICPL method - The paper describes an H/D labeling strategy whereas the commercial product follows a C/13C labeling strategy. The digest is typically applied AFTER ICPL_light/heavy labeling, only Protein N-term labeling and Lys-specific labeling is applied.
ERROR	duplicate_definition	MOD:00788	IAO:0000115	modification from Unimod
ERROR	duplicate_definition	MOD:00795	IAO:0000115	modification from Unimod
ERROR	duplicate_definition	MOD:00879	IAO:0000115	modification from Unimod
ERROR	duplicate_definition	MOD:01167	IAO:0000115	modification from Unimod
ERROR	duplicate_definition	MOD:01880	IAO:0000115	modification from RESID
ERROR	duplicate_definition	MOD:01898	IAO:0000115	modification from RESID
ERROR	duplicate_definition	MOD:01935	IAO:0000115	modification from RESID
ERROR	duplicate_definition	MOD:01955	IAO:0000115	modification from RESID
ERROR	duplicate_definition	MOD:01982	IAO:0000115	modification from RESID
ERROR	duplicate_definition	MOD:00956	IAO:0000115	modification from DeltaMass
ERROR	duplicate_definition	MOD:00958	IAO:0000115	modification from DeltaMass
ERROR	duplicate_definition	MOD:00959	IAO:0000115	modification from DeltaMass
ERROR	duplicate_definition	MOD:00964	IAO:0000115	modification from DeltaMass
ERROR	duplicate_definition	MOD:00970	IAO:0000115	modification from DeltaMass
ERROR	duplicate_definition	MOD:00973	IAO:0000115	modification from DeltaMass
ERROR	duplicate_definition	MOD:00974	IAO:0000115	modification from DeltaMass
ERROR	duplicate_definition	MOD:00975	IAO:0000115	modification from DeltaMass
ERROR	duplicate_definition	MOD:00977	IAO:0000115	modification from DeltaMass
ERROR	duplicate_definition	MOD:00978	IAO:0000115	modification from DeltaMass
ERROR	duplicate_definition	MOD:00979	IAO:0000115	modification from DeltaMass
ERROR	duplicate_definition	MOD:00981	IAO:0000115	modification from DeltaMass
ERROR	duplicate_definition	MOD:00983	IAO:0000115	modification from DeltaMass
ERROR	duplicate_definition	MOD:00984	IAO:0000115	modification from DeltaMass
ERROR	duplicate_definition	MOD:00986	IAO:0000115	modification from DeltaMass
ERROR	duplicate_definition	MOD:00990	IAO:0000115	modification from DeltaMass
ERROR	duplicate_definition	MOD:00991	IAO:0000115	modification from DeltaMass
ERROR	duplicate_definition	MOD:00992	IAO:0000115	modification from DeltaMass
ERROR	duplicate_definition	MOD:00993	IAO:0000115	modification from DeltaMass
ERROR	duplicate_definition	MOD:00994	IAO:0000115	modification from DeltaMass
ERROR	duplicate_definition	MOD:00996	IAO:0000115	modification from DeltaMass
ERROR	duplicate_definition	MOD:00997	IAO:0000115	modification from DeltaMass
ERROR	duplicate_definition	MOD:01002	IAO:0000115	modification from DeltaMass
ERROR	duplicate_definition	MOD:01003	IAO:0000115	modification from DeltaMass
ERROR	duplicate_definition	MOD:01004	IAO:0000115	modification from DeltaMass
ERROR	duplicate_definition	MOD:01005	IAO:0000115	modification from DeltaMass
ERROR	duplicate_definition	MOD:01009	IAO:0000115	modification from DeltaMass
ERROR	duplicate_definition	MOD:01011	IAO:0000115	modification from DeltaMass
ERROR	duplicate_definition	MOD:01013	IAO:0000115	modification from DeltaMass
ERROR	duplicate_definition	MOD:01014	IAO:0000115	modification from DeltaMass
ERROR	duplicate_definition	MOD:01016	IAO:0000115	modification from DeltaMass
ERROR	duplicate_definition	MOD:01018	IAO:0000115	modification from DeltaMass
ERROR	duplicate_definition	MOD:01019	IAO:0000115	modification from DeltaMass
ERROR	duplicate_definition	MOD:01020	IAO:0000115	modification from DeltaMass
ERROR	duplicate_definition	MOD:01021	IAO:0000115	modification from DeltaMass
ERROR	duplicate_definition	MOD:01027	IAO:0000115	modification from DeltaMass
ERROR	duplicate_definition	MOD:01030	IAO:0000115	modification from DeltaMass
ERROR	duplicate_definition	MOD:01031	IAO:0000115	modification from DeltaMass
ERROR	duplicate_definition	MOD:01035	IAO:0000115	modification from DeltaMass
ERROR	duplicate_definition	MOD:01050	IAO:0000115	modification from DeltaMass
ERROR	duplicate_definition	MOD:01051	IAO:0000115	modification from DeltaMass
ERROR	duplicate_definition	MOD:01052	IAO:0000115	modification from DeltaMass
ERROR	duplicate_definition	MOD:01053	IAO:0000115	modification from DeltaMass
ERROR	duplicate_definition	MOD:01054	IAO:0000115	modification from DeltaMass
ERROR	duplicate_definition	MOD:01055	IAO:0000115	modification from DeltaMass
ERROR	duplicate_definition	MOD:01056	IAO:0000115	modification from DeltaMass
ERROR	duplicate_definition	MOD:01057	IAO:0000115	modification from DeltaMass
ERROR	duplicate_definition	MOD:01058	IAO:0000115	modification from DeltaMass
ERROR	duplicate_definition	MOD:01059	IAO:0000115	modification from DeltaMass
ERROR	duplicate_definition	MOD:01064	IAO:0000115	modification from DeltaMass
ERROR	duplicate_definition	MOD:01067	IAO:0000115	modification from DeltaMass
ERROR	duplicate_definition	MOD:01077	IAO:0000115	modification from DeltaMass
ERROR	duplicate_definition	MOD:01081	IAO:0000115	modification from DeltaMass
ERROR	duplicate_definition	MOD:01086	IAO:0000115	modification from DeltaMass
ERROR	duplicate_definition	MOD:01089	IAO:0000115	modification from DeltaMass
ERROR	duplicate_definition	MOD:01092	IAO:0000115	modification from DeltaMass
ERROR	duplicate_definition	MOD:01093	IAO:0000115	modification from DeltaMass
ERROR	duplicate_definition	MOD:01100	IAO:0000115	modification from DeltaMass
ERROR	duplicate_definition	MOD:01104	IAO:0000115	modification from DeltaMass
ERROR	duplicate_definition	MOD:01105	IAO:0000115	modification from DeltaMass
ERROR	duplicate_definition	MOD:01109	IAO:0000115	modification from DeltaMass
ERROR	duplicate_definition	MOD:01112	IAO:0000115	modification from DeltaMass
ERROR	duplicate_definition	MOD:01113	IAO:0000115	modification from DeltaMass
ERROR	duplicate_definition	MOD:01114	IAO:0000115	modification from DeltaMass
ERROR	duplicate_definition	MOD:01117	IAO:0000115	modification from DeltaMass
ERROR	duplicate_definition	MOD:01121	IAO:0000115	modification from DeltaMass
ERROR	duplicate_definition	MOD:01124	IAO:0000115	modification from DeltaMass
ERROR	duplicate_definition	MOD:01128	IAO:0000115	modification from DeltaMass
ERROR	duplicate_definition	MOD:01130	IAO:0000115	modification from DeltaMass
ERROR	duplicate_definition	MOD:01134	IAO:0000115	modification from DeltaMass
ERROR	duplicate_definition	MOD:01135	IAO:0000115	modification from DeltaMass
ERROR	duplicate_definition	MOD:01147	IAO:0000115	modification from DeltaMass
ERROR	duplicate_definition	MOD:01666	IAO:0000115	A protein modification that is produced by formation of an adduct with epicocconone.
ERROR	duplicate_definition	MOD:01667	IAO:0000115	A protein modification that is produced by formation of an adduct with epicocconone.
ERROR	duplicate_definition	MOD:01428	IAO:0000115	A protein modification that forms an adduct with a (13)C labeled compound used as a reagent.
ERROR	duplicate_definition	MOD:01430	IAO:0000115	A protein modification that forms an adduct with a (13)C labeled compound used as a reagent.
ERROR	duplicate_definition	MOD:00394	IAO:0000115	A protein modification that effectively replaces one hydrogen atom with one acetyl group.
ERROR	duplicate_definition	MOD:02079	IAO:0000115	A protein modification that effectively replaces one hydrogen atom with one acetyl group.
ERROR	duplicate_definition	MOD:01706	IAO:0000115	A protein modification that effectively replaces a residue alpha-amino- or alpha-imino-hydrogen with an isotope tagged reagent acyl group.
ERROR	duplicate_definition	MOD:01708	IAO:0000115	A protein modification that effectively replaces a residue alpha-amino- or alpha-imino-hydrogen with an isotope tagged reagent acyl group.
ERROR	duplicate_definition	MOD:00670	IAO:0000115	A protein modification that effectively replaces a residue alpha-amino- or alpha-imino-hydrogen with an acyl group.
ERROR	duplicate_definition	MOD:01696	IAO:0000115	A protein modification that effectively replaces a residue alpha-amino- or alpha-imino-hydrogen with an acyl group.
ERROR	duplicate_definition	MOD:01518	IAO:0000115	A protein modification that effectively replaces a hydrogen atom of a residue with one of the Applied Biosystems iTRAQ4plex reagent reporter+balance groups.
ERROR	duplicate_definition	MOD:02028	IAO:0000115	A protein modification that effectively replaces a hydrogen atom of a residue with one of the Applied Biosystems iTRAQ4plex reagent reporter+balance groups.
ERROR	duplicate_definition	MOD:00647	IAO:0000115	A protein modification that effectively converts an L-serine residue to either N-acetyl-L-serine, O-acetyl-L-serine, or N,O-diacetyl-L-serine.
ERROR	duplicate_definition	MOD:02080	IAO:0000115	A protein modification that effectively converts an L-serine residue to either N-acetyl-L-serine, O-acetyl-L-serine, or N,O-diacetyl-L-serine.
ERROR	duplicate_definition	MOD:00085	IAO:0000115	A protein modification that effectively converts an L-lysine residue to N6-methyl-L-lysine.
ERROR	duplicate_definition	MOD:01670	IAO:0000115	A protein modification that effectively converts an L-lysine residue to N6-methyl-L-lysine.
ERROR	duplicate_definition	MOD:01299	IAO:0000115	A protein modification produced by formation of an adduct of an L-histidine residue with 4-hydroxynonenal artificially reduced by a reagent such as NaBH4.
ERROR	duplicate_definition	MOD:01300	IAO:0000115	A protein modification produced by formation of an adduct of an L-histidine residue with 4-hydroxynonenal artificially reduced by a reagent such as NaBH4.
ERROR	duplicate_label	MOD:00720	rdfs:label	L-methionine (R)-sulfoxide
ERROR	duplicate_label	MOD:01966	rdfs:label	L-methionine (R)-sulfoxide
ERROR	duplicate_label	MOD:00949	rdfs:label	desmosine
ERROR	duplicate_label	MOD:01933	rdfs:label	desmosine
ERROR	missing_ontology_description	http://purl.obolibrary.org/obo/mod.owl	dc:description	
ERROR	missing_ontology_license	http://purl.obolibrary.org/obo/mod.owl	dc:license	
ERROR	missing_ontology_title	http://purl.obolibrary.org/obo/mod.owl	dc:title	
ERROR	misused_replaced_by	MOD:00726	IAO:0100001	MOD:00433
WARN	annotation_whitespace	MOD:00578	obo:mod#Formula	C 
WARN	annotation_whitespace	MOD:01309	IAO:0000115	modification from Unimod Chemical derivative - 
WARN	duplicate_exact_synonym	MOD:01436	oboInOwl:hasExactSynonym	[(3S,8aS)-1,4-dioxooctahydropyrrolo[1,2-a]pyrazin-3-yl]methyl (2R)-2-amino-3-sulfanylpropanoate
WARN	duplicate_exact_synonym	MOD:01437	oboInOwl:hasExactSynonym	[(3S,8aS)-1,4-dioxooctahydropyrrolo[1,2-a]pyrazin-3-yl]methyl (2R)-2-amino-3-sulfanylpropanoate
WARN	duplicate_exact_synonym	MOD:01629	oboInOwl:hasExactSynonym	[(3S,8aS)-1,4-dioxooctahydropyrrolo[1,2-a]pyrazin-3-yl]methyl (2R)-2-amino-3-sulfanylpropanoate
WARN	duplicate_exact_synonym	MOD:00952	oboInOwl:hasExactSynonym	[(3S)-3-amino-2,5-dioxopyrrolidin-1-yl]acetic acid
WARN	duplicate_exact_synonym	MOD:01624	oboInOwl:hasExactSynonym	[(3S)-3-amino-2,5-dioxopyrrolidin-1-yl]acetic acid
WARN	duplicate_exact_synonym	MOD:01917	oboInOwl:hasExactSynonym	XLNK-4Asp-N6Lys(Asp)
WARN	duplicate_exact_synonym	MOD:01923	oboInOwl:hasExactSynonym	XLNK-4Asp-N6Lys(Asp)
WARN	duplicate_exact_synonym	MOD:01659	oboInOwl:hasExactSynonym	Uniblue A
WARN	duplicate_exact_synonym	MOD:01660	oboInOwl:hasExactSynonym	Uniblue A
WARN	duplicate_exact_synonym	MOD:01887	oboInOwl:hasExactSynonym	Uniblue A
WARN	duplicate_exact_synonym	MOD:01010	oboInOwl:hasExactSynonym	TFA
WARN	duplicate_exact_synonym	MOD:01896	oboInOwl:hasExactSynonym	TFA
WARN	duplicate_exact_synonym	MOD:01183	oboInOwl:hasExactSynonym	selenium cystine
WARN	duplicate_exact_synonym	MOD:01184	oboInOwl:hasExactSynonym	selenium cystine
WARN	duplicate_exact_synonym	MOD:00031	oboInOwl:hasExactSynonym	selenium cysteine
WARN	duplicate_exact_synonym	MOD:00686	oboInOwl:hasExactSynonym	selenium cysteine
WARN	duplicate_exact_synonym	MOD:00031	oboInOwl:hasExactSynonym	SeCys
WARN	duplicate_exact_synonym	MOD:00686	oboInOwl:hasExactSynonym	SeCys
WARN	duplicate_exact_synonym	MOD:00161	oboInOwl:hasExactSynonym	S-glycosyl-cysteine
WARN	duplicate_exact_synonym	MOD:00799	oboInOwl:hasExactSynonym	S-glycosyl-cysteine
WARN	duplicate_exact_synonym	MOD:00122	oboInOwl:hasExactSynonym	S-(tyros-3'-yl)cysteine
WARN	duplicate_exact_synonym	MOD:00803	oboInOwl:hasExactSynonym	S-(tyros-3'-yl)cysteine
WARN	duplicate_exact_synonym	MOD:00211	oboInOwl:hasExactSynonym	S-(glycyl)-L-cysteine
WARN	duplicate_exact_synonym	MOD:01777	oboInOwl:hasExactSynonym	S-(glycyl)-L-cysteine
WARN	duplicate_exact_synonym	MOD:01821	oboInOwl:hasExactSynonym	S-(2-{3-[2-(2,6-dimethylpiperidin-1-yl)acetamido]propanamido}ethyl)sulfanyl
WARN	duplicate_exact_synonym	MOD:01822	oboInOwl:hasExactSynonym	S-(2-{3-[2-(2,6-dimethylpiperidin-1-yl)acetamido]propanamido}ethyl)sulfanyl
WARN	duplicate_exact_synonym	MOD:01823	oboInOwl:hasExactSynonym	S-(2-{3-[2-(2,6-dimethylpiperidin-1-yl)acetamido]propanamido}ethyl)sulfanyl
WARN	duplicate_exact_synonym	MOD:01824	oboInOwl:hasExactSynonym	S-(2-{3-[2-(2,6-dimethylpiperidin-1-yl)acetamido]propanamido}ethyl)sulfanyl
WARN	duplicate_exact_synonym	MOD:01825	oboInOwl:hasExactSynonym	S-(2-{3-[2-(2,6-dimethylpiperidin-1-yl)acetamido]propanamido}ethyl)sulfanyl
WARN	duplicate_exact_synonym	MOD:01826	oboInOwl:hasExactSynonym	S-(2-{3-[2-(2,6-dimethylpiperidin-1-yl)acetamido]propanamido}ethyl)sulfanyl
WARN	duplicate_exact_synonym	MOD:01827	oboInOwl:hasExactSynonym	S-(2-{3-[2-(2,6-dimethylpiperidin-1-yl)acetamido]propanamido}ethyl)sulfanyl
WARN	duplicate_exact_synonym	MOD:01828	oboInOwl:hasExactSynonym	S-(2-{3-[2-(2,6-dimethylpiperidin-1-yl)acetamido]propanamido}ethyl)sulfanyl
WARN	duplicate_exact_synonym	MOD:00209	oboInOwl:hasExactSynonym	S-(2-aminovinyl)-D-cysteine
WARN	duplicate_exact_synonym	MOD:01849	oboInOwl:hasExactSynonym	S-(2-aminovinyl)-D-cysteine
WARN	duplicate_exact_synonym	MOD:01850	oboInOwl:hasExactSynonym	S-(2-aminovinyl)-D-cysteine
WARN	duplicate_exact_synonym	MOD:00211	oboInOwl:hasExactSynonym	S-(2-amino-1-oxoethyl)cysteine
WARN	duplicate_exact_synonym	MOD:01777	oboInOwl:hasExactSynonym	S-(2-amino-1-oxoethyl)cysteine
WARN	duplicate_exact_synonym	MOD:00270	oboInOwl:hasExactSynonym	S(O)Gly
WARN	duplicate_exact_synonym	MOD:01625	oboInOwl:hasExactSynonym	S(O)Gly
WARN	duplicate_exact_synonym	MOD:00191	oboInOwl:hasExactSynonym	red fluorescent protein chromophore
WARN	duplicate_exact_synonym	MOD:00197	oboInOwl:hasExactSynonym	red fluorescent protein chromophore
WARN	duplicate_exact_synonym	MOD:00136	oboInOwl:hasExactSynonym	pyruvic acid
WARN	duplicate_exact_synonym	MOD:00807	oboInOwl:hasExactSynonym	pyruvic acid
WARN	duplicate_exact_synonym	MOD:01154	oboInOwl:hasExactSynonym	pyruvic acid
WARN	duplicate_exact_synonym	MOD:01661	oboInOwl:hasExactSynonym	pyruvic acid
WARN	duplicate_exact_synonym	MOD:00040	oboInOwl:hasExactSynonym	pyroglutamic acid
WARN	duplicate_exact_synonym	MOD:00420	oboInOwl:hasExactSynonym	pyroglutamic acid
WARN	duplicate_exact_synonym	MOD:00424	oboInOwl:hasExactSynonym	Pyridylethyl Cystenyl
WARN	duplicate_exact_synonym	MOD:01438	oboInOwl:hasExactSynonym	Pyridylethyl Cystenyl
WARN	duplicate_exact_synonym	MOD:01439	oboInOwl:hasExactSynonym	Pyridylethyl Cystenyl
WARN	duplicate_exact_synonym	MOD:00265	oboInOwl:hasExactSynonym	PUB
WARN	duplicate_exact_synonym	MOD:01175	oboInOwl:hasExactSynonym	PUB
WARN	duplicate_exact_synonym	MOD:00371	oboInOwl:hasExactSynonym	photosystem II catalytic cluster
WARN	duplicate_exact_synonym	MOD:01955	oboInOwl:hasExactSynonym	photosystem II catalytic cluster
WARN	duplicate_exact_synonym	MOD:00190	oboInOwl:hasExactSynonym	phospholosst
WARN	duplicate_exact_synonym	MOD:01703	oboInOwl:hasExactSynonym	phospholosst
WARN	duplicate_exact_synonym	MOD:01225	oboInOwl:hasExactSynonym	phef
WARN	duplicate_exact_synonym	MOD:01227	oboInOwl:hasExactSynonym	phef
WARN	duplicate_exact_synonym	MOD:00141	oboInOwl:hasExactSynonym	PEB
WARN	duplicate_exact_synonym	MOD:00264	oboInOwl:hasExactSynonym	PEB
WARN	duplicate_exact_synonym	MOD:00040	oboInOwl:hasExactSynonym	PCA
WARN	duplicate_exact_synonym	MOD:00420	oboInOwl:hasExactSynonym	PCA
WARN	duplicate_exact_synonym	MOD:00191	oboInOwl:hasExactSynonym	para-hydroxybenzylidene-imidazolidinone chromophore
WARN	duplicate_exact_synonym	MOD:00192	oboInOwl:hasExactSynonym	para-hydroxybenzylidene-imidazolidinone chromophore
WARN	duplicate_exact_synonym	MOD:00195	oboInOwl:hasExactSynonym	para-hydroxybenzylidene-imidazolidinone chromophore
WARN	duplicate_exact_synonym	MOD:00196	oboInOwl:hasExactSynonym	para-hydroxybenzylidene-imidazolidinone chromophore
WARN	duplicate_exact_synonym	MOD:00197	oboInOwl:hasExactSynonym	para-hydroxybenzylidene-imidazolidinone chromophore
WARN	duplicate_exact_synonym	MOD:00370	oboInOwl:hasExactSynonym	para-hydroxybenzylidene-imidazolidinone chromophore
WARN	duplicate_exact_synonym	MOD:00383	oboInOwl:hasExactSynonym	para-hydroxybenzylidene-imidazolidinone chromophore
WARN	duplicate_exact_synonym	MOD:00384	oboInOwl:hasExactSynonym	para-hydroxybenzylidene-imidazolidinone chromophore
WARN	duplicate_exact_synonym	MOD:00385	oboInOwl:hasExactSynonym	para-hydroxybenzylidene-imidazolidinone chromophore
WARN	duplicate_exact_synonym	MOD:00386	oboInOwl:hasExactSynonym	para-hydroxybenzylidene-imidazolidinone chromophore
WARN	duplicate_exact_synonym	MOD:00387	oboInOwl:hasExactSynonym	para-hydroxybenzylidene-imidazolidinone chromophore
WARN	duplicate_exact_synonym	MOD:00820	oboInOwl:hasExactSynonym	para-hydroxybenzylidene-imidazolidinone chromophore
WARN	duplicate_exact_synonym	MOD:00419	oboInOwl:hasExactSynonym	Otc
WARN	duplicate_exact_synonym	MOD:01871	oboInOwl:hasExactSynonym	Otc
WARN	duplicate_exact_synonym	MOD:01872	oboInOwl:hasExactSynonym	Otc
WARN	duplicate_exact_synonym	MOD:01387	oboInOwl:hasExactSynonym	OMeThr
WARN	duplicate_exact_synonym	MOD:01803	oboInOwl:hasExactSynonym	OMeThr
WARN	duplicate_exact_synonym	MOD:00332	oboInOwl:hasExactSynonym	omega-N-glycosyl-L-arginine
WARN	duplicate_exact_synonym	MOD:01980	oboInOwl:hasExactSynonym	omega-N-glycosyl-L-arginine
WARN	duplicate_exact_synonym	MOD:00332	oboInOwl:hasExactSynonym	omega-N-glucosyl-L-arginine
WARN	duplicate_exact_synonym	MOD:01980	oboInOwl:hasExactSynonym	omega-N-glucosyl-L-arginine
WARN	duplicate_exact_synonym	MOD:00332	oboInOwl:hasExactSynonym	omega-N-(beta-D-glucosyl)-L-arginine
WARN	duplicate_exact_synonym	MOD:01980	oboInOwl:hasExactSynonym	omega-N-(beta-D-glucosyl)-L-arginine
WARN	duplicate_exact_synonym	MOD:00081	oboInOwl:hasExactSynonym	O5MeGlu
WARN	duplicate_exact_synonym	MOD:01453	oboInOwl:hasExactSynonym	O5MeGlu
WARN	duplicate_exact_synonym	MOD:00217	oboInOwl:hasExactSynonym	O4-glycosyl-hydroxyproline
WARN	duplicate_exact_synonym	MOD:00757	oboInOwl:hasExactSynonym	O4-glycosyl-hydroxyproline
WARN	duplicate_exact_synonym	MOD:00758	oboInOwl:hasExactSynonym	O4-glycosyl-hydroxyproline
WARN	duplicate_exact_synonym	MOD:01677	oboInOwl:hasExactSynonym	O4-glycosyl-hydroxyproline
WARN	duplicate_exact_synonym	MOD:00166	oboInOwl:hasExactSynonym	O4'-glycosyl-L-tyrosine
WARN	duplicate_exact_synonym	MOD:01916	oboInOwl:hasExactSynonym	O4'-glycosyl-L-tyrosine
WARN	duplicate_exact_synonym	MOD:01785	oboInOwl:hasExactSynonym	O3-(isoglutamyl)threonine
WARN	duplicate_exact_synonym	MOD:01952	oboInOwl:hasExactSynonym	O3-(isoglutamyl)threonine
WARN	duplicate_exact_synonym	MOD:01979	oboInOwl:hasExactSynonym	O3-(isoglutamyl)threonine
WARN	duplicate_exact_synonym	MOD:00953	oboInOwl:hasExactSynonym	O3-(isoglutamyl)-serine
WARN	duplicate_exact_synonym	MOD:01951	oboInOwl:hasExactSynonym	O3-(isoglutamyl)-serine
WARN	duplicate_exact_synonym	MOD:01977	oboInOwl:hasExactSynonym	O3-(isoglutamyl)-serine
WARN	duplicate_exact_synonym	MOD:01671	oboInOwl:hasExactSynonym	O3-(isoaspartyl)-threonine
WARN	duplicate_exact_synonym	MOD:01947	oboInOwl:hasExactSynonym	O3-(isoaspartyl)-threonine
WARN	duplicate_exact_synonym	MOD:01978	oboInOwl:hasExactSynonym	O3-(isoaspartyl)-threonine
WARN	duplicate_exact_synonym	MOD:00081	oboInOwl:hasExactSynonym	O-methyl Glutamyl
WARN	duplicate_exact_synonym	MOD:01453	oboInOwl:hasExactSynonym	O-methyl Glutamyl
WARN	duplicate_exact_synonym	MOD:00806	oboInOwl:hasExactSynonym	O-glycosylthreonine
WARN	duplicate_exact_synonym	MOD:00809	oboInOwl:hasExactSynonym	O-glycosylthreonine
WARN	duplicate_exact_synonym	MOD:00811	oboInOwl:hasExactSynonym	O-glycosylthreonine
WARN	duplicate_exact_synonym	MOD:00813	oboInOwl:hasExactSynonym	O-glycosylthreonine
WARN	duplicate_exact_synonym	MOD:01676	oboInOwl:hasExactSynonym	O-glycosylthreonine
WARN	duplicate_exact_synonym	MOD:00804	oboInOwl:hasExactSynonym	O-glycosylserine
WARN	duplicate_exact_synonym	MOD:00805	oboInOwl:hasExactSynonym	O-glycosylserine
WARN	duplicate_exact_synonym	MOD:00808	oboInOwl:hasExactSynonym	O-glycosylserine
WARN	duplicate_exact_synonym	MOD:00810	oboInOwl:hasExactSynonym	O-glycosylserine
WARN	duplicate_exact_synonym	MOD:00812	oboInOwl:hasExactSynonym	O-glycosylserine
WARN	duplicate_exact_synonym	MOD:00814	oboInOwl:hasExactSynonym	O-glycosylserine
WARN	duplicate_exact_synonym	MOD:01675	oboInOwl:hasExactSynonym	O-glycosylserine
WARN	duplicate_exact_synonym	MOD:01785	oboInOwl:hasExactSynonym	O-(L-isoglutamyl)-L-threonine
WARN	duplicate_exact_synonym	MOD:01952	oboInOwl:hasExactSynonym	O-(L-isoglutamyl)-L-threonine
WARN	duplicate_exact_synonym	MOD:01979	oboInOwl:hasExactSynonym	O-(L-isoglutamyl)-L-threonine
WARN	duplicate_exact_synonym	MOD:00953	oboInOwl:hasExactSynonym	O-(L-isoglutamyl)-L-serine
WARN	duplicate_exact_synonym	MOD:01951	oboInOwl:hasExactSynonym	O-(L-isoglutamyl)-L-serine
WARN	duplicate_exact_synonym	MOD:01977	oboInOwl:hasExactSynonym	O-(L-isoglutamyl)-L-serine
WARN	duplicate_exact_synonym	MOD:01671	oboInOwl:hasExactSynonym	O-(L-isoaspartyl)-L-threonine
WARN	duplicate_exact_synonym	MOD:01947	oboInOwl:hasExactSynonym	O-(L-isoaspartyl)-L-threonine
WARN	duplicate_exact_synonym	MOD:01978	oboInOwl:hasExactSynonym	O-(L-isoaspartyl)-L-threonine
WARN	duplicate_exact_synonym	MOD:01785	oboInOwl:hasExactSynonym	O(beta)-(gamma-glutamyl)threonine
WARN	duplicate_exact_synonym	MOD:01952	oboInOwl:hasExactSynonym	O(beta)-(gamma-glutamyl)threonine
WARN	duplicate_exact_synonym	MOD:01979	oboInOwl:hasExactSynonym	O(beta)-(gamma-glutamyl)threonine
WARN	duplicate_exact_synonym	MOD:00953	oboInOwl:hasExactSynonym	O(beta)-(gamma-glutamyl)serine
WARN	duplicate_exact_synonym	MOD:01951	oboInOwl:hasExactSynonym	O(beta)-(gamma-glutamyl)serine
WARN	duplicate_exact_synonym	MOD:01977	oboInOwl:hasExactSynonym	O(beta)-(gamma-glutamyl)serine
WARN	duplicate_exact_synonym	MOD:01671	oboInOwl:hasExactSynonym	O(beta)-(beta-aspartyl)threonine
WARN	duplicate_exact_synonym	MOD:01947	oboInOwl:hasExactSynonym	O(beta)-(beta-aspartyl)threonine
WARN	duplicate_exact_synonym	MOD:01978	oboInOwl:hasExactSynonym	O(beta)-(beta-aspartyl)threonine
WARN	duplicate_exact_synonym	MOD:00044	oboInOwl:hasExactSynonym	Ntau-phosphorylated L-histidine
WARN	duplicate_exact_synonym	MOD:01797	oboInOwl:hasExactSynonym	Ntau-phosphorylated L-histidine
WARN	duplicate_exact_synonym	MOD:00045	oboInOwl:hasExactSynonym	Npi-phosphorylated L-histidine
WARN	duplicate_exact_synonym	MOD:01798	oboInOwl:hasExactSynonym	Npi-phosphorylated L-histidine
WARN	duplicate_exact_synonym	MOD:00031	oboInOwl:hasExactSynonym	NON_STD Selenocysteine
WARN	duplicate_exact_synonym	MOD:00686	oboInOwl:hasExactSynonym	NON_STD Selenocysteine
WARN	duplicate_exact_synonym	MOD:00326	oboInOwl:hasExactSynonym	NON_STD Pyrrolysine
WARN	duplicate_exact_synonym	MOD:01187	oboInOwl:hasExactSynonym	NON_STD Pyrrolysine
WARN	duplicate_exact_synonym	MOD:00297	oboInOwl:hasExactSynonym	Ni-3Fe-2S-3O cluster
WARN	duplicate_exact_synonym	MOD:00298	oboInOwl:hasExactSynonym	Ni-3Fe-2S-3O cluster
WARN	duplicate_exact_synonym	MOD:00332	oboInOwl:hasExactSynonym	NG-beta-D-glucosylarginine
WARN	duplicate_exact_synonym	MOD:01980	oboInOwl:hasExactSynonym	NG-beta-D-glucosylarginine
WARN	duplicate_exact_synonym	MOD:00326	oboInOwl:hasExactSynonym	N6-([(2R,3R)-3-methyl-3,4-dihydro-2H-pyrrol-2-yl]carbonyl)-L-lysine
WARN	duplicate_exact_synonym	MOD:01187	oboInOwl:hasExactSynonym	N6-([(2R,3R)-3-methyl-3,4-dihydro-2H-pyrrol-2-yl]carbonyl)-L-lysine
WARN	duplicate_exact_synonym	MOD:00133	oboInOwl:hasExactSynonym	N6-(L-isoglutamyl)-L-lysine
WARN	duplicate_exact_synonym	MOD:01484	oboInOwl:hasExactSynonym	N6-(L-isoglutamyl)-L-lysine
WARN	duplicate_exact_synonym	MOD:01630	oboInOwl:hasExactSynonym	N6-(L-isoglutamyl)-L-lysine
WARN	duplicate_exact_synonym	MOD:00299	oboInOwl:hasExactSynonym	N6-(L-isoaspartyl)-L-lysine
WARN	duplicate_exact_synonym	MOD:01917	oboInOwl:hasExactSynonym	N6-(L-isoaspartyl)-L-lysine
WARN	duplicate_exact_synonym	MOD:01929	oboInOwl:hasExactSynonym	N6-(L-isoaspartyl)-L-lysine
WARN	duplicate_exact_synonym	MOD:00326	oboInOwl:hasExactSynonym	N6-(4-methyl-delta-1-pyrroline-5-carboxyl)-L-lysine
WARN	duplicate_exact_synonym	MOD:01187	oboInOwl:hasExactSynonym	N6-(4-methyl-delta-1-pyrroline-5-carboxyl)-L-lysine
WARN	duplicate_exact_synonym	MOD:00326	oboInOwl:hasExactSynonym	N6-(4-methyl-1,2-didehydropyrrolidine-5-carboxyl)-L-lysine
WARN	duplicate_exact_synonym	MOD:01187	oboInOwl:hasExactSynonym	N6-(4-methyl-1,2-didehydropyrrolidine-5-carboxyl)-L-lysine
WARN	duplicate_exact_synonym	MOD:00132	oboInOwl:hasExactSynonym	N6-(2-amino-2-carboxyethyl)-L-lysine
WARN	duplicate_exact_synonym	MOD:01838	oboInOwl:hasExactSynonym	N6-(2-amino-2-carboxyethyl)-L-lysine
WARN	duplicate_exact_synonym	MOD:00077	oboInOwl:hasExactSynonym	N5-[(dimethylamino)(imino)methyl]ornithine
WARN	duplicate_exact_synonym	MOD:01669	oboInOwl:hasExactSynonym	N5-[(dimethylamino)(imino)methyl]ornithine
WARN	duplicate_exact_synonym	MOD:00832	oboInOwl:hasExactSynonym	N4-glycosylasparagine
WARN	duplicate_exact_synonym	MOD:00833	oboInOwl:hasExactSynonym	N4-glycosylasparagine
WARN	duplicate_exact_synonym	MOD:01674	oboInOwl:hasExactSynonym	N4-glycosylasparagine
WARN	duplicate_exact_synonym	MOD:00832	oboInOwl:hasExactSynonym	N4-glycosyl-L-asparagine
WARN	duplicate_exact_synonym	MOD:00833	oboInOwl:hasExactSynonym	N4-glycosyl-L-asparagine
WARN	duplicate_exact_synonym	MOD:01674	oboInOwl:hasExactSynonym	N4-glycosyl-L-asparagine
WARN	duplicate_exact_synonym	MOD:00135	oboInOwl:hasExactSynonym	N4-(carboxymethyl)-asparagine
WARN	duplicate_exact_synonym	MOD:01805	oboInOwl:hasExactSynonym	N4-(carboxymethyl)-asparagine
WARN	duplicate_exact_synonym	MOD:01928	oboInOwl:hasExactSynonym	N4-(carboxymethyl)-asparagine
WARN	duplicate_exact_synonym	MOD:00857	oboInOwl:hasExactSynonym	N2Me3Ala
WARN	duplicate_exact_synonym	MOD:01802	oboInOwl:hasExactSynonym	N2Me3Ala
WARN	duplicate_exact_synonym	MOD:01890	oboInOwl:hasExactSynonym	N-[(L-histidin-1'-yl)methyl]-L-methionine
WARN	duplicate_exact_synonym	MOD:01891	oboInOwl:hasExactSynonym	N-[(L-histidin-1'-yl)methyl]-L-methionine
WARN	duplicate_exact_synonym	MOD:01446	oboInOwl:hasExactSynonym	N-orthoformylmethionine
WARN	duplicate_exact_synonym	MOD:01447	oboInOwl:hasExactSynonym	N-orthoformylmethionine
WARN	duplicate_exact_synonym	MOD:00030	oboInOwl:hasExactSynonym	N-formylated L-methionine
WARN	duplicate_exact_synonym	MOD:00482	oboInOwl:hasExactSynonym	N-formylated L-methionine
WARN	duplicate_exact_synonym	MOD:01446	oboInOwl:hasExactSynonym	N-formyl-L-methionine hydrate
WARN	duplicate_exact_synonym	MOD:01447	oboInOwl:hasExactSynonym	N-formyl-L-methionine hydrate
WARN	duplicate_exact_synonym	MOD:00030	oboInOwl:hasExactSynonym	N-formyl-L-methionine
WARN	duplicate_exact_synonym	MOD:00482	oboInOwl:hasExactSynonym	N-formyl-L-methionine
WARN	duplicate_exact_synonym	MOD:00132	oboInOwl:hasExactSynonym	N-epsilon-(2-amino-2-carboxyethyl)-L-lysine
WARN	duplicate_exact_synonym	MOD:01838	oboInOwl:hasExactSynonym	N-epsilon-(2-amino-2-carboxyethyl)-L-lysine
WARN	duplicate_exact_synonym	MOD:00368	oboInOwl:hasExactSynonym	N-carboxymethionine
WARN	duplicate_exact_synonym	MOD:01873	oboInOwl:hasExactSynonym	N-carboxymethionine
WARN	duplicate_exact_synonym	MOD:01874	oboInOwl:hasExactSynonym	N-carboxymethionine
WARN	duplicate_exact_synonym	MOD:00135	oboInOwl:hasExactSynonym	N-beta-aspartylglycine
WARN	duplicate_exact_synonym	MOD:01805	oboInOwl:hasExactSynonym	N-beta-aspartylglycine
WARN	duplicate_exact_synonym	MOD:01928	oboInOwl:hasExactSynonym	N-beta-aspartylglycine
WARN	duplicate_exact_synonym	MOD:00135	oboInOwl:hasExactSynonym	N-(L-isoaspartyl)-glycine
WARN	duplicate_exact_synonym	MOD:01805	oboInOwl:hasExactSynonym	N-(L-isoaspartyl)-glycine
WARN	duplicate_exact_synonym	MOD:01928	oboInOwl:hasExactSynonym	N-(L-isoaspartyl)-glycine
WARN	duplicate_exact_synonym	MOD:01446	oboInOwl:hasExactSynonym	N-(dihydroxymethyl)-L-methionine
WARN	duplicate_exact_synonym	MOD:01447	oboInOwl:hasExactSynonym	N-(dihydroxymethyl)-L-methionine
WARN	duplicate_exact_synonym	MOD:00299	oboInOwl:hasExactSynonym	N-(beta-Aspartyl)-Lysine (Crosslink)
WARN	duplicate_exact_synonym	MOD:01929	oboInOwl:hasExactSynonym	N-(beta-Aspartyl)-Lysine (Crosslink)
WARN	duplicate_exact_synonym	MOD:00952	oboInOwl:hasExactSynonym	N-(2-aminosuccinyl)glycine
WARN	duplicate_exact_synonym	MOD:01624	oboInOwl:hasExactSynonym	N-(2-aminosuccinyl)glycine
WARN	duplicate_exact_synonym	MOD:00133	oboInOwl:hasExactSynonym	N(epsilon)-(gamma-glutamyl)lysine
WARN	duplicate_exact_synonym	MOD:01484	oboInOwl:hasExactSynonym	N(epsilon)-(gamma-glutamyl)lysine
WARN	duplicate_exact_synonym	MOD:01630	oboInOwl:hasExactSynonym	N(epsilon)-(gamma-glutamyl)lysine
WARN	duplicate_exact_synonym	MOD:00299	oboInOwl:hasExactSynonym	N(epsilon)-(beta-aspartyl)lysine
WARN	duplicate_exact_synonym	MOD:01917	oboInOwl:hasExactSynonym	N(epsilon)-(beta-aspartyl)lysine
WARN	duplicate_exact_synonym	MOD:01929	oboInOwl:hasExactSynonym	N(epsilon)-(beta-aspartyl)lysine
WARN	duplicate_exact_synonym	MOD:00133	oboInOwl:hasExactSynonym	N alpha -(gamma-Glutamyl)-lysine
WARN	duplicate_exact_synonym	MOD:01484	oboInOwl:hasExactSynonym	N alpha -(gamma-Glutamyl)-lysine
WARN	duplicate_exact_synonym	MOD:01630	oboInOwl:hasExactSynonym	N alpha -(gamma-Glutamyl)-lysine
WARN	duplicate_exact_synonym	MOD:00326	oboInOwl:hasExactSynonym	monomethylamine methyltransferase cofactor lysine adduct
WARN	duplicate_exact_synonym	MOD:01187	oboInOwl:hasExactSynonym	monomethylamine methyltransferase cofactor lysine adduct
WARN	duplicate_exact_synonym	MOD:00807	oboInOwl:hasExactSynonym	MOD_RES Pyruvic acid (Ser)
WARN	duplicate_exact_synonym	MOD:01154	oboInOwl:hasExactSynonym	MOD_RES Pyruvic acid (Ser)
WARN	duplicate_exact_synonym	MOD:00136	oboInOwl:hasExactSynonym	MOD_RES Pyruvic acid (Cys)
WARN	duplicate_exact_synonym	MOD:01154	oboInOwl:hasExactSynonym	MOD_RES Pyruvic acid (Cys)
WARN	duplicate_exact_synonym	MOD:00076	oboInOwl:hasExactSynonym	MOD_RES Omega-N-methylated arginine
WARN	duplicate_exact_synonym	MOD:00077	oboInOwl:hasExactSynonym	MOD_RES Omega-N-methylated arginine
WARN	duplicate_exact_synonym	MOD:00078	oboInOwl:hasExactSynonym	MOD_RES Omega-N-methylated arginine
WARN	duplicate_exact_synonym	MOD:00030	oboInOwl:hasExactSynonym	MOD_RES N-formylmethionine
WARN	duplicate_exact_synonym	MOD:00482	oboInOwl:hasExactSynonym	MOD_RES N-formylmethionine
WARN	duplicate_exact_synonym	MOD:00858	oboInOwl:hasExactSynonym	MOD_RES D-alanine (Ser)
WARN	duplicate_exact_synonym	MOD:00862	oboInOwl:hasExactSynonym	MOD_RES D-alanine (Ser)
WARN	duplicate_exact_synonym	MOD:00198	oboInOwl:hasExactSynonym	MOD_RES D-alanine (Ala)
WARN	duplicate_exact_synonym	MOD:00862	oboInOwl:hasExactSynonym	MOD_RES D-alanine (Ala)
WARN	duplicate_exact_synonym	MOD:01777	oboInOwl:hasExactSynonym	MOD_RES CysO-cysteine adduct
WARN	duplicate_exact_synonym	MOD:01778	oboInOwl:hasExactSynonym	MOD_RES CysO-cysteine adduct
WARN	duplicate_exact_synonym	MOD:01436	oboInOwl:hasExactSynonym	MOD_RES Cyclo[(prolylserin)-O-yl] cysteinate
WARN	duplicate_exact_synonym	MOD:01437	oboInOwl:hasExactSynonym	MOD_RES Cyclo[(prolylserin)-O-yl] cysteinate
WARN	duplicate_exact_synonym	MOD:01629	oboInOwl:hasExactSynonym	MOD_RES Cyclo[(prolylserin)-O-yl] cysteinate
WARN	duplicate_exact_synonym	MOD:01396	oboInOwl:hasExactSynonym	MOD_RES 5-hydroxy-3-methylproline (Ile)
WARN	duplicate_exact_synonym	MOD:01897	oboInOwl:hasExactSynonym	MOD_RES 5-hydroxy-3-methylproline (Ile)
WARN	duplicate_exact_synonym	MOD:01905	oboInOwl:hasExactSynonym	MOD_RES 5-hydroxy-3-methylproline (Ile)
WARN	duplicate_exact_synonym	MOD:00835	oboInOwl:hasExactSynonym	MOD_RES 3-oxoalanine (Ser)
WARN	duplicate_exact_synonym	MOD:01169	oboInOwl:hasExactSynonym	MOD_RES 3-oxoalanine (Ser)
WARN	duplicate_exact_synonym	MOD:00193	oboInOwl:hasExactSynonym	MOD_RES 3-oxoalanine (Cys)
WARN	duplicate_exact_synonym	MOD:01169	oboInOwl:hasExactSynonym	MOD_RES 3-oxoalanine (Cys)
WARN	duplicate_exact_synonym	MOD:00189	oboInOwl:hasExactSynonym	MOD_RES 2,3-didehydroalanine (Ser)
WARN	duplicate_exact_synonym	MOD:01168	oboInOwl:hasExactSynonym	MOD_RES 2,3-didehydroalanine (Ser)
WARN	duplicate_exact_synonym	MOD:00793	oboInOwl:hasExactSynonym	MOD_RES 2,3-didehydroalanine (Cys)
WARN	duplicate_exact_synonym	MOD:01168	oboInOwl:hasExactSynonym	MOD_RES 2,3-didehydroalanine (Cys)
WARN	duplicate_exact_synonym	MOD:00270	oboInOwl:hasExactSynonym	MOD_RES 1-thioglycine
WARN	duplicate_exact_synonym	MOD:01625	oboInOwl:hasExactSynonym	MOD_RES 1-thioglycine
WARN	duplicate_exact_synonym	MOD:00724	oboInOwl:hasExactSynonym	methylh
WARN	duplicate_exact_synonym	MOD:02038	oboInOwl:hasExactSynonym	methylh
WARN	duplicate_exact_synonym	MOD:00190	oboInOwl:hasExactSynonym	methyl-dehydroalanine
WARN	duplicate_exact_synonym	MOD:01470	oboInOwl:hasExactSynonym	methyl-dehydroalanine
WARN	duplicate_exact_synonym	MOD:01471	oboInOwl:hasExactSynonym	methyl-dehydroalanine
WARN	duplicate_exact_synonym	MOD:00290	oboInOwl:hasExactSynonym	METAL Iron-sulfur (4Fe-4S); via pros nitrogen
WARN	duplicate_exact_synonym	MOD:00294	oboInOwl:hasExactSynonym	METAL Iron-sulfur (4Fe-4S); via pros nitrogen
WARN	duplicate_exact_synonym	MOD:00149	oboInOwl:hasExactSynonym	METAL Iron-sulfur (4Fe-4S)
WARN	duplicate_exact_synonym	MOD:00289	oboInOwl:hasExactSynonym	METAL Iron-sulfur (4Fe-4S)
WARN	duplicate_exact_synonym	MOD:00290	oboInOwl:hasExactSynonym	METAL Iron-sulfur (4Fe-4S)
WARN	duplicate_exact_synonym	MOD:00291	oboInOwl:hasExactSynonym	METAL Iron-sulfur (4Fe-4S)
WARN	duplicate_exact_synonym	MOD:00294	oboInOwl:hasExactSynonym	METAL Iron-sulfur (4Fe-4S)
WARN	duplicate_exact_synonym	MOD:01960	oboInOwl:hasExactSynonym	METAL Iron-sulfur (4Fe-4S)
WARN	duplicate_exact_synonym	MOD:00230	oboInOwl:hasExactSynonym	METAL Iron-sulfur (2Fe-2S); via pros nitrogen
WARN	duplicate_exact_synonym	MOD:00864	oboInOwl:hasExactSynonym	METAL Iron-sulfur (2Fe-2S); via pros nitrogen
WARN	duplicate_exact_synonym	MOD:00146	oboInOwl:hasExactSynonym	METAL Iron-sulfur (2Fe-2S)
WARN	duplicate_exact_synonym	MOD:00230	oboInOwl:hasExactSynonym	METAL Iron-sulfur (2Fe-2S)
WARN	duplicate_exact_synonym	MOD:00336	oboInOwl:hasExactSynonym	METAL Iron-sulfur (2Fe-2S)
WARN	duplicate_exact_synonym	MOD:00362	oboInOwl:hasExactSynonym	METAL Iron-sulfur (2Fe-2S)
WARN	duplicate_exact_synonym	MOD:00864	oboInOwl:hasExactSynonym	METAL Iron-sulfur (2Fe-2S)
WARN	duplicate_exact_synonym	MOD:00662	oboInOwl:hasExactSynonym	MeLeu
WARN	duplicate_exact_synonym	MOD:01808	oboInOwl:hasExactSynonym	MeLeu
WARN	duplicate_exact_synonym	MOD:00132	oboInOwl:hasExactSynonym	Lysinoalanine (from Cysteine)
WARN	duplicate_exact_synonym	MOD:01852	oboInOwl:hasExactSynonym	Lysinoalanine (from Cysteine)
WARN	duplicate_exact_synonym	MOD:01666	oboInOwl:hasExactSynonym	Lightning Fast
WARN	duplicate_exact_synonym	MOD:01667	oboInOwl:hasExactSynonym	Lightning Fast
WARN	duplicate_exact_synonym	MOD:01666	oboInOwl:hasExactSynonym	LavaPurple
WARN	duplicate_exact_synonym	MOD:01667	oboInOwl:hasExactSynonym	LavaPurple
WARN	duplicate_exact_synonym	MOD:00132	oboInOwl:hasExactSynonym	LAL
WARN	duplicate_exact_synonym	MOD:01838	oboInOwl:hasExactSynonym	LAL
WARN	duplicate_exact_synonym	MOD:00028	oboInOwl:hasExactSynonym	L-tyrosine
WARN	duplicate_exact_synonym	MOD:02104	oboInOwl:hasExactSynonym	L-Tyrosine
WARN	duplicate_exact_synonym	MOD:02104	oboInOwl:hasExactSynonym	L-tyrosine
WARN	duplicate_exact_synonym	MOD:01183	oboInOwl:hasExactSynonym	L-selenocystine
WARN	duplicate_exact_synonym	MOD:01184	oboInOwl:hasExactSynonym	L-selenocystine
WARN	duplicate_exact_synonym	MOD:00031	oboInOwl:hasExactSynonym	L-selenocysteine
WARN	duplicate_exact_synonym	MOD:00686	oboInOwl:hasExactSynonym	L-selenocysteine
WARN	duplicate_exact_synonym	MOD:00326	oboInOwl:hasExactSynonym	L-pyrrolysine
WARN	duplicate_exact_synonym	MOD:01187	oboInOwl:hasExactSynonym	L-pyrrolysine
WARN	duplicate_exact_synonym	MOD:00719	oboInOwl:hasExactSynonym	L-methionine (R)-sulfoxide
WARN	duplicate_exact_synonym	MOD:00720	oboInOwl:hasExactSynonym	L-methionine (R)-sulfoxide
WARN	duplicate_exact_synonym	MOD:00719	oboInOwl:hasExactSynonym	L-methionine (R)-S-oxide
WARN	duplicate_exact_synonym	MOD:00720	oboInOwl:hasExactSynonym	L-methionine (R)-S-oxide
WARN	duplicate_exact_synonym	MOD:00132	oboInOwl:hasExactSynonym	L-lysinoalanine
WARN	duplicate_exact_synonym	MOD:01838	oboInOwl:hasExactSynonym	L-lysinoalanine
WARN	duplicate_exact_synonym	MOD:00119	oboInOwl:hasExactSynonym	L-lanthionine
WARN	duplicate_exact_synonym	MOD:01837	oboInOwl:hasExactSynonym	L-lanthionine
WARN	duplicate_exact_synonym	MOD:00081	oboInOwl:hasExactSynonym	L-glutamic acid 5-methyl ester
WARN	duplicate_exact_synonym	MOD:00657	oboInOwl:hasExactSynonym	L-glutamic acid 5-methyl ester
WARN	duplicate_exact_synonym	MOD:01453	oboInOwl:hasExactSynonym	L-glutamic acid 5-methyl ester
WARN	duplicate_exact_synonym	MOD:00015	oboInOwl:hasExactSynonym	L-glutamic acid
WARN	duplicate_exact_synonym	MOD:00685	oboInOwl:hasExactSynonym	L-glutamic acid
WARN	duplicate_exact_synonym	MOD:01906	oboInOwl:hasExactSynonym	L-dehydromethionine
WARN	duplicate_exact_synonym	MOD:01907	oboInOwl:hasExactSynonym	L-dehydromethionine
WARN	duplicate_exact_synonym	MOD:00034	oboInOwl:hasExactSynonym	L-cystine
WARN	duplicate_exact_synonym	MOD:00765	oboInOwl:hasExactSynonym	L-cystine
WARN	duplicate_exact_synonym	MOD:01626	oboInOwl:hasExactSynonym	L-cystine
WARN	duplicate_exact_synonym	MOD:00363	oboInOwl:hasExactSynonym	L-cysteinyl-L-selenocysteine
WARN	duplicate_exact_synonym	MOD:00867	oboInOwl:hasExactSynonym	L-cysteinyl-L-selenocysteine
WARN	duplicate_exact_synonym	MOD:00013	oboInOwl:hasExactSynonym	L-aspartic acid
WARN	duplicate_exact_synonym	MOD:00684	oboInOwl:hasExactSynonym	L-aspartic acid
WARN	duplicate_exact_synonym	MOD:00012	oboInOwl:hasExactSynonym	L-asparagine
WARN	duplicate_exact_synonym	MOD:01185	oboInOwl:hasExactSynonym	L-asparagine
WARN	duplicate_exact_synonym	MOD:00193	oboInOwl:hasExactSynonym	L-aminomalonaldehydic acid
WARN	duplicate_exact_synonym	MOD:00835	oboInOwl:hasExactSynonym	L-aminomalonaldehydic acid
WARN	duplicate_exact_synonym	MOD:01169	oboInOwl:hasExactSynonym	L-aminomalonaldehydic acid
WARN	duplicate_exact_synonym	MOD:00193	oboInOwl:hasExactSynonym	L-amino-malonic acid semialdehyde
WARN	duplicate_exact_synonym	MOD:00835	oboInOwl:hasExactSynonym	L-amino-malonic acid semialdehyde
WARN	duplicate_exact_synonym	MOD:01169	oboInOwl:hasExactSynonym	L-amino-malonic acid semialdehyde
WARN	duplicate_exact_synonym	MOD:00010	oboInOwl:hasExactSynonym	L-alanine
WARN	duplicate_exact_synonym	MOD:00869	oboInOwl:hasExactSynonym	L-alanine
WARN	duplicate_exact_synonym	MOD:00193	oboInOwl:hasExactSynonym	L-3-oxoalanine
WARN	duplicate_exact_synonym	MOD:00835	oboInOwl:hasExactSynonym	L-3-oxoalanine
WARN	duplicate_exact_synonym	MOD:01169	oboInOwl:hasExactSynonym	L-3-oxoalanine
WARN	duplicate_exact_synonym	MOD:00299	oboInOwl:hasExactSynonym	isoaspartyl N6-lysine
WARN	duplicate_exact_synonym	MOD:01917	oboInOwl:hasExactSynonym	isoaspartyl N6-lysine
WARN	duplicate_exact_synonym	MOD:01929	oboInOwl:hasExactSynonym	isoaspartyl N6-lysine
WARN	duplicate_exact_synonym	MOD:00135	oboInOwl:hasExactSynonym	isoaspartyl glycine
WARN	duplicate_exact_synonym	MOD:01805	oboInOwl:hasExactSynonym	isoaspartyl glycine
WARN	duplicate_exact_synonym	MOD:01928	oboInOwl:hasExactSynonym	isoaspartyl glycine
WARN	duplicate_exact_synonym	MOD:00036	oboInOwl:hasExactSynonym	hydroxylationd
WARN	duplicate_exact_synonym	MOD:01926	oboInOwl:hasExactSynonym	hydroxylationd
WARN	duplicate_exact_synonym	MOD:00297	oboInOwl:hasExactSynonym	hybrid nickel-triiron cluster
WARN	duplicate_exact_synonym	MOD:00298	oboInOwl:hasExactSynonym	hybrid nickel-triiron cluster
WARN	duplicate_exact_synonym	MOD:00191	oboInOwl:hasExactSynonym	green fluorescent protein chromophore
WARN	duplicate_exact_synonym	MOD:00192	oboInOwl:hasExactSynonym	green fluorescent protein chromophore
WARN	duplicate_exact_synonym	MOD:00211	oboInOwl:hasExactSynonym	glycine cysteine thioester
WARN	duplicate_exact_synonym	MOD:01777	oboInOwl:hasExactSynonym	glycine cysteine thioester
WARN	duplicate_exact_synonym	MOD:00478	oboInOwl:hasExactSynonym	glutamyl aldehyde
WARN	duplicate_exact_synonym	MOD:01692	oboInOwl:hasExactSynonym	glutamyl aldehyde
WARN	duplicate_exact_synonym	MOD:00478	oboInOwl:hasExactSynonym	glutamyl 5-semialdehyde
WARN	duplicate_exact_synonym	MOD:01692	oboInOwl:hasExactSynonym	glutamyl 5-semialdehyde
WARN	duplicate_exact_synonym	MOD:00015	oboInOwl:hasExactSynonym	glutaminic acid
WARN	duplicate_exact_synonym	MOD:00685	oboInOwl:hasExactSynonym	glutaminic acid
WARN	duplicate_exact_synonym	MOD:00081	oboInOwl:hasExactSynonym	glutamic acid gamma-methyl ester
WARN	duplicate_exact_synonym	MOD:00657	oboInOwl:hasExactSynonym	glutamic acid gamma-methyl ester
WARN	duplicate_exact_synonym	MOD:01453	oboInOwl:hasExactSynonym	glutamic acid gamma-methyl ester
WARN	duplicate_exact_synonym	MOD:00081	oboInOwl:hasExactSynonym	glutamic acid 5-methyl ester
WARN	duplicate_exact_synonym	MOD:00657	oboInOwl:hasExactSynonym	glutamic acid 5-methyl ester
WARN	duplicate_exact_synonym	MOD:01453	oboInOwl:hasExactSynonym	glutamic acid 5-methyl ester
WARN	duplicate_exact_synonym	MOD:00382	oboInOwl:hasExactSynonym	GFP-like chromoprotein asFP595 chromophore
WARN	duplicate_exact_synonym	MOD:00384	oboInOwl:hasExactSynonym	GFP-like chromoprotein asFP595 chromophore
WARN	duplicate_exact_synonym	MOD:00478	oboInOwl:hasExactSynonym	gamma-glutamyl semialdehyde
WARN	duplicate_exact_synonym	MOD:01692	oboInOwl:hasExactSynonym	gamma-glutamyl semialdehyde
WARN	duplicate_exact_synonym	MOD:01375	oboInOwl:hasExactSynonym	gamma,delta-dihydroxyleucine
WARN	duplicate_exact_synonym	MOD:01432	oboInOwl:hasExactSynonym	gamma,delta-dihydroxyleucine
WARN	duplicate_exact_synonym	MOD:00036	oboInOwl:hasExactSynonym	erythro-beta-hydroxylated L-aspartic acid
WARN	duplicate_exact_synonym	MOD:01926	oboInOwl:hasExactSynonym	erythro-beta-hydroxylated L-aspartic acid
WARN	duplicate_exact_synonym	MOD:00464	oboInOwl:hasExactSynonym	Double oxidation of Trp
WARN	duplicate_exact_synonym	MOD:02112	oboInOwl:hasExactSynonym	Double oxidation of Trp
WARN	duplicate_exact_synonym	MOD:02113	oboInOwl:hasExactSynonym	Double oxidation of Trp
WARN	duplicate_exact_synonym	MOD:02114	oboInOwl:hasExactSynonym	Double oxidation of Trp
WARN	duplicate_exact_synonym	MOD:02115	oboInOwl:hasExactSynonym	Double oxidation of Trp
WARN	duplicate_exact_synonym	MOD:01183	oboInOwl:hasExactSynonym	diselenocysteine
WARN	duplicate_exact_synonym	MOD:01184	oboInOwl:hasExactSynonym	diselenocysteine
WARN	duplicate_exact_synonym	MOD:01962	oboInOwl:hasExactSynonym	DiNAcBac
WARN	duplicate_exact_synonym	MOD:01963	oboInOwl:hasExactSynonym	DiNAcBac
WARN	duplicate_exact_synonym	MOD:00034	oboInOwl:hasExactSynonym	dicysteine
WARN	duplicate_exact_synonym	MOD:00765	oboInOwl:hasExactSynonym	dicysteine
WARN	duplicate_exact_synonym	MOD:01626	oboInOwl:hasExactSynonym	dicysteine
WARN	duplicate_exact_synonym	MOD:00190	oboInOwl:hasExactSynonym	Dhb
WARN	duplicate_exact_synonym	MOD:01470	oboInOwl:hasExactSynonym	Dhb
WARN	duplicate_exact_synonym	MOD:01471	oboInOwl:hasExactSynonym	Dhb
WARN	duplicate_exact_synonym	MOD:00189	oboInOwl:hasExactSynonym	Dha
WARN	duplicate_exact_synonym	MOD:00793	oboInOwl:hasExactSynonym	Dha
WARN	duplicate_exact_synonym	MOD:00824	oboInOwl:hasExactSynonym	Dha
WARN	duplicate_exact_synonym	MOD:01168	oboInOwl:hasExactSynonym	Dha
WARN	duplicate_exact_synonym	MOD:01954	oboInOwl:hasExactSynonym	Dha
WARN	duplicate_exact_synonym	MOD:00190	oboInOwl:hasExactSynonym	Dehydroamino butyric acid
WARN	duplicate_exact_synonym	MOD:01470	oboInOwl:hasExactSynonym	Dehydroamino butyric acid
WARN	duplicate_exact_synonym	MOD:01471	oboInOwl:hasExactSynonym	Dehydroamino butyric acid
WARN	duplicate_exact_synonym	MOD:01703	oboInOwl:hasExactSynonym	Dehydroamino butyric acid
WARN	duplicate_exact_synonym	MOD:00189	oboInOwl:hasExactSynonym	dehydroalanine
WARN	duplicate_exact_synonym	MOD:00793	oboInOwl:hasExactSynonym	dehydroalanine
WARN	duplicate_exact_synonym	MOD:00824	oboInOwl:hasExactSynonym	dehydroalanine
WARN	duplicate_exact_synonym	MOD:01168	oboInOwl:hasExactSynonym	dehydroalanine
WARN	duplicate_exact_synonym	MOD:01954	oboInOwl:hasExactSynonym	dehydroalanine
WARN	duplicate_exact_synonym	MOD:00189	oboInOwl:hasExactSynonym	dehydro
WARN	duplicate_exact_synonym	MOD:00190	oboInOwl:hasExactSynonym	dehydro
WARN	duplicate_exact_synonym	MOD:01703	oboInOwl:hasExactSynonym	dehydro
WARN	duplicate_exact_synonym	MOD:01142	oboInOwl:hasExactSynonym	DBV
WARN	duplicate_exact_synonym	MOD:01143	oboInOwl:hasExactSynonym	DBV
WARN	duplicate_exact_synonym	MOD:01962	oboInOwl:hasExactSynonym	DATDH
WARN	duplicate_exact_synonym	MOD:01963	oboInOwl:hasExactSynonym	DATDH
WARN	duplicate_exact_synonym	MOD:01962	oboInOwl:hasExactSynonym	DABA
WARN	duplicate_exact_synonym	MOD:01963	oboInOwl:hasExactSynonym	DABA
WARN	duplicate_exact_synonym	MOD:00202	oboInOwl:hasExactSynonym	D-serine
WARN	duplicate_exact_synonym	MOD:00891	oboInOwl:hasExactSynonym	D-serine
WARN	duplicate_exact_synonym	MOD:00892	oboInOwl:hasExactSynonym	D-serine
WARN	duplicate_exact_synonym	MOD:01921	oboInOwl:hasExactSynonym	D-aspartic acid
WARN	duplicate_exact_synonym	MOD:01930	oboInOwl:hasExactSynonym	D-aspartic acid
WARN	duplicate_exact_synonym	MOD:01942	oboInOwl:hasExactSynonym	D-aspartic acid
WARN	duplicate_exact_synonym	MOD:00198	oboInOwl:hasExactSynonym	D-alanine
WARN	duplicate_exact_synonym	MOD:00858	oboInOwl:hasExactSynonym	D-alanine
WARN	duplicate_exact_synonym	MOD:00862	oboInOwl:hasExactSynonym	D-alanine
WARN	duplicate_exact_synonym	MOD:00034	oboInOwl:hasExactSynonym	Cystine ((Cys)2)
WARN	duplicate_exact_synonym	MOD:01626	oboInOwl:hasExactSynonym	Cystine ((Cys)2)
WARN	duplicate_exact_synonym	MOD:01968	oboInOwl:hasExactSynonym	cysteine-3-L-butyrine thioether
WARN	duplicate_exact_synonym	MOD:01981	oboInOwl:hasExactSynonym	cysteine-3-L-butyrine thioether
WARN	duplicate_exact_synonym	MOD:00034	oboInOwl:hasExactSynonym	Cys2
WARN	duplicate_exact_synonym	MOD:01626	oboInOwl:hasExactSynonym	Cys2
WARN	duplicate_exact_synonym	MOD:01436	oboInOwl:hasExactSynonym	cyclo[(prolylserin)-O-yl] cysteinate
WARN	duplicate_exact_synonym	MOD:01437	oboInOwl:hasExactSynonym	cyclo[(prolylserin)-O-yl] cysteinate
WARN	duplicate_exact_synonym	MOD:01629	oboInOwl:hasExactSynonym	cyclo[(prolylserin)-O-yl] cysteinate
WARN	duplicate_exact_synonym	MOD:01208	oboInOwl:hasExactSynonym	cuprous salt
WARN	duplicate_exact_synonym	MOD:01209	oboInOwl:hasExactSynonym	cuprous salt
WARN	duplicate_exact_synonym	MOD:01210	oboInOwl:hasExactSynonym	cuprous salt
WARN	duplicate_exact_synonym	MOD:01183	oboInOwl:hasExactSynonym	CROSSLNK Selenocystine (Sec-Sec)
WARN	duplicate_exact_synonym	MOD:01184	oboInOwl:hasExactSynonym	CROSSLNK Selenocystine (Sec-Sec)
WARN	duplicate_exact_synonym	MOD:00299	oboInOwl:hasExactSynonym	CROSSLNK Isoaspartyl lysine isopeptide (Lys-Asn)
WARN	duplicate_exact_synonym	MOD:01917	oboInOwl:hasExactSynonym	CROSSLNK Isoaspartyl lysine isopeptide (Lys-Asn)
WARN	duplicate_exact_synonym	MOD:01929	oboInOwl:hasExactSynonym	CROSSLNK Isoaspartyl lysine isopeptide (Lys-Asn)
WARN	duplicate_exact_synonym	MOD:00363	oboInOwl:hasExactSynonym	CROSSLNK Cysteinyl-selenocysteine (Sec-Cys)
WARN	duplicate_exact_synonym	MOD:00867	oboInOwl:hasExactSynonym	CROSSLNK Cysteinyl-selenocysteine (Sec-Cys)
WARN	duplicate_exact_synonym	MOD:00363	oboInOwl:hasExactSynonym	CROSSLNK Cysteinyl-selenocysteine (Cys-Sec)
WARN	duplicate_exact_synonym	MOD:00867	oboInOwl:hasExactSynonym	CROSSLNK Cysteinyl-selenocysteine (Cys-Sec)
WARN	duplicate_exact_synonym	MOD:00399	oboInOwl:hasExactSynonym	Carboxymethyl (on Cysteine)
WARN	duplicate_exact_synonym	MOD:01084	oboInOwl:hasExactSynonym	Carboxymethyl (on Cysteine)
WARN	duplicate_exact_synonym	MOD:00297	oboInOwl:hasExactSynonym	carbon monoxide dehydrogenase nickel-iron cofactor
WARN	duplicate_exact_synonym	MOD:00298	oboInOwl:hasExactSynonym	carbon monoxide dehydrogenase nickel-iron cofactor
WARN	duplicate_exact_synonym	MOD:00315	oboInOwl:hasExactSynonym	carbon monoxide dehydrogenase nickel-iron cofactor
WARN	duplicate_exact_synonym	MOD:00164	oboInOwl:hasExactSynonym	CARBOHYD O-linked (HexNAc)
WARN	duplicate_exact_synonym	MOD:00805	oboInOwl:hasExactSynonym	CARBOHYD O-linked (HexNAc)
WARN	duplicate_exact_synonym	MOD:00806	oboInOwl:hasExactSynonym	CARBOHYD O-linked (HexNAc)
WARN	duplicate_exact_synonym	MOD:00804	oboInOwl:hasExactSynonym	CARBOHYD O-linked (Hex)
WARN	duplicate_exact_synonym	MOD:00808	oboInOwl:hasExactSynonym	CARBOHYD O-linked (Hex)
WARN	duplicate_exact_synonym	MOD:00809	oboInOwl:hasExactSynonym	CARBOHYD O-linked (Hex)
WARN	duplicate_exact_synonym	MOD:00810	oboInOwl:hasExactSynonym	CARBOHYD O-linked (Hex)
WARN	duplicate_exact_synonym	MOD:00811	oboInOwl:hasExactSynonym	CARBOHYD O-linked (Hex)
WARN	duplicate_exact_synonym	MOD:00812	oboInOwl:hasExactSynonym	CARBOHYD O-linked (dHex)
WARN	duplicate_exact_synonym	MOD:00813	oboInOwl:hasExactSynonym	CARBOHYD O-linked (dHex)
WARN	duplicate_exact_synonym	MOD:00034	oboInOwl:hasExactSynonym	bis(beta-amino-beta-carboxyethyl)disulfide
WARN	duplicate_exact_synonym	MOD:00765	oboInOwl:hasExactSynonym	bis(beta-amino-beta-carboxyethyl)disulfide
WARN	duplicate_exact_synonym	MOD:01626	oboInOwl:hasExactSynonym	bis(beta-amino-beta-carboxyethyl)disulfide
WARN	duplicate_exact_synonym	MOD:01183	oboInOwl:hasExactSynonym	bis(beta-amino-beta-carboxyethyl)diselenide
WARN	duplicate_exact_synonym	MOD:01184	oboInOwl:hasExactSynonym	bis(beta-amino-beta-carboxyethyl)diselenide
WARN	duplicate_exact_synonym	MOD:00034	oboInOwl:hasExactSynonym	bis(alpha-aminopropionic acid)-beta-disulfide
WARN	duplicate_exact_synonym	MOD:00765	oboInOwl:hasExactSynonym	bis(alpha-aminopropionic acid)-beta-disulfide
WARN	duplicate_exact_synonym	MOD:01626	oboInOwl:hasExactSynonym	bis(alpha-aminopropionic acid)-beta-disulfide
WARN	duplicate_exact_synonym	MOD:01183	oboInOwl:hasExactSynonym	bis(alpha-aminopropionic acid)-beta-diselenide
WARN	duplicate_exact_synonym	MOD:01184	oboInOwl:hasExactSynonym	bis(alpha-aminopropionic acid)-beta-diselenide
WARN	duplicate_exact_synonym	MOD:00271	oboInOwl:hasExactSynonym	BINDING Heme (covalent; via 3 links)
WARN	duplicate_exact_synonym	MOD:00276	oboInOwl:hasExactSynonym	BINDING Heme (covalent; via 3 links)
WARN	duplicate_exact_synonym	MOD:00285	oboInOwl:hasExactSynonym	BINDING Heme (covalent; via 3 links)
WARN	duplicate_exact_synonym	MOD:00144	oboInOwl:hasExactSynonym	BINDING Heme (covalent; via 1 link)
WARN	duplicate_exact_synonym	MOD:00329	oboInOwl:hasExactSynonym	BINDING Heme (covalent; via 1 link)
WARN	duplicate_exact_synonym	MOD:01396	oboInOwl:hasExactSynonym	beta-methyl-delta-hydroxyproline
WARN	duplicate_exact_synonym	MOD:01897	oboInOwl:hasExactSynonym	beta-methyl-delta-hydroxyproline
WARN	duplicate_exact_synonym	MOD:01905	oboInOwl:hasExactSynonym	beta-methyl-delta-hydroxyproline
WARN	duplicate_exact_synonym	MOD:00190	oboInOwl:hasExactSynonym	beta-elim-t
WARN	duplicate_exact_synonym	MOD:01703	oboInOwl:hasExactSynonym	beta-elim-t
WARN	duplicate_exact_synonym	MOD:00012	oboInOwl:hasExactSynonym	beta-asparagine
WARN	duplicate_exact_synonym	MOD:01185	oboInOwl:hasExactSynonym	beta-asparagine
WARN	duplicate_exact_synonym	MOD:00299	oboInOwl:hasExactSynonym	beta-(N6-lysyl)aspartyl acid
WARN	duplicate_exact_synonym	MOD:01917	oboInOwl:hasExactSynonym	beta-(N6-lysyl)aspartyl acid
WARN	duplicate_exact_synonym	MOD:01929	oboInOwl:hasExactSynonym	beta-(N6-lysyl)aspartyl acid
WARN	duplicate_exact_synonym	MOD:00034	oboInOwl:hasExactSynonym	beta,beta'-dithiodialanine
WARN	duplicate_exact_synonym	MOD:00765	oboInOwl:hasExactSynonym	beta,beta'-dithiodialanine
WARN	duplicate_exact_synonym	MOD:01626	oboInOwl:hasExactSynonym	beta,beta'-dithiodialanine
WARN	duplicate_exact_synonym	MOD:01183	oboInOwl:hasExactSynonym	beta,beta'-diselenodialanine
WARN	duplicate_exact_synonym	MOD:01184	oboInOwl:hasExactSynonym	beta,beta'-diselenodialanine
WARN	duplicate_exact_synonym	MOD:00034	oboInOwl:hasExactSynonym	beta,beta'-diamino-beta,beta'-dicarboxydiethyldisulfide
WARN	duplicate_exact_synonym	MOD:00765	oboInOwl:hasExactSynonym	beta,beta'-diamino-beta,beta'-dicarboxydiethyldisulfide
WARN	duplicate_exact_synonym	MOD:01626	oboInOwl:hasExactSynonym	beta,beta'-diamino-beta,beta'-dicarboxydiethyldisulfide
WARN	duplicate_exact_synonym	MOD:01183	oboInOwl:hasExactSynonym	beta,beta'-diamino-beta,beta'-dicarboxydiethyldiselenide
WARN	duplicate_exact_synonym	MOD:01184	oboInOwl:hasExactSynonym	beta,beta'-diamino-beta,beta'-dicarboxydiethyldiselenide
WARN	duplicate_exact_synonym	MOD:00952	oboInOwl:hasExactSynonym	aspartimide glycine
WARN	duplicate_exact_synonym	MOD:01624	oboInOwl:hasExactSynonym	aspartimide glycine
WARN	duplicate_exact_synonym	MOD:01940	oboInOwl:hasExactSynonym	aspartimide glutamic acid
WARN	duplicate_exact_synonym	MOD:01941	oboInOwl:hasExactSynonym	aspartimide glutamic acid
WARN	duplicate_exact_synonym	MOD:01938	oboInOwl:hasExactSynonym	aspartimide cysteine
WARN	duplicate_exact_synonym	MOD:01939	oboInOwl:hasExactSynonym	aspartimide cysteine
WARN	duplicate_exact_synonym	MOD:00012	oboInOwl:hasExactSynonym	aspartic acid beta-amide
WARN	duplicate_exact_synonym	MOD:01185	oboInOwl:hasExactSynonym	aspartic acid beta-amide
WARN	duplicate_exact_synonym	MOD:00012	oboInOwl:hasExactSynonym	aspartic acid 4-amide
WARN	duplicate_exact_synonym	MOD:01185	oboInOwl:hasExactSynonym	aspartic acid 4-amide
WARN	duplicate_exact_synonym	MOD:00190	oboInOwl:hasExactSynonym	anhydrothreonine
WARN	duplicate_exact_synonym	MOD:01470	oboInOwl:hasExactSynonym	anhydrothreonine
WARN	duplicate_exact_synonym	MOD:01471	oboInOwl:hasExactSynonym	anhydrothreonine
WARN	duplicate_exact_synonym	MOD:00189	oboInOwl:hasExactSynonym	anhydroserine
WARN	duplicate_exact_synonym	MOD:00793	oboInOwl:hasExactSynonym	anhydroserine
WARN	duplicate_exact_synonym	MOD:00824	oboInOwl:hasExactSynonym	anhydroserine
WARN	duplicate_exact_synonym	MOD:01168	oboInOwl:hasExactSynonym	anhydroserine
WARN	duplicate_exact_synonym	MOD:01954	oboInOwl:hasExactSynonym	anhydroserine
WARN	duplicate_exact_synonym	MOD:00952	oboInOwl:hasExactSynonym	anhydroaspartyl glycine
WARN	duplicate_exact_synonym	MOD:01624	oboInOwl:hasExactSynonym	anhydroaspartyl glycine
WARN	duplicate_exact_synonym	MOD:00270	oboInOwl:hasExactSynonym	aminothioacetic acid
WARN	duplicate_exact_synonym	MOD:01625	oboInOwl:hasExactSynonym	aminothioacetic acid
WARN	duplicate_exact_synonym	MOD:00013	oboInOwl:hasExactSynonym	aminosuccinic acid
WARN	duplicate_exact_synonym	MOD:00684	oboInOwl:hasExactSynonym	aminosuccinic acid
WARN	duplicate_exact_synonym	MOD:01921	oboInOwl:hasExactSynonym	aminosuccinic acid
WARN	duplicate_exact_synonym	MOD:01930	oboInOwl:hasExactSynonym	aminosuccinic acid
WARN	duplicate_exact_synonym	MOD:01942	oboInOwl:hasExactSynonym	aminosuccinic acid
WARN	duplicate_exact_synonym	MOD:00270	oboInOwl:hasExactSynonym	aminoethanethioic acid
WARN	duplicate_exact_synonym	MOD:01625	oboInOwl:hasExactSynonym	aminoethanethioic acid
WARN	duplicate_exact_synonym	MOD:00191	oboInOwl:hasExactSynonym	amino-(para-hydroxybenzylidenyl)acetic acid
WARN	duplicate_exact_synonym	MOD:00370	oboInOwl:hasExactSynonym	amino-(para-hydroxybenzylidenyl)acetic acid
WARN	duplicate_exact_synonym	MOD:00012	oboInOwl:hasExactSynonym	alpha-aminosuccinamic acid
WARN	duplicate_exact_synonym	MOD:01185	oboInOwl:hasExactSynonym	alpha-aminosuccinamic acid
WARN	duplicate_exact_synonym	MOD:00010	oboInOwl:hasExactSynonym	alpha-aminopropionic acid
WARN	duplicate_exact_synonym	MOD:00869	oboInOwl:hasExactSynonym	alpha-aminopropionic acid
WARN	duplicate_exact_synonym	MOD:00029	oboInOwl:hasExactSynonym	alpha-aminoisovaleric acid
WARN	duplicate_exact_synonym	MOD:00705	oboInOwl:hasExactSynonym	alpha-aminoisovaleric acid
WARN	duplicate_exact_synonym	MOD:00020	oboInOwl:hasExactSynonym	alpha-aminoisocaproic acid
WARN	duplicate_exact_synonym	MOD:00204	oboInOwl:hasExactSynonym	alpha-aminoisocaproic acid
WARN	duplicate_exact_synonym	MOD:00015	oboInOwl:hasExactSynonym	alpha-aminoglutaric acid
WARN	duplicate_exact_synonym	MOD:00685	oboInOwl:hasExactSynonym	alpha-aminoglutaric acid
WARN	duplicate_exact_synonym	MOD:00019	oboInOwl:hasExactSynonym	alpha-amino-beta-methylvaleric acid
WARN	duplicate_exact_synonym	MOD:00199	oboInOwl:hasExactSynonym	alpha-amino-beta-methylvaleric acid
WARN	duplicate_exact_synonym	MOD:01840	oboInOwl:hasExactSynonym	alpha-amino-beta-methylvaleric acid
WARN	duplicate_exact_synonym	MOD:00029	oboInOwl:hasExactSynonym	alpha-amino-beta-methylbutyric acid
WARN	duplicate_exact_synonym	MOD:00705	oboInOwl:hasExactSynonym	alpha-amino-beta-methylbutyric acid
WARN	duplicate_exact_synonym	MOD:00012	oboInOwl:hasExactSynonym	alpha-amino-beta-carbamylpropionic acid
WARN	duplicate_exact_synonym	MOD:01185	oboInOwl:hasExactSynonym	alpha-amino-beta-carbamylpropionic acid
WARN	duplicate_exact_synonym	MOD:00027	oboInOwl:hasExactSynonym	alpha-amino-beta-(3-indolyl)propionoic acid
WARN	duplicate_exact_synonym	MOD:00205	oboInOwl:hasExactSynonym	alpha-amino-beta-(3-indolyl)propionoic acid
WARN	duplicate_exact_synonym	MOD:00010	oboInOwl:hasExactSynonym	alpha-alanine
WARN	duplicate_exact_synonym	MOD:00869	oboInOwl:hasExactSynonym	alpha-alanine
WARN	duplicate_exact_synonym	MOD:01918	oboInOwl:hasExactSynonym	alpha,epsilon-diamino-delta-hydroxycaproic acid
WARN	duplicate_exact_synonym	MOD:01925	oboInOwl:hasExactSynonym	alpha,epsilon-diamino-delta-hydroxycaproic acid
WARN	duplicate_exact_synonym	MOD:00190	oboInOwl:hasExactSynonym	alpha,beta-dehydroaminobutyric acid
WARN	duplicate_exact_synonym	MOD:01470	oboInOwl:hasExactSynonym	alpha,beta-dehydroaminobutyric acid
WARN	duplicate_exact_synonym	MOD:01471	oboInOwl:hasExactSynonym	alpha,beta-dehydroaminobutyric acid
WARN	duplicate_exact_synonym	MOD:00195	oboInOwl:hasExactSynonym	alanyl-5-imidazolinone glycine
WARN	duplicate_exact_synonym	MOD:00820	oboInOwl:hasExactSynonym	alanyl-5-imidazolinone glycine
WARN	duplicate_exact_synonym	MOD:00132	oboInOwl:hasExactSynonym	alaninolysine
WARN	duplicate_exact_synonym	MOD:01838	oboInOwl:hasExactSynonym	alaninolysine
WARN	duplicate_exact_synonym	MOD:00021	oboInOwl:hasExactSynonym	ACT_SITE Schiff-base intermediate with substrate
WARN	duplicate_exact_synonym	MOD:00292	oboInOwl:hasExactSynonym	ACT_SITE Schiff-base intermediate with substrate
WARN	duplicate_exact_synonym	MOD:00037	oboInOwl:hasExactSynonym	5HyLys
WARN	duplicate_exact_synonym	MOD:01925	oboInOwl:hasExactSynonym	5HyLys
WARN	duplicate_exact_synonym	MOD:01396	oboInOwl:hasExactSynonym	5Hy3MePro
WARN	duplicate_exact_synonym	MOD:01905	oboInOwl:hasExactSynonym	5Hy3MePro
WARN	duplicate_exact_synonym	MOD:00040	oboInOwl:hasExactSynonym	5-pyrrolidone-2-carboxylic acid
WARN	duplicate_exact_synonym	MOD:00420	oboInOwl:hasExactSynonym	5-pyrrolidone-2-carboxylic acid
WARN	duplicate_exact_synonym	MOD:00419	oboInOwl:hasExactSynonym	5-oxothiomorpholine-3-carboxylic acid
WARN	duplicate_exact_synonym	MOD:01871	oboInOwl:hasExactSynonym	5-oxothiomorpholine-3-carboxylic acid
WARN	duplicate_exact_synonym	MOD:01872	oboInOwl:hasExactSynonym	5-oxothiomorpholine-3-carboxylic acid
WARN	duplicate_exact_synonym	MOD:00040	oboInOwl:hasExactSynonym	5-oxopyrrolidine-2-carboxylic acid
WARN	duplicate_exact_synonym	MOD:00420	oboInOwl:hasExactSynonym	5-oxopyrrolidine-2-carboxylic acid
WARN	duplicate_exact_synonym	MOD:00040	oboInOwl:hasExactSynonym	5-oxoproline
WARN	duplicate_exact_synonym	MOD:00420	oboInOwl:hasExactSynonym	5-oxoproline
WARN	duplicate_exact_synonym	MOD:00081	oboInOwl:hasExactSynonym	5-methyl L-glutamate
WARN	duplicate_exact_synonym	MOD:00657	oboInOwl:hasExactSynonym	5-methyl L-glutamate
WARN	duplicate_exact_synonym	MOD:01453	oboInOwl:hasExactSynonym	5-methyl L-glutamate
WARN	duplicate_exact_synonym	MOD:00081	oboInOwl:hasExactSynonym	5-methyl L-2-aminoglutarate
WARN	duplicate_exact_synonym	MOD:00657	oboInOwl:hasExactSynonym	5-methyl L-2-aminoglutarate
WARN	duplicate_exact_synonym	MOD:01453	oboInOwl:hasExactSynonym	5-methyl L-2-aminoglutarate
WARN	duplicate_exact_synonym	MOD:00081	oboInOwl:hasExactSynonym	5-methyl esterified L-glutamic acid
WARN	duplicate_exact_synonym	MOD:01453	oboInOwl:hasExactSynonym	5-methyl esterified L-glutamic acid
WARN	duplicate_exact_synonym	MOD:00037	oboInOwl:hasExactSynonym	5-hydroxylated L-lysine
WARN	duplicate_exact_synonym	MOD:01925	oboInOwl:hasExactSynonym	5-hydroxylated L-lysine
WARN	duplicate_exact_synonym	MOD:01396	oboInOwl:hasExactSynonym	5-hydroxy-3-methylproline
WARN	duplicate_exact_synonym	MOD:01897	oboInOwl:hasExactSynonym	5-hydroxy-3-methylproline
WARN	duplicate_exact_synonym	MOD:01905	oboInOwl:hasExactSynonym	5-hydroxy-3-methylproline
WARN	duplicate_exact_synonym	MOD:01396	oboInOwl:hasExactSynonym	5-hydroxy-3-methyl-L-proline
WARN	duplicate_exact_synonym	MOD:01897	oboInOwl:hasExactSynonym	5-hydroxy-3-methyl-L-proline
WARN	duplicate_exact_synonym	MOD:01905	oboInOwl:hasExactSynonym	5-hydroxy-3-methyl-L-proline
WARN	duplicate_exact_synonym	MOD:00133	oboInOwl:hasExactSynonym	5-glutamyl N6-lysine
WARN	duplicate_exact_synonym	MOD:01484	oboInOwl:hasExactSynonym	5-glutamyl N6-lysine
WARN	duplicate_exact_synonym	MOD:01630	oboInOwl:hasExactSynonym	5-glutamyl N6-lysine
WARN	duplicate_exact_synonym	MOD:01785	oboInOwl:hasExactSynonym	5-(threon-O3-yl)glutamate
WARN	duplicate_exact_synonym	MOD:01952	oboInOwl:hasExactSynonym	5-(threon-O3-yl)glutamate
WARN	duplicate_exact_synonym	MOD:01979	oboInOwl:hasExactSynonym	5-(threon-O3-yl)glutamate
WARN	duplicate_exact_synonym	MOD:00233	oboInOwl:hasExactSynonym	5'phos Guanosyl
WARN	duplicate_exact_synonym	MOD:01163	oboInOwl:hasExactSynonym	5'phos Guanosyl
WARN	duplicate_exact_synonym	MOD:00189	oboInOwl:hasExactSynonym	4-methylidene-imidazole-5-one (MIO) active site
WARN	duplicate_exact_synonym	MOD:00192	oboInOwl:hasExactSynonym	4-methylidene-imidazole-5-one (MIO) active site
WARN	duplicate_exact_synonym	MOD:00196	oboInOwl:hasExactSynonym	4-methylidene-imidazole-5-one (MIO) active site
WARN	duplicate_exact_synonym	MOD:00793	oboInOwl:hasExactSynonym	4-methylidene-imidazole-5-one (MIO) active site
WARN	duplicate_exact_synonym	MOD:00824	oboInOwl:hasExactSynonym	4-methylidene-imidazole-5-one (MIO) active site
WARN	duplicate_exact_synonym	MOD:01168	oboInOwl:hasExactSynonym	4-methylidene-imidazole-5-one (MIO) active site
WARN	duplicate_exact_synonym	MOD:01954	oboInOwl:hasExactSynonym	4-methylidene-imidazole-5-one (MIO) active site
WARN	duplicate_exact_synonym	MOD:01522	oboInOwl:hasExactSynonym	4-methyl-1-methylidenepiperazin-1-ium
WARN	duplicate_exact_synonym	MOD:01523	oboInOwl:hasExactSynonym	4-methyl-1-methylidenepiperazin-1-ium
WARN	duplicate_exact_synonym	MOD:01524	oboInOwl:hasExactSynonym	4-methyl-1-methylidenepiperazin-1-ium
WARN	duplicate_exact_synonym	MOD:01525	oboInOwl:hasExactSynonym	4-methyl-1-methylidenepiperazin-1-ium
WARN	duplicate_exact_synonym	MOD:01593	oboInOwl:hasExactSynonym	4-methyl-1-methylidenepiperazin-1-ium
WARN	duplicate_exact_synonym	MOD:01594	oboInOwl:hasExactSynonym	4-methyl-1-methylidenepiperazin-1-ium
WARN	duplicate_exact_synonym	MOD:01595	oboInOwl:hasExactSynonym	4-methyl-1-methylidenepiperazin-1-ium
WARN	duplicate_exact_synonym	MOD:01596	oboInOwl:hasExactSynonym	4-methyl-1-methylidenepiperazin-1-ium
WARN	duplicate_exact_synonym	MOD:01597	oboInOwl:hasExactSynonym	4-methyl-1-methylidenepiperazin-1-ium
WARN	duplicate_exact_synonym	MOD:01598	oboInOwl:hasExactSynonym	4-methyl-1-methylidenepiperazin-1-ium
WARN	duplicate_exact_synonym	MOD:01599	oboInOwl:hasExactSynonym	4-methyl-1-methylidenepiperazin-1-ium
WARN	duplicate_exact_synonym	MOD:01600	oboInOwl:hasExactSynonym	4-methyl-1-methylidenepiperazin-1-ium
WARN	duplicate_exact_synonym	MOD:01601	oboInOwl:hasExactSynonym	4-methyl-1-methylidenepiperazin-1-ium
WARN	duplicate_exact_synonym	MOD:01869	oboInOwl:hasExactSynonym	4-methyl-1-methylidenepiperazin-1-ium
WARN	duplicate_exact_synonym	MOD:01715	oboInOwl:hasExactSynonym	3-[(2,6-dimethylpiperidin-1-yl)acetyl]amino)propanoyl
WARN	duplicate_exact_synonym	MOD:01717	oboInOwl:hasExactSynonym	3-[(2,6-dimethylpiperidin-1-yl)acetyl]amino)propanoyl
WARN	duplicate_exact_synonym	MOD:01718	oboInOwl:hasExactSynonym	3-[(2,6-dimethylpiperidin-1-yl)acetyl]amino)propanoyl
WARN	duplicate_exact_synonym	MOD:01719	oboInOwl:hasExactSynonym	3-[(2,6-dimethylpiperidin-1-yl)acetyl]amino)propanoyl
WARN	duplicate_exact_synonym	MOD:01720	oboInOwl:hasExactSynonym	3-[(2,6-dimethylpiperidin-1-yl)acetyl]amino)propanoyl
WARN	duplicate_exact_synonym	MOD:01721	oboInOwl:hasExactSynonym	3-[(2,6-dimethylpiperidin-1-yl)acetyl]amino)propanoyl
WARN	duplicate_exact_synonym	MOD:01722	oboInOwl:hasExactSynonym	3-[(2,6-dimethylpiperidin-1-yl)acetyl]amino)propanoyl
WARN	duplicate_exact_synonym	MOD:01723	oboInOwl:hasExactSynonym	3-[(2,6-dimethylpiperidin-1-yl)acetyl]amino)propanoyl
WARN	duplicate_exact_synonym	MOD:01724	oboInOwl:hasExactSynonym	3-[(2,6-dimethylpiperidin-1-yl)acetyl]amino)propanoyl
WARN	duplicate_exact_synonym	MOD:01725	oboInOwl:hasExactSynonym	3-[(2,6-dimethylpiperidin-1-yl)acetyl]amino)propanoyl
WARN	duplicate_exact_synonym	MOD:01726	oboInOwl:hasExactSynonym	3-[(2,6-dimethylpiperidin-1-yl)acetyl]amino)propanoyl
WARN	duplicate_exact_synonym	MOD:01728	oboInOwl:hasExactSynonym	3-[(2,6-dimethylpiperidin-1-yl)acetyl]amino)propanoyl
WARN	duplicate_exact_synonym	MOD:01729	oboInOwl:hasExactSynonym	3-[(2,6-dimethylpiperidin-1-yl)acetyl]amino)propanoyl
WARN	duplicate_exact_synonym	MOD:01730	oboInOwl:hasExactSynonym	3-[(2,6-dimethylpiperidin-1-yl)acetyl]amino)propanoyl
WARN	duplicate_exact_synonym	MOD:01731	oboInOwl:hasExactSynonym	3-[(2,6-dimethylpiperidin-1-yl)acetyl]amino)propanoyl
WARN	duplicate_exact_synonym	MOD:01732	oboInOwl:hasExactSynonym	3-[(2,6-dimethylpiperidin-1-yl)acetyl]amino)propanoyl
WARN	duplicate_exact_synonym	MOD:01733	oboInOwl:hasExactSynonym	3-[(2,6-dimethylpiperidin-1-yl)acetyl]amino)propanoyl
WARN	duplicate_exact_synonym	MOD:01734	oboInOwl:hasExactSynonym	3-[(2,6-dimethylpiperidin-1-yl)acetyl]amino)propanoyl
WARN	duplicate_exact_synonym	MOD:01736	oboInOwl:hasExactSynonym	3-[(2,6-dimethylpiperidin-1-yl)acetyl]amino)propanoyl
WARN	duplicate_exact_synonym	MOD:01737	oboInOwl:hasExactSynonym	3-[(2,6-dimethylpiperidin-1-yl)acetyl]amino)propanoyl
WARN	duplicate_exact_synonym	MOD:01738	oboInOwl:hasExactSynonym	3-[(2,6-dimethylpiperidin-1-yl)acetyl]amino)propanoyl
WARN	duplicate_exact_synonym	MOD:01739	oboInOwl:hasExactSynonym	3-[(2,6-dimethylpiperidin-1-yl)acetyl]amino)propanoyl
WARN	duplicate_exact_synonym	MOD:01740	oboInOwl:hasExactSynonym	3-[(2,6-dimethylpiperidin-1-yl)acetyl]amino)propanoyl
WARN	duplicate_exact_synonym	MOD:01741	oboInOwl:hasExactSynonym	3-[(2,6-dimethylpiperidin-1-yl)acetyl]amino)propanoyl
WARN	duplicate_exact_synonym	MOD:01742	oboInOwl:hasExactSynonym	3-[(2,6-dimethylpiperidin-1-yl)acetyl]amino)propanoyl
WARN	duplicate_exact_synonym	MOD:01744	oboInOwl:hasExactSynonym	3-[(2,6-dimethylpiperidin-1-yl)acetyl]amino)propanoyl
WARN	duplicate_exact_synonym	MOD:01745	oboInOwl:hasExactSynonym	3-[(2,6-dimethylpiperidin-1-yl)acetyl]amino)propanoyl
WARN	duplicate_exact_synonym	MOD:01746	oboInOwl:hasExactSynonym	3-[(2,6-dimethylpiperidin-1-yl)acetyl]amino)propanoyl
WARN	duplicate_exact_synonym	MOD:01747	oboInOwl:hasExactSynonym	3-[(2,6-dimethylpiperidin-1-yl)acetyl]amino)propanoyl
WARN	duplicate_exact_synonym	MOD:01748	oboInOwl:hasExactSynonym	3-[(2,6-dimethylpiperidin-1-yl)acetyl]amino)propanoyl
WARN	duplicate_exact_synonym	MOD:01749	oboInOwl:hasExactSynonym	3-[(2,6-dimethylpiperidin-1-yl)acetyl]amino)propanoyl
WARN	duplicate_exact_synonym	MOD:01750	oboInOwl:hasExactSynonym	3-[(2,6-dimethylpiperidin-1-yl)acetyl]amino)propanoyl
WARN	duplicate_exact_synonym	MOD:01752	oboInOwl:hasExactSynonym	3-[(2,6-dimethylpiperidin-1-yl)acetyl]amino)propanoyl
WARN	duplicate_exact_synonym	MOD:01753	oboInOwl:hasExactSynonym	3-[(2,6-dimethylpiperidin-1-yl)acetyl]amino)propanoyl
WARN	duplicate_exact_synonym	MOD:01754	oboInOwl:hasExactSynonym	3-[(2,6-dimethylpiperidin-1-yl)acetyl]amino)propanoyl
WARN	duplicate_exact_synonym	MOD:01755	oboInOwl:hasExactSynonym	3-[(2,6-dimethylpiperidin-1-yl)acetyl]amino)propanoyl
WARN	duplicate_exact_synonym	MOD:01756	oboInOwl:hasExactSynonym	3-[(2,6-dimethylpiperidin-1-yl)acetyl]amino)propanoyl
WARN	duplicate_exact_synonym	MOD:01757	oboInOwl:hasExactSynonym	3-[(2,6-dimethylpiperidin-1-yl)acetyl]amino)propanoyl
WARN	duplicate_exact_synonym	MOD:01758	oboInOwl:hasExactSynonym	3-[(2,6-dimethylpiperidin-1-yl)acetyl]amino)propanoyl
WARN	duplicate_exact_synonym	MOD:01760	oboInOwl:hasExactSynonym	3-[(2,6-dimethylpiperidin-1-yl)acetyl]amino)propanoyl
WARN	duplicate_exact_synonym	MOD:01761	oboInOwl:hasExactSynonym	3-[(2,6-dimethylpiperidin-1-yl)acetyl]amino)propanoyl
WARN	duplicate_exact_synonym	MOD:01762	oboInOwl:hasExactSynonym	3-[(2,6-dimethylpiperidin-1-yl)acetyl]amino)propanoyl
WARN	duplicate_exact_synonym	MOD:01763	oboInOwl:hasExactSynonym	3-[(2,6-dimethylpiperidin-1-yl)acetyl]amino)propanoyl
WARN	duplicate_exact_synonym	MOD:01764	oboInOwl:hasExactSynonym	3-[(2,6-dimethylpiperidin-1-yl)acetyl]amino)propanoyl
WARN	duplicate_exact_synonym	MOD:01765	oboInOwl:hasExactSynonym	3-[(2,6-dimethylpiperidin-1-yl)acetyl]amino)propanoyl
WARN	duplicate_exact_synonym	MOD:01766	oboInOwl:hasExactSynonym	3-[(2,6-dimethylpiperidin-1-yl)acetyl]amino)propanoyl
WARN	duplicate_exact_synonym	MOD:00031	oboInOwl:hasExactSynonym	3-selenylalanine
WARN	duplicate_exact_synonym	MOD:00686	oboInOwl:hasExactSynonym	3-selenylalanine
WARN	duplicate_exact_synonym	MOD:01444	oboInOwl:hasExactSynonym	3-oxoalanine hydrate
WARN	duplicate_exact_synonym	MOD:01445	oboInOwl:hasExactSynonym	3-oxoalanine hydrate
WARN	duplicate_exact_synonym	MOD:01448	oboInOwl:hasExactSynonym	3-oxoalanine hydrate
WARN	duplicate_exact_synonym	MOD:00190	oboInOwl:hasExactSynonym	3-methyldehydroalanine
WARN	duplicate_exact_synonym	MOD:01470	oboInOwl:hasExactSynonym	3-methyldehydroalanine
WARN	duplicate_exact_synonym	MOD:01471	oboInOwl:hasExactSynonym	3-methyldehydroalanine
WARN	duplicate_exact_synonym	MOD:00019	oboInOwl:hasExactSynonym	3-methyl-norvaline
WARN	duplicate_exact_synonym	MOD:00199	oboInOwl:hasExactSynonym	3-methyl-norvaline
WARN	duplicate_exact_synonym	MOD:01840	oboInOwl:hasExactSynonym	3-methyl-norvaline
WARN	duplicate_exact_synonym	MOD:00036	oboInOwl:hasExactSynonym	3-hydroxyaspartic acid
WARN	duplicate_exact_synonym	MOD:01919	oboInOwl:hasExactSynonym	3-hydroxyaspartic acid
WARN	duplicate_exact_synonym	MOD:01444	oboInOwl:hasExactSynonym	3-hydroxy-L-serine
WARN	duplicate_exact_synonym	MOD:01445	oboInOwl:hasExactSynonym	3-hydroxy-L-serine
WARN	duplicate_exact_synonym	MOD:01448	oboInOwl:hasExactSynonym	3-hydroxy-L-serine
WARN	duplicate_exact_synonym	MOD:01444	oboInOwl:hasExactSynonym	3,3-dihydroxyalanine
WARN	duplicate_exact_synonym	MOD:01445	oboInOwl:hasExactSynonym	3,3-dihydroxyalanine
WARN	duplicate_exact_synonym	MOD:01448	oboInOwl:hasExactSynonym	3,3-dihydroxyalanine
WARN	duplicate_exact_synonym	MOD:01444	oboInOwl:hasExactSynonym	3,3-dihydroxy-L-alanine
WARN	duplicate_exact_synonym	MOD:01445	oboInOwl:hasExactSynonym	3,3-dihydroxy-L-alanine
WARN	duplicate_exact_synonym	MOD:01448	oboInOwl:hasExactSynonym	3,3-dihydroxy-L-alanine
WARN	duplicate_exact_synonym	MOD:00119	oboInOwl:hasExactSynonym	3,3'-thiobis-L-alanine
WARN	duplicate_exact_synonym	MOD:01837	oboInOwl:hasExactSynonym	3,3'-thiobis-L-alanine
WARN	duplicate_exact_synonym	MOD:01841	oboInOwl:hasExactSynonym	3,3'-thiobis-L-alanine
WARN	duplicate_exact_synonym	MOD:00034	oboInOwl:hasExactSynonym	3,3'-dithiodialanine
WARN	duplicate_exact_synonym	MOD:00765	oboInOwl:hasExactSynonym	3,3'-dithiodialanine
WARN	duplicate_exact_synonym	MOD:01626	oboInOwl:hasExactSynonym	3,3'-dithiodialanine
WARN	duplicate_exact_synonym	MOD:00034	oboInOwl:hasExactSynonym	3,3'-dithiobisalanine
WARN	duplicate_exact_synonym	MOD:00765	oboInOwl:hasExactSynonym	3,3'-dithiobisalanine
WARN	duplicate_exact_synonym	MOD:01626	oboInOwl:hasExactSynonym	3,3'-dithiobisalanine
WARN	duplicate_exact_synonym	MOD:00034	oboInOwl:hasExactSynonym	3,3'-dithiobis(2-aminopropanoic acid)
WARN	duplicate_exact_synonym	MOD:00765	oboInOwl:hasExactSynonym	3,3'-dithiobis(2-aminopropanoic acid)
WARN	duplicate_exact_synonym	MOD:01626	oboInOwl:hasExactSynonym	3,3'-dithiobis(2-aminopropanoic acid)
WARN	duplicate_exact_synonym	MOD:00034	oboInOwl:hasExactSynonym	3,3'-disulfane-1,2-diylbis(2-azanylpropanoic acid)
WARN	duplicate_exact_synonym	MOD:00765	oboInOwl:hasExactSynonym	3,3'-disulfane-1,2-diylbis(2-azanylpropanoic acid)
WARN	duplicate_exact_synonym	MOD:01626	oboInOwl:hasExactSynonym	3,3'-disulfane-1,2-diylbis(2-azanylpropanoic acid)
WARN	duplicate_exact_synonym	MOD:01183	oboInOwl:hasExactSynonym	3,3'-diselenodialanine
WARN	duplicate_exact_synonym	MOD:01184	oboInOwl:hasExactSynonym	3,3'-diselenodialanine
WARN	duplicate_exact_synonym	MOD:01183	oboInOwl:hasExactSynonym	3,3'-diselenobisalanine
WARN	duplicate_exact_synonym	MOD:01184	oboInOwl:hasExactSynonym	3,3'-diselenobisalanine
WARN	duplicate_exact_synonym	MOD:01183	oboInOwl:hasExactSynonym	3,3'-diselenobis(2-aminopropanoic acid)
WARN	duplicate_exact_synonym	MOD:01184	oboInOwl:hasExactSynonym	3,3'-diselenobis(2-aminopropanoic acid)
WARN	duplicate_exact_synonym	MOD:00040	oboInOwl:hasExactSynonym	2-pyrrolidone-5-carboxylic acid
WARN	duplicate_exact_synonym	MOD:00420	oboInOwl:hasExactSynonym	2-pyrrolidone-5-carboxylic acid
WARN	duplicate_exact_synonym	MOD:00040	oboInOwl:hasExactSynonym	2-oxopyrrolidine-5-carboxylic acid
WARN	duplicate_exact_synonym	MOD:00420	oboInOwl:hasExactSynonym	2-oxopyrrolidine-5-carboxylic acid
WARN	duplicate_exact_synonym	MOD:00136	oboInOwl:hasExactSynonym	2-oxopropanoic acid
WARN	duplicate_exact_synonym	MOD:00807	oboInOwl:hasExactSynonym	2-oxopropanoic acid
WARN	duplicate_exact_synonym	MOD:01154	oboInOwl:hasExactSynonym	2-oxopropanoic acid
WARN	duplicate_exact_synonym	MOD:01661	oboInOwl:hasExactSynonym	2-oxopropanoic acid
WARN	duplicate_exact_synonym	MOD:00030	oboInOwl:hasExactSynonym	2-formylazanyl-4-(methylsulfanyl)butanoic acid
WARN	duplicate_exact_synonym	MOD:00482	oboInOwl:hasExactSynonym	2-formylazanyl-4-(methylsulfanyl)butanoic acid
WARN	duplicate_exact_synonym	MOD:00030	oboInOwl:hasExactSynonym	2-formylamino-4-(methylthio)butanoic acid
WARN	duplicate_exact_synonym	MOD:00482	oboInOwl:hasExactSynonym	2-formylamino-4-(methylthio)butanoic acid
WARN	duplicate_exact_synonym	MOD:00030	oboInOwl:hasExactSynonym	2-formamido-4-(methylsulfanyl)butanoic acid
WARN	duplicate_exact_synonym	MOD:00482	oboInOwl:hasExactSynonym	2-formamido-4-(methylsulfanyl)butanoic acid
WARN	duplicate_exact_synonym	MOD:01873	oboInOwl:hasExactSynonym	2-carbamic-propanoic acid
WARN	duplicate_exact_synonym	MOD:01874	oboInOwl:hasExactSynonym	2-carbamic-propanoic acid
WARN	duplicate_exact_synonym	MOD:00010	oboInOwl:hasExactSynonym	2-azanylpropanoic acid
WARN	duplicate_exact_synonym	MOD:00869	oboInOwl:hasExactSynonym	2-azanylpropanoic acid
WARN	duplicate_exact_synonym	MOD:00015	oboInOwl:hasExactSynonym	2-azanylpentanedioic acid
WARN	duplicate_exact_synonym	MOD:00685	oboInOwl:hasExactSynonym	2-azanylpentanedioic acid
WARN	duplicate_exact_synonym	MOD:00013	oboInOwl:hasExactSynonym	2-azanylbutanedioic acid
WARN	duplicate_exact_synonym	MOD:00684	oboInOwl:hasExactSynonym	2-azanylbutanedioic acid
WARN	duplicate_exact_synonym	MOD:01921	oboInOwl:hasExactSynonym	2-azanylbutanedioic acid
WARN	duplicate_exact_synonym	MOD:01930	oboInOwl:hasExactSynonym	2-azanylbutanedioic acid
WARN	duplicate_exact_synonym	MOD:01942	oboInOwl:hasExactSynonym	2-azanylbutanedioic acid
WARN	duplicate_exact_synonym	MOD:00326	oboInOwl:hasExactSynonym	2-azanyl-6-[(2R,3R)-3-methyl-3,4-dihydro-2H-pyrrol-2-ylcarbonyl]azanylhexanoic acid
WARN	duplicate_exact_synonym	MOD:01187	oboInOwl:hasExactSynonym	2-azanyl-6-[(2R,3R)-3-methyl-3,4-dihydro-2H-pyrrol-2-ylcarbonyl]azanylhexanoic acid
WARN	duplicate_exact_synonym	MOD:00133	oboInOwl:hasExactSynonym	2-azanyl-6-([4-azanyl-4-carboxybutanoyl]azanyl)hexanoic acid
WARN	duplicate_exact_synonym	MOD:01484	oboInOwl:hasExactSynonym	2-azanyl-6-([4-azanyl-4-carboxybutanoyl]azanyl)hexanoic acid
WARN	duplicate_exact_synonym	MOD:01630	oboInOwl:hasExactSynonym	2-azanyl-6-([4-azanyl-4-carboxybutanoyl]azanyl)hexanoic acid
WARN	duplicate_exact_synonym	MOD:01968	oboInOwl:hasExactSynonym	2-azanyl-3-[(2-azanyl-2-carboxyethyl)sulfanyl]butanoic acid
WARN	duplicate_exact_synonym	MOD:01981	oboInOwl:hasExactSynonym	2-azanyl-3-[(2-azanyl-2-carboxyethyl)sulfanyl]butanoic acid
WARN	duplicate_exact_synonym	MOD:00031	oboInOwl:hasExactSynonym	2-azanyl-3-selanylpropanoic acid
WARN	duplicate_exact_synonym	MOD:00686	oboInOwl:hasExactSynonym	2-azanyl-3-selanylpropanoic acid
WARN	duplicate_exact_synonym	MOD:00019	oboInOwl:hasExactSynonym	2-azanyl-3-methylpentanoic acid
WARN	duplicate_exact_synonym	MOD:00199	oboInOwl:hasExactSynonym	2-azanyl-3-methylpentanoic acid
WARN	duplicate_exact_synonym	MOD:01840	oboInOwl:hasExactSynonym	2-azanyl-3-methylpentanoic acid
WARN	duplicate_exact_synonym	MOD:00036	oboInOwl:hasExactSynonym	2-azanyl-3-hydroxybutanedioic acid
WARN	duplicate_exact_synonym	MOD:01919	oboInOwl:hasExactSynonym	2-azanyl-3-hydroxybutanedioic acid
WARN	duplicate_exact_synonym	MOD:00012	oboInOwl:hasExactSynonym	2-aminosuccinic acid 4-amide
WARN	duplicate_exact_synonym	MOD:01185	oboInOwl:hasExactSynonym	2-aminosuccinic acid 4-amide
WARN	duplicate_exact_synonym	MOD:00012	oboInOwl:hasExactSynonym	2-aminosuccinamic acid
WARN	duplicate_exact_synonym	MOD:01185	oboInOwl:hasExactSynonym	2-aminosuccinamic acid
WARN	duplicate_exact_synonym	MOD:00010	oboInOwl:hasExactSynonym	2-aminopropionic acid
WARN	duplicate_exact_synonym	MOD:00869	oboInOwl:hasExactSynonym	2-aminopropionic acid
WARN	duplicate_exact_synonym	MOD:00189	oboInOwl:hasExactSynonym	2-aminopropenoic acid
WARN	duplicate_exact_synonym	MOD:00793	oboInOwl:hasExactSynonym	2-aminopropenoic acid
WARN	duplicate_exact_synonym	MOD:00824	oboInOwl:hasExactSynonym	2-aminopropenoic acid
WARN	duplicate_exact_synonym	MOD:01168	oboInOwl:hasExactSynonym	2-aminopropenoic acid
WARN	duplicate_exact_synonym	MOD:01954	oboInOwl:hasExactSynonym	2-aminopropenoic acid
WARN	duplicate_exact_synonym	MOD:00081	oboInOwl:hasExactSynonym	2-aminopentanedioic acid 5-methyl ester
WARN	duplicate_exact_synonym	MOD:00657	oboInOwl:hasExactSynonym	2-aminopentanedioic acid 5-methyl ester
WARN	duplicate_exact_synonym	MOD:01453	oboInOwl:hasExactSynonym	2-aminopentanedioic acid 5-methyl ester
WARN	duplicate_exact_synonym	MOD:00015	oboInOwl:hasExactSynonym	2-aminoglutaric acid
WARN	duplicate_exact_synonym	MOD:00685	oboInOwl:hasExactSynonym	2-aminoglutaric acid
WARN	duplicate_exact_synonym	MOD:00189	oboInOwl:hasExactSynonym	2-aminoacrylic acid
WARN	duplicate_exact_synonym	MOD:00793	oboInOwl:hasExactSynonym	2-aminoacrylic acid
WARN	duplicate_exact_synonym	MOD:00824	oboInOwl:hasExactSynonym	2-aminoacrylic acid
WARN	duplicate_exact_synonym	MOD:01168	oboInOwl:hasExactSynonym	2-aminoacrylic acid
WARN	duplicate_exact_synonym	MOD:01954	oboInOwl:hasExactSynonym	2-aminoacrylic acid
WARN	duplicate_exact_synonym	MOD:00135	oboInOwl:hasExactSynonym	2-amino-N4-(carboxymethyl)-butanediamic acid
WARN	duplicate_exact_synonym	MOD:01805	oboInOwl:hasExactSynonym	2-amino-N4-(carboxymethyl)-butanediamic acid
WARN	duplicate_exact_synonym	MOD:01928	oboInOwl:hasExactSynonym	2-amino-N4-(carboxymethyl)-butanediamic acid
WARN	duplicate_exact_synonym	MOD:00286	oboInOwl:hasExactSynonym	2-amino-5,6-dimercapto-7-methyl-3,7,8a,9-tetrahydro-8-oxa-1,3,9,10-tetraazaanthracen-4-one guanosine dinucleotide
WARN	duplicate_exact_synonym	MOD:00324	oboInOwl:hasExactSynonym	2-amino-5,6-dimercapto-7-methyl-3,7,8a,9-tetrahydro-8-oxa-1,3,9,10-tetraazaanthracen-4-one guanosine dinucleotide
WARN	duplicate_exact_synonym	MOD:00380	oboInOwl:hasExactSynonym	2-amino-5,6-dimercapto-7-methyl-3,7,8a,9-tetrahydro-8-oxa-1,3,9,10-tetraazaanthracen-4-one guanosine dinucleotide
WARN	duplicate_exact_synonym	MOD:01468	oboInOwl:hasExactSynonym	2-amino-5,6-dimercapto-7-methyl-3,7,8a,9-tetrahydro-8-oxa-1,3,9,10-tetraazaanthracen-4-one guanosine dinucleotide
WARN	duplicate_exact_synonym	MOD:00012	oboInOwl:hasExactSynonym	2-amino-4-butanediamic acid
WARN	duplicate_exact_synonym	MOD:01185	oboInOwl:hasExactSynonym	2-amino-4-butanediamic acid
WARN	duplicate_exact_synonym	MOD:00022	oboInOwl:hasExactSynonym	2-amino-4-(methylthio)butyric acid
WARN	duplicate_exact_synonym	MOD:00200	oboInOwl:hasExactSynonym	2-amino-4-(methylthio)butyric acid
WARN	duplicate_exact_synonym	MOD:00022	oboInOwl:hasExactSynonym	2-amino-4-(methylthio)butanoic acid
WARN	duplicate_exact_synonym	MOD:00200	oboInOwl:hasExactSynonym	2-amino-4-(methylthio)butanoic acid
WARN	duplicate_exact_synonym	MOD:00193	oboInOwl:hasExactSynonym	2-amino-3-oxopropionic acid
WARN	duplicate_exact_synonym	MOD:00835	oboInOwl:hasExactSynonym	2-amino-3-oxopropionic acid
WARN	duplicate_exact_synonym	MOD:01169	oboInOwl:hasExactSynonym	2-amino-3-oxopropionic acid
WARN	duplicate_exact_synonym	MOD:00036	oboInOwl:hasExactSynonym	2-amino-3-hydroxysuccinic acid
WARN	duplicate_exact_synonym	MOD:01919	oboInOwl:hasExactSynonym	2-amino-3-hydroxysuccinic acid
WARN	duplicate_exact_synonym	MOD:00012	oboInOwl:hasExactSynonym	2-amino-3-carbamoylpropanoic acid
WARN	duplicate_exact_synonym	MOD:01185	oboInOwl:hasExactSynonym	2-amino-3-carbamoylpropanoic acid
WARN	duplicate_exact_synonym	MOD:00119	oboInOwl:hasExactSynonym	2-amino-3-(2-amino-2-carboxyethyl)sulfanylpropanoic acid
WARN	duplicate_exact_synonym	MOD:01837	oboInOwl:hasExactSynonym	2-amino-3-(2-amino-2-carboxyethyl)sulfanylpropanoic acid
WARN	duplicate_exact_synonym	MOD:01841	oboInOwl:hasExactSynonym	2-amino-3-(2-amino-2-carboxyethyl)sulfanylpropanoic acid
WARN	duplicate_exact_synonym	MOD:00270	oboInOwl:hasExactSynonym	2-amino-1-sulfanylethanone
WARN	duplicate_exact_synonym	MOD:01625	oboInOwl:hasExactSynonym	2-amino-1-sulfanylethanone
WARN	duplicate_exact_synonym	MOD:01444	oboInOwl:hasExactSynonym	2-(dihydroxymethyl)glycine
WARN	duplicate_exact_synonym	MOD:01445	oboInOwl:hasExactSynonym	2-(dihydroxymethyl)glycine
WARN	duplicate_exact_synonym	MOD:01448	oboInOwl:hasExactSynonym	2-(dihydroxymethyl)glycine
WARN	duplicate_exact_synonym	MOD:01940	oboInOwl:hasExactSynonym	2-(2-aminosuccinimidyl)pentanedioic acid
WARN	duplicate_exact_synonym	MOD:01941	oboInOwl:hasExactSynonym	2-(2-aminosuccinimidyl)pentanedioic acid
WARN	duplicate_exact_synonym	MOD:01938	oboInOwl:hasExactSynonym	2-(2-aminosuccinimidyl)-3-sulfanylpropanoic acid
WARN	duplicate_exact_synonym	MOD:01939	oboInOwl:hasExactSynonym	2-(2-aminosuccinimidyl)-3-sulfanylpropanoic acid
WARN	duplicate_exact_synonym	MOD:01788	oboInOwl:hasExactSynonym	2-(1H-imidazolyl)ethaniminium
WARN	duplicate_exact_synonym	MOD:01791	oboInOwl:hasExactSynonym	2-(1H-imidazolyl)ethaniminium
WARN	duplicate_exact_synonym	MOD:01716	oboInOwl:hasExactSynonym	2,6-dimethyl-1-methylidenepiperidinium
WARN	duplicate_exact_synonym	MOD:01727	oboInOwl:hasExactSynonym	2,6-dimethyl-1-methylidenepiperidinium
WARN	duplicate_exact_synonym	MOD:01735	oboInOwl:hasExactSynonym	2,6-dimethyl-1-methylidenepiperidinium
WARN	duplicate_exact_synonym	MOD:01743	oboInOwl:hasExactSynonym	2,6-dimethyl-1-methylidenepiperidinium
WARN	duplicate_exact_synonym	MOD:01751	oboInOwl:hasExactSynonym	2,6-dimethyl-1-methylidenepiperidinium
WARN	duplicate_exact_synonym	MOD:01759	oboInOwl:hasExactSynonym	2,6-dimethyl-1-methylidenepiperidinium
WARN	duplicate_exact_synonym	MOD:01767	oboInOwl:hasExactSynonym	2,6-dimethyl-1-methylidenepiperidinium
WARN	duplicate_exact_synonym	MOD:01918	oboInOwl:hasExactSynonym	2,6-diamino-2,3,4,6-tetradeoxyhexonic acid
WARN	duplicate_exact_synonym	MOD:01925	oboInOwl:hasExactSynonym	2,6-diamino-2,3,4,6-tetradeoxyhexonic acid
WARN	duplicate_exact_synonym	MOD:01918	oboInOwl:hasExactSynonym	2,6-bisazanyl-5-hydroxyhexanoic acid
WARN	duplicate_exact_synonym	MOD:01925	oboInOwl:hasExactSynonym	2,6-bisazanyl-5-hydroxyhexanoic acid
WARN	duplicate_exact_synonym	MOD:00012	oboInOwl:hasExactSynonym	2,4-diamino-4-oxobutanoic acid
WARN	duplicate_exact_synonym	MOD:01185	oboInOwl:hasExactSynonym	2,4-diamino-4-oxobutanoic acid
WARN	duplicate_exact_synonym	MOD:00012	oboInOwl:hasExactSynonym	2,4-bis(azanyl)-4-oxobutanoic acid
WARN	duplicate_exact_synonym	MOD:01185	oboInOwl:hasExactSynonym	2,4-bis(azanyl)-4-oxobutanoic acid
WARN	duplicate_exact_synonym	MOD:00190	oboInOwl:hasExactSynonym	2,3-didehydrobutyrine
WARN	duplicate_exact_synonym	MOD:01470	oboInOwl:hasExactSynonym	2,3-didehydrobutyrine
WARN	duplicate_exact_synonym	MOD:01471	oboInOwl:hasExactSynonym	2,3-didehydrobutyrine
WARN	duplicate_exact_synonym	MOD:00189	oboInOwl:hasExactSynonym	2,3-didehydroalanine
WARN	duplicate_exact_synonym	MOD:00793	oboInOwl:hasExactSynonym	2,3-didehydroalanine
WARN	duplicate_exact_synonym	MOD:00824	oboInOwl:hasExactSynonym	2,3-didehydroalanine
WARN	duplicate_exact_synonym	MOD:01168	oboInOwl:hasExactSynonym	2,3-didehydroalanine
WARN	duplicate_exact_synonym	MOD:01954	oboInOwl:hasExactSynonym	2,3-didehydroalanine
WARN	duplicate_exact_synonym	MOD:01142	oboInOwl:hasExactSynonym	15,16-dihydrobiliverdin IXalpha
WARN	duplicate_exact_synonym	MOD:01143	oboInOwl:hasExactSynonym	15,16-dihydrobiliverdin IXalpha
WARN	duplicate_exact_synonym	MOD:01142	oboInOwl:hasExactSynonym	15,16-dihydrobiliverdin cysteine adduct
WARN	duplicate_exact_synonym	MOD:01143	oboInOwl:hasExactSynonym	15,16-dihydrobiliverdin cysteine adduct
WARN	duplicate_exact_synonym	MOD:01142	oboInOwl:hasExactSynonym	15,16-Dhbv
WARN	duplicate_exact_synonym	MOD:01143	oboInOwl:hasExactSynonym	15,16-Dhbv
WARN	duplicate_exact_synonym	MOD:00270	oboInOwl:hasExactSynonym	1-thioglycine
WARN	duplicate_exact_synonym	MOD:01625	oboInOwl:hasExactSynonym	1-thioglycine
WARN	duplicate_exact_synonym	MOD:00015	oboInOwl:hasExactSynonym	1-aminopropane-1,3-dicarboxylic acid
WARN	duplicate_exact_synonym	MOD:00685	oboInOwl:hasExactSynonym	1-aminopropane-1,3-dicarboxylic acid
WARN	duplicate_exact_synonym	MOD:01660	oboInOwl:hasExactSynonym	1-amino-9,10-dioxo-4-{[3-(vinylsulfonyl)phenyl]amino}-9,10-dihydroanthracene-2-sulfonate
WARN	duplicate_exact_synonym	MOD:01887	oboInOwl:hasExactSynonym	1-amino-9,10-dioxo-4-{[3-(vinylsulfonyl)phenyl]amino}-9,10-dihydroanthracene-2-sulfonate
WARN	duplicate_exact_synonym	MOD:01660	oboInOwl:hasExactSynonym	1-amino-4-{[3-(ethenylsulfonyl)phenyl]amino}-9,10-dioxo-9,10-dihydroanthracene-2-sulfonate
WARN	duplicate_exact_synonym	MOD:01887	oboInOwl:hasExactSynonym	1-amino-4-{[3-(ethenylsulfonyl)phenyl]amino}-9,10-dioxo-9,10-dihydroanthracene-2-sulfonate
WARN	duplicate_exact_synonym	MOD:00211	oboInOwl:hasExactSynonym	1-(cystein-S-yl)-glycinate
WARN	duplicate_exact_synonym	MOD:01777	oboInOwl:hasExactSynonym	1-(cystein-S-yl)-glycinate
WARN	duplicate_exact_synonym	MOD:00190	oboInOwl:hasExactSynonym	(Z)-dehydrobutyrine
WARN	duplicate_exact_synonym	MOD:01471	oboInOwl:hasExactSynonym	(Z)-dehydrobutyrine
WARN	duplicate_exact_synonym	MOD:00190	oboInOwl:hasExactSynonym	(Z)-2-aminobutenoic acid
WARN	duplicate_exact_synonym	MOD:01471	oboInOwl:hasExactSynonym	(Z)-2-aminobutenoic acid
WARN	duplicate_exact_synonym	MOD:00190	oboInOwl:hasExactSynonym	(Z)-2-amino-2-butenoic acid
WARN	duplicate_exact_synonym	MOD:01471	oboInOwl:hasExactSynonym	(Z)-2-amino-2-butenoic acid
WARN	duplicate_exact_synonym	MOD:00209	oboInOwl:hasExactSynonym	(S,Z)-S-(2-aminovinyl)cysteine
WARN	duplicate_exact_synonym	MOD:01849	oboInOwl:hasExactSynonym	(S,Z)-S-(2-aminovinyl)cysteine
WARN	duplicate_exact_synonym	MOD:01850	oboInOwl:hasExactSynonym	(S,Z)-S-(2-aminovinyl)cysteine
WARN	duplicate_exact_synonym	MOD:01873	oboInOwl:hasExactSynonym	(S)-2-carboxyamino-propanoic acid
WARN	duplicate_exact_synonym	MOD:01874	oboInOwl:hasExactSynonym	(S)-2-carboxyamino-propanoic acid
WARN	duplicate_exact_synonym	MOD:00193	oboInOwl:hasExactSynonym	(S)-2-amino-3-oxopropanoic acid
WARN	duplicate_exact_synonym	MOD:00835	oboInOwl:hasExactSynonym	(S)-2-amino-3-oxopropanoic acid
WARN	duplicate_exact_synonym	MOD:01169	oboInOwl:hasExactSynonym	(S)-2-amino-3-oxopropanoic acid
WARN	duplicate_exact_synonym	MOD:02106	oboInOwl:hasExactSynonym	(S)-2-Amino-3-(4-hydroxy-1H-indol-3-yl)propanoic acid
WARN	duplicate_exact_synonym	MOD:02108	oboInOwl:hasExactSynonym	(S)-2-Amino-3-(4-hydroxy-1H-indol-3-yl)propanoic acid
WARN	duplicate_exact_synonym	MOD:01444	oboInOwl:hasExactSynonym	(S)-2-amino-3,3-dihydroxypropanoic acid
WARN	duplicate_exact_synonym	MOD:01445	oboInOwl:hasExactSynonym	(S)-2-amino-3,3-dihydroxypropanoic acid
WARN	duplicate_exact_synonym	MOD:01448	oboInOwl:hasExactSynonym	(S)-2-amino-3,3-dihydroxypropanoic acid
WARN	duplicate_exact_synonym	MOD:00119	oboInOwl:hasExactSynonym	(R,R)-bis(2-amino-2-carboxyethyl)sulfide
WARN	duplicate_exact_synonym	MOD:01837	oboInOwl:hasExactSynonym	(R,R)-bis(2-amino-2-carboxyethyl)sulfide
WARN	duplicate_exact_synonym	MOD:00119	oboInOwl:hasExactSynonym	(R,R)-3,3'-thiobis-(2-aminopropanoic acid)
WARN	duplicate_exact_synonym	MOD:01837	oboInOwl:hasExactSynonym	(R,R)-3,3'-thiobis-(2-aminopropanoic acid)
WARN	duplicate_exact_synonym	MOD:01183	oboInOwl:hasExactSynonym	(R,R)-3,3'-diselane-1,2-diylbis(2-aminopropanoic acid)
WARN	duplicate_exact_synonym	MOD:01184	oboInOwl:hasExactSynonym	(R,R)-3,3'-diselane-1,2-diylbis(2-aminopropanoic acid)
WARN	duplicate_exact_synonym	MOD:00363	oboInOwl:hasExactSynonym	(R,R)-2-amino-3-[3-(2-aminopropanoic acid)sulfanyl]selanylpropanoic acid
WARN	duplicate_exact_synonym	MOD:00867	oboInOwl:hasExactSynonym	(R,R)-2-amino-3-[3-(2-aminopropanoic acid)sulfanyl]selanylpropanoic acid
WARN	duplicate_exact_synonym	MOD:00119	oboInOwl:hasExactSynonym	(R,R)-2,6-diamino-4-thiaheptanedioic acid
WARN	duplicate_exact_synonym	MOD:01837	oboInOwl:hasExactSynonym	(R,R)-2,6-diamino-4-thiaheptanedioic acid
WARN	duplicate_exact_synonym	MOD:00119	oboInOwl:hasExactSynonym	(R)-S-(2-amino-2-carboxyethyl)-L-cysteine
WARN	duplicate_exact_synonym	MOD:01837	oboInOwl:hasExactSynonym	(R)-S-(2-amino-2-carboxyethyl)-L-cysteine
WARN	duplicate_exact_synonym	MOD:00419	oboInOwl:hasExactSynonym	(R)-5-oxoperhydro-1,4-thiazine-3-carboxylic acid
WARN	duplicate_exact_synonym	MOD:01871	oboInOwl:hasExactSynonym	(R)-5-oxoperhydro-1,4-thiazine-3-carboxylic acid
WARN	duplicate_exact_synonym	MOD:01872	oboInOwl:hasExactSynonym	(R)-5-oxoperhydro-1,4-thiazine-3-carboxylic acid
WARN	duplicate_exact_synonym	MOD:00198	oboInOwl:hasExactSynonym	(R)-2-aminopropanoic acid
WARN	duplicate_exact_synonym	MOD:00858	oboInOwl:hasExactSynonym	(R)-2-aminopropanoic acid
WARN	duplicate_exact_synonym	MOD:00862	oboInOwl:hasExactSynonym	(R)-2-aminopropanoic acid
WARN	duplicate_exact_synonym	MOD:00202	oboInOwl:hasExactSynonym	(R)-2-amino-3-hydroxypropanoic acid
WARN	duplicate_exact_synonym	MOD:00891	oboInOwl:hasExactSynonym	(R)-2-amino-3-hydroxypropanoic acid
WARN	duplicate_exact_synonym	MOD:00892	oboInOwl:hasExactSynonym	(R)-2-amino-3-hydroxypropanoic acid
WARN	duplicate_exact_synonym	MOD:00081	oboInOwl:hasExactSynonym	(5)-methyl L-hydrogen glutamate
WARN	duplicate_exact_synonym	MOD:00657	oboInOwl:hasExactSynonym	(5)-methyl L-hydrogen glutamate
WARN	duplicate_exact_synonym	MOD:01453	oboInOwl:hasExactSynonym	(5)-methyl L-hydrogen glutamate
WARN	duplicate_exact_synonym	MOD:01940	oboInOwl:hasExactSynonym	(4S)-4-[(3S)-3-amino-2,5-dioxopyrrolidin-1-yl]-5-oxopentanoic acid
WARN	duplicate_exact_synonym	MOD:01941	oboInOwl:hasExactSynonym	(4S)-4-[(3S)-3-amino-2,5-dioxopyrrolidin-1-yl]-5-oxopentanoic acid
WARN	duplicate_exact_synonym	MOD:01485	oboInOwl:hasExactSynonym	(4-methylpiperazin-1-yl)acetyl
WARN	duplicate_exact_synonym	MOD:01486	oboInOwl:hasExactSynonym	(4-methylpiperazin-1-yl)acetyl
WARN	duplicate_exact_synonym	MOD:01487	oboInOwl:hasExactSynonym	(4-methylpiperazin-1-yl)acetyl
WARN	duplicate_exact_synonym	MOD:01488	oboInOwl:hasExactSynonym	(4-methylpiperazin-1-yl)acetyl
WARN	duplicate_exact_synonym	MOD:01489	oboInOwl:hasExactSynonym	(4-methylpiperazin-1-yl)acetyl
WARN	duplicate_exact_synonym	MOD:01490	oboInOwl:hasExactSynonym	(4-methylpiperazin-1-yl)acetyl
WARN	duplicate_exact_synonym	MOD:01491	oboInOwl:hasExactSynonym	(4-methylpiperazin-1-yl)acetyl
WARN	duplicate_exact_synonym	MOD:01492	oboInOwl:hasExactSynonym	(4-methylpiperazin-1-yl)acetyl
WARN	duplicate_exact_synonym	MOD:01493	oboInOwl:hasExactSynonym	(4-methylpiperazin-1-yl)acetyl
WARN	duplicate_exact_synonym	MOD:01494	oboInOwl:hasExactSynonym	(4-methylpiperazin-1-yl)acetyl
WARN	duplicate_exact_synonym	MOD:01495	oboInOwl:hasExactSynonym	(4-methylpiperazin-1-yl)acetyl
WARN	duplicate_exact_synonym	MOD:01496	oboInOwl:hasExactSynonym	(4-methylpiperazin-1-yl)acetyl
WARN	duplicate_exact_synonym	MOD:01497	oboInOwl:hasExactSynonym	(4-methylpiperazin-1-yl)acetyl
WARN	duplicate_exact_synonym	MOD:01498	oboInOwl:hasExactSynonym	(4-methylpiperazin-1-yl)acetyl
WARN	duplicate_exact_synonym	MOD:01499	oboInOwl:hasExactSynonym	(4-methylpiperazin-1-yl)acetyl
WARN	duplicate_exact_synonym	MOD:01500	oboInOwl:hasExactSynonym	(4-methylpiperazin-1-yl)acetyl
WARN	duplicate_exact_synonym	MOD:01501	oboInOwl:hasExactSynonym	(4-methylpiperazin-1-yl)acetyl
WARN	duplicate_exact_synonym	MOD:01502	oboInOwl:hasExactSynonym	(4-methylpiperazin-1-yl)acetyl
WARN	duplicate_exact_synonym	MOD:01503	oboInOwl:hasExactSynonym	(4-methylpiperazin-1-yl)acetyl
WARN	duplicate_exact_synonym	MOD:01504	oboInOwl:hasExactSynonym	(4-methylpiperazin-1-yl)acetyl
WARN	duplicate_exact_synonym	MOD:01505	oboInOwl:hasExactSynonym	(4-methylpiperazin-1-yl)acetyl
WARN	duplicate_exact_synonym	MOD:01506	oboInOwl:hasExactSynonym	(4-methylpiperazin-1-yl)acetyl
WARN	duplicate_exact_synonym	MOD:01507	oboInOwl:hasExactSynonym	(4-methylpiperazin-1-yl)acetyl
WARN	duplicate_exact_synonym	MOD:01508	oboInOwl:hasExactSynonym	(4-methylpiperazin-1-yl)acetyl
WARN	duplicate_exact_synonym	MOD:01509	oboInOwl:hasExactSynonym	(4-methylpiperazin-1-yl)acetyl
WARN	duplicate_exact_synonym	MOD:01510	oboInOwl:hasExactSynonym	(4-methylpiperazin-1-yl)acetyl
WARN	duplicate_exact_synonym	MOD:01511	oboInOwl:hasExactSynonym	(4-methylpiperazin-1-yl)acetyl
WARN	duplicate_exact_synonym	MOD:01512	oboInOwl:hasExactSynonym	(4-methylpiperazin-1-yl)acetyl
WARN	duplicate_exact_synonym	MOD:01518	oboInOwl:hasExactSynonym	(4-methylpiperazin-1-yl)acetyl
WARN	duplicate_exact_synonym	MOD:01528	oboInOwl:hasExactSynonym	(4-methylpiperazin-1-yl)acetyl
WARN	duplicate_exact_synonym	MOD:01529	oboInOwl:hasExactSynonym	(4-methylpiperazin-1-yl)acetyl
WARN	duplicate_exact_synonym	MOD:01530	oboInOwl:hasExactSynonym	(4-methylpiperazin-1-yl)acetyl
WARN	duplicate_exact_synonym	MOD:01531	oboInOwl:hasExactSynonym	(4-methylpiperazin-1-yl)acetyl
WARN	duplicate_exact_synonym	MOD:01532	oboInOwl:hasExactSynonym	(4-methylpiperazin-1-yl)acetyl
WARN	duplicate_exact_synonym	MOD:01533	oboInOwl:hasExactSynonym	(4-methylpiperazin-1-yl)acetyl
WARN	duplicate_exact_synonym	MOD:01534	oboInOwl:hasExactSynonym	(4-methylpiperazin-1-yl)acetyl
WARN	duplicate_exact_synonym	MOD:01535	oboInOwl:hasExactSynonym	(4-methylpiperazin-1-yl)acetyl
WARN	duplicate_exact_synonym	MOD:01536	oboInOwl:hasExactSynonym	(4-methylpiperazin-1-yl)acetyl
WARN	duplicate_exact_synonym	MOD:01537	oboInOwl:hasExactSynonym	(4-methylpiperazin-1-yl)acetyl
WARN	duplicate_exact_synonym	MOD:01538	oboInOwl:hasExactSynonym	(4-methylpiperazin-1-yl)acetyl
WARN	duplicate_exact_synonym	MOD:01539	oboInOwl:hasExactSynonym	(4-methylpiperazin-1-yl)acetyl
WARN	duplicate_exact_synonym	MOD:01540	oboInOwl:hasExactSynonym	(4-methylpiperazin-1-yl)acetyl
WARN	duplicate_exact_synonym	MOD:01541	oboInOwl:hasExactSynonym	(4-methylpiperazin-1-yl)acetyl
WARN	duplicate_exact_synonym	MOD:01542	oboInOwl:hasExactSynonym	(4-methylpiperazin-1-yl)acetyl
WARN	duplicate_exact_synonym	MOD:01543	oboInOwl:hasExactSynonym	(4-methylpiperazin-1-yl)acetyl
WARN	duplicate_exact_synonym	MOD:01544	oboInOwl:hasExactSynonym	(4-methylpiperazin-1-yl)acetyl
WARN	duplicate_exact_synonym	MOD:01545	oboInOwl:hasExactSynonym	(4-methylpiperazin-1-yl)acetyl
WARN	duplicate_exact_synonym	MOD:01546	oboInOwl:hasExactSynonym	(4-methylpiperazin-1-yl)acetyl
WARN	duplicate_exact_synonym	MOD:01547	oboInOwl:hasExactSynonym	(4-methylpiperazin-1-yl)acetyl
WARN	duplicate_exact_synonym	MOD:01548	oboInOwl:hasExactSynonym	(4-methylpiperazin-1-yl)acetyl
WARN	duplicate_exact_synonym	MOD:01549	oboInOwl:hasExactSynonym	(4-methylpiperazin-1-yl)acetyl
WARN	duplicate_exact_synonym	MOD:01550	oboInOwl:hasExactSynonym	(4-methylpiperazin-1-yl)acetyl
WARN	duplicate_exact_synonym	MOD:01551	oboInOwl:hasExactSynonym	(4-methylpiperazin-1-yl)acetyl
WARN	duplicate_exact_synonym	MOD:01552	oboInOwl:hasExactSynonym	(4-methylpiperazin-1-yl)acetyl
WARN	duplicate_exact_synonym	MOD:01553	oboInOwl:hasExactSynonym	(4-methylpiperazin-1-yl)acetyl
WARN	duplicate_exact_synonym	MOD:01554	oboInOwl:hasExactSynonym	(4-methylpiperazin-1-yl)acetyl
WARN	duplicate_exact_synonym	MOD:01555	oboInOwl:hasExactSynonym	(4-methylpiperazin-1-yl)acetyl
WARN	duplicate_exact_synonym	MOD:01556	oboInOwl:hasExactSynonym	(4-methylpiperazin-1-yl)acetyl
WARN	duplicate_exact_synonym	MOD:01557	oboInOwl:hasExactSynonym	(4-methylpiperazin-1-yl)acetyl
WARN	duplicate_exact_synonym	MOD:01558	oboInOwl:hasExactSynonym	(4-methylpiperazin-1-yl)acetyl
WARN	duplicate_exact_synonym	MOD:01559	oboInOwl:hasExactSynonym	(4-methylpiperazin-1-yl)acetyl
WARN	duplicate_exact_synonym	MOD:01560	oboInOwl:hasExactSynonym	(4-methylpiperazin-1-yl)acetyl
WARN	duplicate_exact_synonym	MOD:01561	oboInOwl:hasExactSynonym	(4-methylpiperazin-1-yl)acetyl
WARN	duplicate_exact_synonym	MOD:01562	oboInOwl:hasExactSynonym	(4-methylpiperazin-1-yl)acetyl
WARN	duplicate_exact_synonym	MOD:01563	oboInOwl:hasExactSynonym	(4-methylpiperazin-1-yl)acetyl
WARN	duplicate_exact_synonym	MOD:01564	oboInOwl:hasExactSynonym	(4-methylpiperazin-1-yl)acetyl
WARN	duplicate_exact_synonym	MOD:01565	oboInOwl:hasExactSynonym	(4-methylpiperazin-1-yl)acetyl
WARN	duplicate_exact_synonym	MOD:01566	oboInOwl:hasExactSynonym	(4-methylpiperazin-1-yl)acetyl
WARN	duplicate_exact_synonym	MOD:01567	oboInOwl:hasExactSynonym	(4-methylpiperazin-1-yl)acetyl
WARN	duplicate_exact_synonym	MOD:01568	oboInOwl:hasExactSynonym	(4-methylpiperazin-1-yl)acetyl
WARN	duplicate_exact_synonym	MOD:01569	oboInOwl:hasExactSynonym	(4-methylpiperazin-1-yl)acetyl
WARN	duplicate_exact_synonym	MOD:01570	oboInOwl:hasExactSynonym	(4-methylpiperazin-1-yl)acetyl
WARN	duplicate_exact_synonym	MOD:01571	oboInOwl:hasExactSynonym	(4-methylpiperazin-1-yl)acetyl
WARN	duplicate_exact_synonym	MOD:01572	oboInOwl:hasExactSynonym	(4-methylpiperazin-1-yl)acetyl
WARN	duplicate_exact_synonym	MOD:01573	oboInOwl:hasExactSynonym	(4-methylpiperazin-1-yl)acetyl
WARN	duplicate_exact_synonym	MOD:01574	oboInOwl:hasExactSynonym	(4-methylpiperazin-1-yl)acetyl
WARN	duplicate_exact_synonym	MOD:01575	oboInOwl:hasExactSynonym	(4-methylpiperazin-1-yl)acetyl
WARN	duplicate_exact_synonym	MOD:01576	oboInOwl:hasExactSynonym	(4-methylpiperazin-1-yl)acetyl
WARN	duplicate_exact_synonym	MOD:01577	oboInOwl:hasExactSynonym	(4-methylpiperazin-1-yl)acetyl
WARN	duplicate_exact_synonym	MOD:01578	oboInOwl:hasExactSynonym	(4-methylpiperazin-1-yl)acetyl
WARN	duplicate_exact_synonym	MOD:01579	oboInOwl:hasExactSynonym	(4-methylpiperazin-1-yl)acetyl
WARN	duplicate_exact_synonym	MOD:01580	oboInOwl:hasExactSynonym	(4-methylpiperazin-1-yl)acetyl
WARN	duplicate_exact_synonym	MOD:01581	oboInOwl:hasExactSynonym	(4-methylpiperazin-1-yl)acetyl
WARN	duplicate_exact_synonym	MOD:01582	oboInOwl:hasExactSynonym	(4-methylpiperazin-1-yl)acetyl
WARN	duplicate_exact_synonym	MOD:01583	oboInOwl:hasExactSynonym	(4-methylpiperazin-1-yl)acetyl
WARN	duplicate_exact_synonym	MOD:01709	oboInOwl:hasExactSynonym	(4-methylpiperazin-1-yl)acetyl
WARN	duplicate_exact_synonym	MOD:01710	oboInOwl:hasExactSynonym	(4-methylpiperazin-1-yl)acetyl
WARN	duplicate_exact_synonym	MOD:01711	oboInOwl:hasExactSynonym	(4-methylpiperazin-1-yl)acetyl
WARN	duplicate_exact_synonym	MOD:01712	oboInOwl:hasExactSynonym	(4-methylpiperazin-1-yl)acetyl
WARN	duplicate_exact_synonym	MOD:01713	oboInOwl:hasExactSynonym	(4-methylpiperazin-1-yl)acetyl
WARN	duplicate_exact_synonym	MOD:01714	oboInOwl:hasExactSynonym	(4-methylpiperazin-1-yl)acetyl
WARN	duplicate_exact_synonym	MOD:01863	oboInOwl:hasExactSynonym	(4-methylpiperazin-1-yl)acetyl
WARN	duplicate_exact_synonym	MOD:01864	oboInOwl:hasExactSynonym	(4-methylpiperazin-1-yl)acetyl
WARN	duplicate_exact_synonym	MOD:01865	oboInOwl:hasExactSynonym	(4-methylpiperazin-1-yl)acetyl
WARN	duplicate_exact_synonym	MOD:01866	oboInOwl:hasExactSynonym	(4-methylpiperazin-1-yl)acetyl
WARN	duplicate_exact_synonym	MOD:01867	oboInOwl:hasExactSynonym	(4-methylpiperazin-1-yl)acetyl
WARN	duplicate_exact_synonym	MOD:02028	oboInOwl:hasExactSynonym	(4-methylpiperazin-1-yl)acetyl
WARN	duplicate_exact_synonym	MOD:01906	oboInOwl:hasExactSynonym	(3S)-3-carboxy-1-methylisothiazolidin-1-ium
WARN	duplicate_exact_synonym	MOD:01907	oboInOwl:hasExactSynonym	(3S)-3-carboxy-1-methylisothiazolidin-1-ium
WARN	duplicate_exact_synonym	MOD:00952	oboInOwl:hasExactSynonym	(3-amino-2,5-dioxo-1-pyrrolidinyl)acetic acid
WARN	duplicate_exact_synonym	MOD:01624	oboInOwl:hasExactSynonym	(3-amino-2,5-dioxo-1-pyrrolidinyl)acetic acid
WARN	duplicate_exact_synonym	MOD:01436	oboInOwl:hasExactSynonym	(3,6-dioxopyrrolo[4,5-a]piperazin-2-yl)methyl cysteinate
WARN	duplicate_exact_synonym	MOD:01437	oboInOwl:hasExactSynonym	(3,6-dioxopyrrolo[4,5-a]piperazin-2-yl)methyl cysteinate
WARN	duplicate_exact_synonym	MOD:01629	oboInOwl:hasExactSynonym	(3,6-dioxopyrrolo[4,5-a]piperazin-2-yl)methyl cysteinate
WARN	duplicate_exact_synonym	MOD:00190	oboInOwl:hasExactSynonym	(2Z)-2-aminobut-2-enoic acid
WARN	duplicate_exact_synonym	MOD:01471	oboInOwl:hasExactSynonym	(2Z)-2-aminobut-2-enoic acid
WARN	duplicate_exact_synonym	MOD:01396	oboInOwl:hasExactSynonym	(2S,3S,5Xi)-5-hydroxy-3-methylpyrrolidine-2-carboxylic acid
WARN	duplicate_exact_synonym	MOD:01897	oboInOwl:hasExactSynonym	(2S,3S,5Xi)-5-hydroxy-3-methylpyrrolidine-2-carboxylic acid
WARN	duplicate_exact_synonym	MOD:01905	oboInOwl:hasExactSynonym	(2S,3S,5Xi)-5-hydroxy-3-methylpyrrolidine-2-carboxylic acid
WARN	duplicate_exact_synonym	MOD:01785	oboInOwl:hasExactSynonym	(2S,3R)-2-amino-3-([(4S)-4-amino-4-carboxybutanoyl]oxy)-propanoic acid
WARN	duplicate_exact_synonym	MOD:01952	oboInOwl:hasExactSynonym	(2S,3R)-2-amino-3-([(4S)-4-amino-4-carboxybutanoyl]oxy)-propanoic acid
WARN	duplicate_exact_synonym	MOD:01979	oboInOwl:hasExactSynonym	(2S,3R)-2-amino-3-([(4S)-4-amino-4-carboxybutanoyl]oxy)-propanoic acid
WARN	duplicate_exact_synonym	MOD:01671	oboInOwl:hasExactSynonym	(2S,3R)-2-amino-3-([(4S)-3-amino-3-carboxypropanoyl]oxy)propanoic acid
WARN	duplicate_exact_synonym	MOD:01947	oboInOwl:hasExactSynonym	(2S,3R)-2-amino-3-([(4S)-3-amino-3-carboxypropanoyl]oxy)propanoic acid
WARN	duplicate_exact_synonym	MOD:01978	oboInOwl:hasExactSynonym	(2S,3R)-2-amino-3-([(4S)-3-amino-3-carboxypropanoyl]oxy)propanoic acid
WARN	duplicate_exact_synonym	MOD:00040	oboInOwl:hasExactSynonym	(2S)-5-oxo-2-pyrrolidinecarboxylic acid
WARN	duplicate_exact_synonym	MOD:00420	oboInOwl:hasExactSynonym	(2S)-5-oxo-2-pyrrolidinecarboxylic acid
WARN	duplicate_exact_synonym	MOD:01446	oboInOwl:hasExactSynonym	(2S)-2-[(dihydroxymethyl)amino]-4-(methylsulfanyl)butanoic acid
WARN	duplicate_exact_synonym	MOD:01447	oboInOwl:hasExactSynonym	(2S)-2-[(dihydroxymethyl)amino]-4-(methylsulfanyl)butanoic acid
WARN	duplicate_exact_synonym	MOD:00030	oboInOwl:hasExactSynonym	(2S)-2-formylamino-4-(methylsulfanyl)butanoic acid
WARN	duplicate_exact_synonym	MOD:00482	oboInOwl:hasExactSynonym	(2S)-2-formylamino-4-(methylsulfanyl)butanoic acid
WARN	duplicate_exact_synonym	MOD:00010	oboInOwl:hasExactSynonym	(2S)-2-aminopropanoic acid
WARN	duplicate_exact_synonym	MOD:00869	oboInOwl:hasExactSynonym	(2S)-2-aminopropanoic acid
WARN	duplicate_exact_synonym	MOD:00015	oboInOwl:hasExactSynonym	(2S)-2-aminopentanedioic acid
WARN	duplicate_exact_synonym	MOD:00685	oboInOwl:hasExactSynonym	(2S)-2-aminopentanedioic acid
WARN	duplicate_exact_synonym	MOD:00013	oboInOwl:hasExactSynonym	(2S)-2-aminobutanedioic acid
WARN	duplicate_exact_synonym	MOD:00684	oboInOwl:hasExactSynonym	(2S)-2-aminobutanedioic acid
WARN	duplicate_exact_synonym	MOD:00326	oboInOwl:hasExactSynonym	(2S)-2-amino-6-[(2R,3R)-3-methyl-3,4-dihydro-2H-pyrrol-2-ylcarbonyl]aminohexanoic acid
WARN	duplicate_exact_synonym	MOD:01187	oboInOwl:hasExactSynonym	(2S)-2-amino-6-[(2R,3R)-3-methyl-3,4-dihydro-2H-pyrrol-2-ylcarbonyl]aminohexanoic acid
WARN	duplicate_exact_synonym	MOD:00133	oboInOwl:hasExactSynonym	(2S)-2-amino-6-([(4S)-4-amino-4-carboxybutanoyl]amino)hexanoic acid
WARN	duplicate_exact_synonym	MOD:01484	oboInOwl:hasExactSynonym	(2S)-2-amino-6-([(4S)-4-amino-4-carboxybutanoyl]amino)hexanoic acid
WARN	duplicate_exact_synonym	MOD:01630	oboInOwl:hasExactSynonym	(2S)-2-amino-6-([(4S)-4-amino-4-carboxybutanoyl]amino)hexanoic acid
WARN	duplicate_exact_synonym	MOD:00299	oboInOwl:hasExactSynonym	(2S)-2-amino-6-([(3S)-3-amino-3-carboxypropanoyl]amino)hexanoic acid
WARN	duplicate_exact_synonym	MOD:01917	oboInOwl:hasExactSynonym	(2S)-2-amino-6-([(3S)-3-amino-3-carboxypropanoyl]amino)hexanoic acid
WARN	duplicate_exact_synonym	MOD:01929	oboInOwl:hasExactSynonym	(2S)-2-amino-6-([(3S)-3-amino-3-carboxypropanoyl]amino)hexanoic acid
WARN	duplicate_exact_synonym	MOD:00132	oboInOwl:hasExactSynonym	(2S)-2-amino-6-([(2R)-2-amino-2-carboxyethyl]amino)hexanoic acid
WARN	duplicate_exact_synonym	MOD:01838	oboInOwl:hasExactSynonym	(2S)-2-amino-6-([(2R)-2-amino-2-carboxyethyl]amino)hexanoic acid
WARN	duplicate_exact_synonym	MOD:00953	oboInOwl:hasExactSynonym	(2S)-2-amino-5-[(2S)-2-amino-2-carboxyethoxy]-5-oxopentanoic acid
WARN	duplicate_exact_synonym	MOD:01951	oboInOwl:hasExactSynonym	(2S)-2-amino-5-[(2S)-2-amino-2-carboxyethoxy]-5-oxopentanoic acid
WARN	duplicate_exact_synonym	MOD:01977	oboInOwl:hasExactSynonym	(2S)-2-amino-5-[(2S)-2-amino-2-carboxyethoxy]-5-oxopentanoic acid
WARN	duplicate_exact_synonym	MOD:00081	oboInOwl:hasExactSynonym	(2S)-2-amino-5-methoxy-5-oxopentanoic acid
WARN	duplicate_exact_synonym	MOD:00657	oboInOwl:hasExactSynonym	(2S)-2-amino-5-methoxy-5-oxopentanoic acid
WARN	duplicate_exact_synonym	MOD:01453	oboInOwl:hasExactSynonym	(2S)-2-amino-5-methoxy-5-oxopentanoic acid
WARN	duplicate_exact_synonym	MOD:01785	oboInOwl:hasExactSynonym	(2S)-2-amino-5-([(1S,2R)-1-amino-1-carboxypropan-2-yl]oxy)-5-oxopentanoic acid
WARN	duplicate_exact_synonym	MOD:01952	oboInOwl:hasExactSynonym	(2S)-2-amino-5-([(1S,2R)-1-amino-1-carboxypropan-2-yl]oxy)-5-oxopentanoic acid
WARN	duplicate_exact_synonym	MOD:01979	oboInOwl:hasExactSynonym	(2S)-2-amino-5-([(1S,2R)-1-amino-1-carboxypropan-2-yl]oxy)-5-oxopentanoic acid
WARN	duplicate_exact_synonym	MOD:00332	oboInOwl:hasExactSynonym	(2S)-2-amino-5-(beta-D-glucopyranosyl[imino(methylamino)methyl]amino)pentanoic acid
WARN	duplicate_exact_synonym	MOD:01980	oboInOwl:hasExactSynonym	(2S)-2-amino-5-(beta-D-glucopyranosyl[imino(methylamino)methyl]amino)pentanoic acid
WARN	duplicate_exact_synonym	MOD:00719	oboInOwl:hasExactSynonym	(2S)-2-amino-4-[(R)-methylsulfinyl]butanoic acid
WARN	duplicate_exact_synonym	MOD:00720	oboInOwl:hasExactSynonym	(2S)-2-amino-4-[(R)-methylsulfinyl]butanoic acid
WARN	duplicate_exact_synonym	MOD:00012	oboInOwl:hasExactSynonym	(2S)-2-amino-4-butanediamic acid
WARN	duplicate_exact_synonym	MOD:01185	oboInOwl:hasExactSynonym	(2S)-2-amino-4-butanediamic acid
WARN	duplicate_exact_synonym	MOD:01671	oboInOwl:hasExactSynonym	(2S)-2-amino-4-([(1S,2R)-1-amino-1-carboxypropan-2-yl]oxy)-4-oxobutanoic acid
WARN	duplicate_exact_synonym	MOD:01947	oboInOwl:hasExactSynonym	(2S)-2-amino-4-([(1S,2R)-1-amino-1-carboxypropan-2-yl]oxy)-4-oxobutanoic acid
WARN	duplicate_exact_synonym	MOD:01978	oboInOwl:hasExactSynonym	(2S)-2-amino-4-([(1S,2R)-1-amino-1-carboxypropan-2-yl]oxy)-4-oxobutanoic acid
WARN	duplicate_exact_synonym	MOD:00135	oboInOwl:hasExactSynonym	(2S)-2-amino-4-(carboxymethyl)amino-4-oxobutanoic acid
WARN	duplicate_exact_synonym	MOD:01805	oboInOwl:hasExactSynonym	(2S)-2-amino-4-(carboxymethyl)amino-4-oxobutanoic acid
WARN	duplicate_exact_synonym	MOD:01928	oboInOwl:hasExactSynonym	(2S)-2-amino-4-(carboxymethyl)amino-4-oxobutanoic acid
WARN	duplicate_exact_synonym	MOD:00209	oboInOwl:hasExactSynonym	(2S)-2-amino-3-([(Z)-2-aminoethenyl]sulfanyl)propanoic acid
WARN	duplicate_exact_synonym	MOD:01849	oboInOwl:hasExactSynonym	(2S)-2-amino-3-([(Z)-2-aminoethenyl]sulfanyl)propanoic acid
WARN	duplicate_exact_synonym	MOD:01850	oboInOwl:hasExactSynonym	(2S)-2-amino-3-([(Z)-2-aminoethenyl]sulfanyl)propanoic acid
WARN	duplicate_exact_synonym	MOD:00390	oboInOwl:hasExactSynonym	(2S)-2-amino-3-(decanoyloxy)propanoic acid
WARN	duplicate_exact_synonym	MOD:00392	oboInOwl:hasExactSynonym	(2S)-2-amino-3-(decanoyloxy)propanoic acid
WARN	duplicate_exact_synonym	MOD:01890	oboInOwl:hasExactSynonym	(2S)-2-([(4-[(2S)-2-amino-2-carboxyethyl]-1H-imidazol-1-yl)methyl]amino)-4-(methylsulfanyl)butanoic acid
WARN	duplicate_exact_synonym	MOD:01891	oboInOwl:hasExactSynonym	(2S)-2-([(4-[(2S)-2-amino-2-carboxyethyl]-1H-imidazol-1-yl)methyl]amino)-4-(methylsulfanyl)butanoic acid
WARN	duplicate_exact_synonym	MOD:00132	oboInOwl:hasExactSynonym	(2R,9S)-lysinoalanine
WARN	duplicate_exact_synonym	MOD:01838	oboInOwl:hasExactSynonym	(2R,9S)-lysinoalanine
WARN	duplicate_exact_synonym	MOD:00140	oboInOwl:hasExactSynonym	(2R,3R)-3-[(1R)-1-(((2R)-2-amino-2-carboxy)ethylsulfanyl)ethyl]-8,12-bis(2-carboxyethyl)-18-ethyl-2,7,13,17-tetramethyl-1,2,3,19,21,22,24-heptahydrobilin-1,19(21H,22H,24H)-dione
WARN	duplicate_exact_synonym	MOD:00142	oboInOwl:hasExactSynonym	(2R,3R)-3-[(1R)-1-(((2R)-2-amino-2-carboxy)ethylsulfanyl)ethyl]-8,12-bis(2-carboxyethyl)-18-ethyl-2,7,13,17-tetramethyl-1,2,3,19,21,22,24-heptahydrobilin-1,19(21H,22H,24H)-dione
WARN	duplicate_exact_synonym	MOD:00119	oboInOwl:hasExactSynonym	(2R,2'R)-3,3'-sulfanediylbis(2-aminopropanoic acid)
WARN	duplicate_exact_synonym	MOD:01837	oboInOwl:hasExactSynonym	(2R,2'R)-3,3'-sulfanediylbis(2-aminopropanoic acid)
WARN	duplicate_exact_synonym	MOD:00034	oboInOwl:hasExactSynonym	(2R,2'R)-3,3'-disulfane-1,2-diylbis(2-aminopropanoic acid)
WARN	duplicate_exact_synonym	MOD:00765	oboInOwl:hasExactSynonym	(2R,2'R)-3,3'-disulfane-1,2-diylbis(2-aminopropanoic acid)
WARN	duplicate_exact_synonym	MOD:01626	oboInOwl:hasExactSynonym	(2R,2'R)-3,3'-disulfane-1,2-diylbis(2-aminopropanoic acid)
WARN	duplicate_exact_synonym	MOD:01938	oboInOwl:hasExactSynonym	(2R)-2-[(3S)-3-amino-2,5-dioxopyrrolidin-1-yl]-3-sulfanylpropanoic acid
WARN	duplicate_exact_synonym	MOD:01939	oboInOwl:hasExactSynonym	(2R)-2-[(3S)-3-amino-2,5-dioxopyrrolidin-1-yl]-3-sulfanylpropanoic acid
WARN	duplicate_exact_synonym	MOD:01921	oboInOwl:hasExactSynonym	(2R)-2-aminobutanedioic acid
WARN	duplicate_exact_synonym	MOD:01930	oboInOwl:hasExactSynonym	(2R)-2-aminobutanedioic acid
WARN	duplicate_exact_synonym	MOD:01942	oboInOwl:hasExactSynonym	(2R)-2-aminobutanedioic acid
WARN	duplicate_exact_synonym	MOD:00211	oboInOwl:hasExactSynonym	(2R)-2-amino-3-[(aminoacetyl)sulfanyl]propanoic acid
WARN	duplicate_exact_synonym	MOD:01777	oboInOwl:hasExactSynonym	(2R)-2-amino-3-[(aminoacetyl)sulfanyl]propanoic acid
WARN	duplicate_exact_synonym	MOD:00031	oboInOwl:hasExactSynonym	(2R)-2-amino-3-selanylpropanoic acid
WARN	duplicate_exact_synonym	MOD:00686	oboInOwl:hasExactSynonym	(2R)-2-amino-3-selanylpropanoic acid
WARN	duplicate_exact_synonym	MOD:00112	oboInOwl:hasExactSynonym	(2R)-2-amino-3-([(2E,6E,10Z)-12-hydroxy-3,7,11-trimethyldodeca-2,6,10-trien-1-yl]sulfanyl)propanoic acid
WARN	duplicate_exact_synonym	MOD:00113	oboInOwl:hasExactSynonym	(2R)-2-amino-3-([(2E,6E,10Z)-12-hydroxy-3,7,11-trimethyldodeca-2,6,10-trien-1-yl]sulfanyl)propanoic acid
WARN	duplicate_exact_synonym	MOD:00952	oboInOwl:hasExactSynonym	(2-aminosuccinimidyl)acetic acid
WARN	duplicate_exact_synonym	MOD:01624	oboInOwl:hasExactSynonym	(2-aminosuccinimidyl)acetic acid
WARN	duplicate_label_synonym	MOD:00035	oboInOwl:hasExactSynonym	(2S,3R)-3-hydroxyasparagine
WARN	duplicate_label_synonym	MOD:00036	oboInOwl:hasExactSynonym	(2S,3R)-3-hydroxyaspartic acid
WARN	duplicate_label_synonym	MOD:00038	oboInOwl:hasExactSynonym	3-hydroxy-L-proline
WARN	duplicate_label_synonym	MOD:00039	oboInOwl:hasExactSynonym	4-hydroxy-L-proline
WARN	duplicate_label_synonym	MOD:00041	oboInOwl:hasExactSynonym	L-gamma-carboxyglutamic acid
WARN	duplicate_label_synonym	MOD:00042	oboInOwl:hasExactSynonym	L-aspartic 4-phosphoric anhydride
WARN	duplicate_label_synonym	MOD:00043	oboInOwl:hasExactSynonym	S-phospho-L-cysteine
WARN	duplicate_label_synonym	MOD:00044	oboInOwl:hasExactSynonym	1'-phospho-L-histidine
WARN	duplicate_label_synonym	MOD:00045	oboInOwl:hasExactSynonym	3'-phospho-L-histidine
WARN	duplicate_label_synonym	MOD:00046	oboInOwl:hasExactSynonym	O-phospho-L-serine
WARN	duplicate_label_synonym	MOD:00047	oboInOwl:hasExactSynonym	O-phospho-L-threonine
WARN	duplicate_label_synonym	MOD:00048	oboInOwl:hasExactSynonym	O4'-phospho-L-tyrosine
WARN	duplicate_label_synonym	MOD:00049	oboInOwl:hasExactSynonym	2'-[3-carboxamido-3-(trimethylammonio)propyl]-L-histidine
WARN	duplicate_label_synonym	MOD:00050	oboInOwl:hasExactSynonym	N-acetyl-L-alanine
WARN	duplicate_label_synonym	MOD:00051	oboInOwl:hasExactSynonym	N-acetyl-L-aspartic acid
WARN	duplicate_label_synonym	MOD:00052	oboInOwl:hasExactSynonym	N-acetyl-L-cysteine
WARN	duplicate_label_synonym	MOD:00053	oboInOwl:hasExactSynonym	N-acetyl-L-glutamic acid
WARN	duplicate_label_synonym	MOD:00054	oboInOwl:hasExactSynonym	N-acetyl-L-glutamine
WARN	duplicate_label_synonym	MOD:00055	oboInOwl:hasExactSynonym	N-acetylglycine
WARN	duplicate_label_synonym	MOD:00056	oboInOwl:hasExactSynonym	N-acetyl-L-isoleucine
WARN	duplicate_label_synonym	MOD:00057	oboInOwl:hasExactSynonym	N2-acetyl-L-lysine
WARN	duplicate_label_synonym	MOD:00058	oboInOwl:hasExactSynonym	N-acetyl-L-methionine
WARN	duplicate_label_synonym	MOD:00059	oboInOwl:hasExactSynonym	N-acetyl-L-proline
WARN	duplicate_label_synonym	MOD:00060	oboInOwl:hasExactSynonym	N-acetyl-L-serine
WARN	duplicate_label_synonym	MOD:00061	oboInOwl:hasExactSynonym	N-acetyl-L-threonine
WARN	duplicate_label_synonym	MOD:00062	oboInOwl:hasExactSynonym	N-acetyl-L-tyrosine
WARN	duplicate_label_synonym	MOD:00063	oboInOwl:hasExactSynonym	N-acetyl-L-valine
WARN	duplicate_label_synonym	MOD:00064	oboInOwl:hasExactSynonym	N6-acetyl-L-lysine
WARN	duplicate_label_synonym	MOD:00065	oboInOwl:hasExactSynonym	S-acetyl-L-cysteine
WARN	duplicate_label_synonym	MOD:00066	oboInOwl:hasExactSynonym	N-formylglycine
WARN	duplicate_label_synonym	MOD:00069	oboInOwl:hasExactSynonym	N-palmitoyl-L-cysteine
WARN	duplicate_label_synonym	MOD:00070	oboInOwl:hasExactSynonym	N-methyl-L-alanine
WARN	duplicate_label_synonym	MOD:00071	oboInOwl:hasExactSynonym	N,N,N-trimethyl-L-alanine
WARN	duplicate_label_synonym	MOD:00072	oboInOwl:hasExactSynonym	N-methylglycine
WARN	duplicate_label_synonym	MOD:00073	oboInOwl:hasExactSynonym	N-methyl-L-methionine
WARN	duplicate_label_synonym	MOD:00074	oboInOwl:hasExactSynonym	N-methyl-L-phenylalanine
WARN	duplicate_label_synonym	MOD:00075	oboInOwl:hasExactSynonym	N,N-dimethyl-L-proline
WARN	duplicate_label_synonym	MOD:00078	oboInOwl:hasExactSynonym	omega-N-methyl-L-arginine
WARN	duplicate_label_synonym	MOD:00079	oboInOwl:hasExactSynonym	N4-methyl-L-asparagine
WARN	duplicate_label_synonym	MOD:00080	oboInOwl:hasExactSynonym	N5-methyl-L-glutamine
WARN	duplicate_label_synonym	MOD:00082	oboInOwl:hasExactSynonym	3'-methyl-L-histidine
WARN	duplicate_label_synonym	MOD:00083	oboInOwl:hasExactSynonym	N6,N6,N6-trimethyl-L-lysine
WARN	duplicate_label_synonym	MOD:00084	oboInOwl:hasExactSynonym	N6,N6-dimethyl-L-lysine
WARN	duplicate_label_synonym	MOD:00085	oboInOwl:hasExactSynonym	N6-methyl-L-lysine
WARN	duplicate_label_synonym	MOD:00086	oboInOwl:hasExactSynonym	N6-palmitoyl-L-lysine
WARN	duplicate_label_synonym	MOD:00087	oboInOwl:hasExactSynonym	N6-myristoyl-L-lysine
WARN	duplicate_label_synonym	MOD:00088	oboInOwl:hasExactSynonym	O-palmitoyl-L-threonine
WARN	duplicate_label_synonym	MOD:00089	oboInOwl:hasExactSynonym	O-palmitoyl-L-serine
WARN	duplicate_label_synonym	MOD:00090	oboInOwl:hasExactSynonym	L-alanine amide
WARN	duplicate_label_synonym	MOD:00091	oboInOwl:hasExactSynonym	L-arginine amide
WARN	duplicate_label_synonym	MOD:00092	oboInOwl:hasExactSynonym	L-asparagine amide
WARN	duplicate_label_synonym	MOD:00093	oboInOwl:hasExactSynonym	L-aspartic acid 1-amide
WARN	duplicate_label_synonym	MOD:00094	oboInOwl:hasExactSynonym	L-cysteine amide
WARN	duplicate_label_synonym	MOD:00095	oboInOwl:hasExactSynonym	L-glutamine amide
WARN	duplicate_label_synonym	MOD:00096	oboInOwl:hasExactSynonym	L-glutamic acid 1-amide
WARN	duplicate_label_synonym	MOD:00097	oboInOwl:hasExactSynonym	glycine amide
WARN	duplicate_label_synonym	MOD:00098	oboInOwl:hasExactSynonym	L-histidine amide
WARN	duplicate_label_synonym	MOD:00099	oboInOwl:hasExactSynonym	L-isoleucine amide
WARN	duplicate_label_synonym	MOD:00100	oboInOwl:hasExactSynonym	L-leucine amide
WARN	duplicate_label_synonym	MOD:00101	oboInOwl:hasExactSynonym	L-lysine amide
WARN	duplicate_label_synonym	MOD:00102	oboInOwl:hasExactSynonym	L-methionine amide
WARN	duplicate_label_synonym	MOD:00103	oboInOwl:hasExactSynonym	L-phenylalanine amide
WARN	duplicate_label_synonym	MOD:00104	oboInOwl:hasExactSynonym	L-proline amide
WARN	duplicate_label_synonym	MOD:00105	oboInOwl:hasExactSynonym	L-serine amide
WARN	duplicate_label_synonym	MOD:00106	oboInOwl:hasExactSynonym	L-threonine amide
WARN	duplicate_label_synonym	MOD:00107	oboInOwl:hasExactSynonym	L-tryptophan amide
WARN	duplicate_label_synonym	MOD:00108	oboInOwl:hasExactSynonym	L-tyrosine amide
WARN	duplicate_label_synonym	MOD:00109	oboInOwl:hasExactSynonym	L-valine amide
WARN	duplicate_label_synonym	MOD:00110	oboInOwl:hasExactSynonym	L-cysteine methyl disulfide
WARN	duplicate_label_synonym	MOD:00111	oboInOwl:hasExactSynonym	S-farnesyl-L-cysteine
WARN	duplicate_label_synonym	MOD:00112	oboInOwl:hasExactSynonym	S-12-hydroxyfarnesyl-L-cysteine
WARN	duplicate_label_synonym	MOD:00113	oboInOwl:hasExactSynonym	S-geranylgeranyl-L-cysteine
WARN	duplicate_label_synonym	MOD:00114	oboInOwl:hasExactSynonym	L-cysteine methyl ester
WARN	duplicate_label_synonym	MOD:00115	oboInOwl:hasExactSynonym	S-palmitoyl-L-cysteine
WARN	duplicate_label_synonym	MOD:00116	oboInOwl:hasExactSynonym	S-diacylglycerol-L-cysteine
WARN	duplicate_label_synonym	MOD:00117	oboInOwl:hasExactSynonym	S-(L-isoglutamyl)-L-cysteine
WARN	duplicate_label_synonym	MOD:00120	oboInOwl:hasExactSynonym	meso-lanthionine
WARN	duplicate_label_synonym	MOD:00121	oboInOwl:hasExactSynonym	(2S,3S,2'R)-3-methyllanthionine
WARN	duplicate_label_synonym	MOD:00123	oboInOwl:hasExactSynonym	N6-carboxy-L-lysine
WARN	duplicate_label_synonym	MOD:00126	oboInOwl:hasExactSynonym	N6-biotinyl-L-lysine
WARN	duplicate_label_synonym	MOD:00127	oboInOwl:hasExactSynonym	N6-lipoyl-L-lysine
WARN	duplicate_label_synonym	MOD:00128	oboInOwl:hasExactSynonym	N6-pyridoxal phosphate-L-lysine
WARN	duplicate_label_synonym	MOD:00129	oboInOwl:hasExactSynonym	N6-retinylidene-L-lysine
WARN	duplicate_label_synonym	MOD:00130	oboInOwl:hasExactSynonym	L-allysine
WARN	duplicate_label_synonym	MOD:00131	oboInOwl:hasExactSynonym	L-2-aminoadipic acid
WARN	duplicate_label_synonym	MOD:00137	oboInOwl:hasExactSynonym	L-3-phenyllactic acid
WARN	duplicate_label_synonym	MOD:00138	oboInOwl:hasExactSynonym	2-oxobutanoic acid
WARN	duplicate_label_synonym	MOD:00139	oboInOwl:hasExactSynonym	N2-succinyl-L-tryptophan
WARN	duplicate_label_synonym	MOD:00140	oboInOwl:hasExactSynonym	S-phycocyanobilin-L-cysteine
WARN	duplicate_label_synonym	MOD:00141	oboInOwl:hasExactSynonym	S-phycoerythrobilin-L-cysteine
WARN	duplicate_label_synonym	MOD:00142	oboInOwl:hasExactSynonym	S-phytochromobilin-L-cysteine
WARN	duplicate_label_synonym	MOD:00143	oboInOwl:hasExactSynonym	heme-bis-L-cysteine
WARN	duplicate_label_synonym	MOD:00144	oboInOwl:hasExactSynonym	heme-L-cysteine
WARN	duplicate_label_synonym	MOD:00145	oboInOwl:hasExactSynonym	tetrakis-L-cysteinyl iron
WARN	duplicate_label_synonym	MOD:00146	oboInOwl:hasExactSynonym	tetrakis-L-cysteinyl diiron disulfide
WARN	duplicate_label_synonym	MOD:00147	oboInOwl:hasExactSynonym	hexakis-L-cysteinyl triiron trisulfide
WARN	duplicate_label_synonym	MOD:00148	oboInOwl:hasExactSynonym	tris-L-cysteinyl triiron tetrasulfide
WARN	duplicate_label_synonym	MOD:00149	oboInOwl:hasExactSynonym	tetrakis-L-cysteinyl tetrairon tetrasulfide
WARN	duplicate_label_synonym	MOD:00151	oboInOwl:hasExactSynonym	L-cysteinyl molybdopterin
WARN	duplicate_label_synonym	MOD:00152	oboInOwl:hasExactSynonym	S-(8alpha-FAD)-L-cysteine
WARN	duplicate_label_synonym	MOD:00153	oboInOwl:hasExactSynonym	3'-(8alpha-FAD)-L-histidine
WARN	duplicate_label_synonym	MOD:00154	oboInOwl:hasExactSynonym	O4'-(8alpha-FAD)-L-tyrosine
WARN	duplicate_label_synonym	MOD:00155	oboInOwl:hasExactSynonym	L-3',4'-dihydroxyphenylalanine
WARN	duplicate_label_synonym	MOD:00156	oboInOwl:hasExactSynonym	L-2',4',5'-topaquinone
WARN	duplicate_label_synonym	MOD:00157	oboInOwl:hasExactSynonym	L-tryptophyl quinone
WARN	duplicate_label_synonym	MOD:00159	oboInOwl:hasExactSynonym	O-phosphopantetheine-L-serine
WARN	duplicate_label_synonym	MOD:00160	oboInOwl:hasExactSynonym	N4-glycosyl-L-asparagine
WARN	duplicate_label_synonym	MOD:00161	oboInOwl:hasExactSynonym	S-glucosyl-L-cysteine
WARN	duplicate_label_synonym	MOD:00162	oboInOwl:hasExactSynonym	O5-glucosylgalactosyl-L-hydroxylysine
WARN	duplicate_label_synonym	MOD:00163	oboInOwl:hasExactSynonym	O-(N-acetylamino)galactosyl-L-serine
WARN	duplicate_label_synonym	MOD:00164	oboInOwl:hasExactSynonym	O-(N-acetylamino)galactosyl-L-threonine
WARN	duplicate_label_synonym	MOD:00165	oboInOwl:hasExactSynonym	1'-mannosyl-L-tryptophan
WARN	duplicate_label_synonym	MOD:00166	oboInOwl:hasExactSynonym	O4'-glucosyl-L-tyrosine
WARN	duplicate_label_synonym	MOD:00167	oboInOwl:hasExactSynonym	N-asparaginyl-glycosylphosphatidylinositolethanolamine
WARN	duplicate_label_synonym	MOD:00168	oboInOwl:hasExactSynonym	N-aspartyl-glycosylphosphatidylinositolethanolamine
WARN	duplicate_label_synonym	MOD:00169	oboInOwl:hasExactSynonym	N-cysteinyl-glycosylphosphatidylinositolethanolamine
WARN	duplicate_label_synonym	MOD:00170	oboInOwl:hasExactSynonym	N-glycyl-glycosylphosphatidylinositolethanolamine
WARN	duplicate_label_synonym	MOD:00171	oboInOwl:hasExactSynonym	N-seryl-glycosylphosphatidylinositolethanolamine
WARN	duplicate_label_synonym	MOD:00172	oboInOwl:hasExactSynonym	N-alanyl-glycosylphosphatidylinositolethanolamine
WARN	duplicate_label_synonym	MOD:00173	oboInOwl:hasExactSynonym	N-threonyl-glycosylphosphatidylinositolethanolamine
WARN	duplicate_label_synonym	MOD:00174	oboInOwl:hasExactSynonym	N-glycyl-glycosylsphingolipidinositolethanolamine
WARN	duplicate_label_synonym	MOD:00175	oboInOwl:hasExactSynonym	N-seryl-glycosylsphingolipidinositolethanolamine
WARN	duplicate_label_synonym	MOD:00176	oboInOwl:hasExactSynonym	O-(phosphoribosyl dephospho-coenzyme A)-L-serine
WARN	duplicate_label_synonym	MOD:00177	oboInOwl:hasExactSynonym	omega-N-(ADP-ribosyl)-L-arginine
WARN	duplicate_label_synonym	MOD:00178	oboInOwl:hasExactSynonym	S-(ADP-ribosyl)-L-cysteine
WARN	duplicate_label_synonym	MOD:00179	oboInOwl:hasExactSynonym	L-glutamyl 5-glycerylphosphorylethanolamine
WARN	duplicate_label_synonym	MOD:00180	oboInOwl:hasExactSynonym	S-sulfo-L-cysteine
WARN	duplicate_label_synonym	MOD:00181	oboInOwl:hasExactSynonym	O4'-sulfo-L-tyrosine
WARN	duplicate_label_synonym	MOD:00182	oboInOwl:hasExactSynonym	L-bromohistidine
WARN	duplicate_label_synonym	MOD:00183	oboInOwl:hasExactSynonym	L-2'-bromophenylalanine
WARN	duplicate_label_synonym	MOD:00184	oboInOwl:hasExactSynonym	L-3'-bromophenylalanine
WARN	duplicate_label_synonym	MOD:00185	oboInOwl:hasExactSynonym	L-4'-bromophenylalanine
WARN	duplicate_label_synonym	MOD:00186	oboInOwl:hasExactSynonym	3,3',5-triiodo-L-thyronine
WARN	duplicate_label_synonym	MOD:00187	oboInOwl:hasExactSynonym	L-thyroxine
WARN	duplicate_label_synonym	MOD:00188	oboInOwl:hasExactSynonym	6'-bromo-L-tryptophan
WARN	duplicate_label_synonym	MOD:00191	oboInOwl:hasExactSynonym	(Z)-2,3-didehydrotyrosine
WARN	duplicate_label_synonym	MOD:00192	oboInOwl:hasExactSynonym	L-serine 5-imidazolinone glycine
WARN	duplicate_label_synonym	MOD:00194	oboInOwl:hasExactSynonym	lactic acid
WARN	duplicate_label_synonym	MOD:00195	oboInOwl:hasExactSynonym	L-alanine 5-imidazolinone glycine
WARN	duplicate_label_synonym	MOD:00196	oboInOwl:hasExactSynonym	L-cysteine 5-imidazolinone glycine
WARN	duplicate_label_synonym	MOD:00197	oboInOwl:hasExactSynonym	2-imino-glutamine 5-imidazolinone glycine
WARN	duplicate_label_synonym	MOD:00199	oboInOwl:hasExactSynonym	D-allo-isoleucine
WARN	duplicate_label_synonym	MOD:00200	oboInOwl:hasExactSynonym	D-methionine
WARN	duplicate_label_synonym	MOD:00201	oboInOwl:hasExactSynonym	D-phenylalanine
WARN	duplicate_label_synonym	MOD:00203	oboInOwl:hasExactSynonym	D-asparagine
WARN	duplicate_label_synonym	MOD:00204	oboInOwl:hasExactSynonym	D-leucine
WARN	duplicate_label_synonym	MOD:00205	oboInOwl:hasExactSynonym	D-tryptophan
WARN	duplicate_label_synonym	MOD:00206	oboInOwl:hasExactSynonym	L-isoglutamyl-polyglycine
WARN	duplicate_label_synonym	MOD:00207	oboInOwl:hasExactSynonym	L-isoglutamyl-polyglutamic acid
WARN	duplicate_label_synonym	MOD:00208	oboInOwl:hasExactSynonym	O4'-(phospho-5'-adenosine)-L-tyrosine
WARN	duplicate_label_synonym	MOD:00210	oboInOwl:hasExactSynonym	L-cysteine sulfenic acid
WARN	duplicate_label_synonym	MOD:00212	oboInOwl:hasExactSynonym	S-4-hydroxycinnamyl-L-cysteine
WARN	duplicate_label_synonym	MOD:00213	oboInOwl:hasExactSynonym	chondroitin sulfate D-glucuronosyl-D-galactosyl-D-galactosyl-D-xylosyl-L-serine
WARN	duplicate_label_synonym	MOD:00214	oboInOwl:hasExactSynonym	dermatan 4-sulfate D-glucuronosyl-D-galactosyl-D-galactosyl-D-xylosyl-L-serine
WARN	duplicate_label_synonym	MOD:00215	oboInOwl:hasExactSynonym	heparan sulfate D-glucuronosyl-D-galactosyl-D-galactosyl-D-xylosyl-L-serine
WARN	duplicate_label_synonym	MOD:00216	oboInOwl:hasExactSynonym	N6-formyl-L-lysine
WARN	duplicate_label_synonym	MOD:00217	oboInOwl:hasExactSynonym	O4-arabinosyl-L-hydroxyproline
WARN	duplicate_label_synonym	MOD:00218	oboInOwl:hasExactSynonym	O-(phospho-5'-RNA)-L-serine
WARN	duplicate_label_synonym	MOD:00219	oboInOwl:hasExactSynonym	L-citrulline
WARN	duplicate_label_synonym	MOD:00220	oboInOwl:hasExactSynonym	4-hydroxy-L-arginine
WARN	duplicate_label_synonym	MOD:00221	oboInOwl:hasExactSynonym	N-(L-isoaspartyl)-L-cysteine
WARN	duplicate_label_synonym	MOD:00223	oboInOwl:hasExactSynonym	N6-mureinyl-L-lysine
WARN	duplicate_label_synonym	MOD:00224	oboInOwl:hasExactSynonym	1-chondroitin sulfate-L-aspartic acid ester
WARN	duplicate_label_synonym	MOD:00225	oboInOwl:hasExactSynonym	S-(6-FMN)-L-cysteine
WARN	duplicate_label_synonym	MOD:00226	oboInOwl:hasExactSynonym	1'-(8alpha-FAD)-L-histidine
WARN	duplicate_label_synonym	MOD:00227	oboInOwl:hasExactSynonym	omega-N-phospho-L-arginine
WARN	duplicate_label_synonym	MOD:00229	oboInOwl:hasExactSynonym	alpha-1-microglobulin-Ig alpha complex chromophore
WARN	duplicate_label_synonym	MOD:00230	oboInOwl:hasExactSynonym	bis-L-cysteinyl bis-L-histidino diiron disulfide
WARN	duplicate_label_synonym	MOD:00231	oboInOwl:hasExactSynonym	hexakis-L-cysteinyl hexairon hexasulfide
WARN	duplicate_label_synonym	MOD:00232	oboInOwl:hasExactSynonym	N6-(phospho-5'-adenosine)-L-lysine
WARN	duplicate_label_synonym	MOD:00233	oboInOwl:hasExactSynonym	N6-(phospho-5'-guanosine)-L-lysine
WARN	duplicate_label_synonym	MOD:00234	oboInOwl:hasExactSynonym	L-cysteine glutathione disulfide
WARN	duplicate_label_synonym	MOD:00235	oboInOwl:hasExactSynonym	S-nitrosyl-L-cysteine
WARN	duplicate_label_synonym	MOD:00236	oboInOwl:hasExactSynonym	N4-(ADP-ribosyl)-L-asparagine
WARN	duplicate_label_synonym	MOD:00239	oboInOwl:hasExactSynonym	S-methyl-L-cysteine
WARN	duplicate_label_synonym	MOD:00240	oboInOwl:hasExactSynonym	4-hydroxy-L-lysine
WARN	duplicate_label_synonym	MOD:00241	oboInOwl:hasExactSynonym	N4-hydroxymethyl-L-asparagine
WARN	duplicate_label_synonym	MOD:00242	oboInOwl:hasExactSynonym	O-(ADP-ribosyl)-L-serine
WARN	duplicate_label_synonym	MOD:00243	oboInOwl:hasExactSynonym	L-cysteine oxazole-4-carboxylic acid
WARN	duplicate_label_synonym	MOD:00244	oboInOwl:hasExactSynonym	L-cysteine oxazoline-4-carboxylic acid
WARN	duplicate_label_synonym	MOD:00245	oboInOwl:hasExactSynonym	glycine oxazole-4-carboxylic acid
WARN	duplicate_label_synonym	MOD:00246	oboInOwl:hasExactSynonym	glycine thiazole-4-carboxylic acid
WARN	duplicate_label_synonym	MOD:00247	oboInOwl:hasExactSynonym	L-serine thiazole-4-carboxylic acid
WARN	duplicate_label_synonym	MOD:00248	oboInOwl:hasExactSynonym	L-phenylalanine thiazole-4-carboxylic acid
WARN	duplicate_label_synonym	MOD:00249	oboInOwl:hasExactSynonym	L-cysteine thiazole-4-carboxylic acid
WARN	duplicate_label_synonym	MOD:00250	oboInOwl:hasExactSynonym	L-lysine thiazole-4-carboxylic acid
WARN	duplicate_label_synonym	MOD:00251	oboInOwl:hasExactSynonym	O-(phospho-5'-DNA)-L-serine
WARN	duplicate_label_synonym	MOD:00252	oboInOwl:hasExactSynonym	keratan sulfate D-glucuronosyl-D-galactosyl-D-galactosyl-D-xylosyl-L-threonine
WARN	duplicate_label_synonym	MOD:00254	oboInOwl:hasExactSynonym	O4'-(phospho-5'-RNA)-L-tyrosine
WARN	duplicate_label_synonym	MOD:00255	oboInOwl:hasExactSynonym	3-(3'-L-histidyl)-L-tyrosine
WARN	duplicate_label_synonym	MOD:00256	oboInOwl:hasExactSynonym	L-methionine sulfone
WARN	duplicate_label_synonym	MOD:00257	oboInOwl:hasExactSynonym	dipyrrolylmethanemethyl-L-cysteine
WARN	duplicate_label_synonym	MOD:00258	oboInOwl:hasExactSynonym	S-(2-aminovinyl)-3-methyl-D-cysteine
WARN	duplicate_label_synonym	MOD:00259	oboInOwl:hasExactSynonym	O4'-(phospho-5'-DNA)-L-tyrosine
WARN	duplicate_label_synonym	MOD:00260	oboInOwl:hasExactSynonym	O-(phospho-5'-DNA)-L-threonine
WARN	duplicate_label_synonym	MOD:00261	oboInOwl:hasExactSynonym	O4'-(phospho-5'-uridine)-L-tyrosine
WARN	duplicate_label_synonym	MOD:00262	oboInOwl:hasExactSynonym	N-(L-glutamyl)-L-tyrosine
WARN	duplicate_label_synonym	MOD:00263	oboInOwl:hasExactSynonym	S-phycoviolobilin-L-cysteine
WARN	duplicate_label_synonym	MOD:00264	oboInOwl:hasExactSynonym	phycoerythrobilin-bis-L-cysteine
WARN	duplicate_label_synonym	MOD:00265	oboInOwl:hasExactSynonym	phycourobilin-bis-L-cysteine
WARN	duplicate_label_synonym	MOD:00267	oboInOwl:hasExactSynonym	L-cysteine sulfinic acid
WARN	duplicate_label_synonym	MOD:00268	oboInOwl:hasExactSynonym	L-3',4',5'-trihydroxyphenylalanine
WARN	duplicate_label_synonym	MOD:00269	oboInOwl:hasExactSynonym	O-(sn-1-glycerophosphoryl)-L-serine
WARN	duplicate_label_synonym	MOD:00271	oboInOwl:hasExactSynonym	heme P460-bis-L-cysteine-L-tyrosine
WARN	duplicate_label_synonym	MOD:00272	oboInOwl:hasExactSynonym	O-(phospho-5'-adenosine)-L-threonine
WARN	duplicate_label_synonym	MOD:00273	oboInOwl:hasExactSynonym	tris-L-cysteinyl L-cysteine persulfido bis-L-glutamato L-histidino tetrairon disulfide trioxide
WARN	duplicate_label_synonym	MOD:00274	oboInOwl:hasExactSynonym	L-cysteine persulfide
WARN	duplicate_label_synonym	MOD:00275	oboInOwl:hasExactSynonym	3'-(1'-L-histidyl)-L-tyrosine
WARN	duplicate_label_synonym	MOD:00276	oboInOwl:hasExactSynonym	heme P460-bis-L-cysteine-L-lysine
WARN	duplicate_label_synonym	MOD:00277	oboInOwl:hasExactSynonym	5-methyl-L-arginine
WARN	duplicate_label_synonym	MOD:00278	oboInOwl:hasExactSynonym	2-methyl-L-glutamine
WARN	duplicate_label_synonym	MOD:00279	oboInOwl:hasExactSynonym	N-pyruvic acid 2-iminyl-L-cysteine
WARN	duplicate_label_synonym	MOD:00280	oboInOwl:hasExactSynonym	N-pyruvic acid 2-iminyl-L-valine
WARN	duplicate_label_synonym	MOD:00281	oboInOwl:hasExactSynonym	3'-heme-L-histidine
WARN	duplicate_label_synonym	MOD:00283	oboInOwl:hasExactSynonym	N6-propylamino-poly(propylmethylamino)-propyldimethylamine-L-lysine
WARN	duplicate_label_synonym	MOD:00284	oboInOwl:hasExactSynonym	dihydroxyheme-L-aspartate ester-L-glutamate ester
WARN	duplicate_label_synonym	MOD:00285	oboInOwl:hasExactSynonym	dihydroxyheme-L-aspartate ester-L-glutamate ester-L-methionine sulfonium
WARN	duplicate_label_synonym	MOD:00286	oboInOwl:hasExactSynonym	L-cysteinyl molybdenum bis(molybdopterin guanine dinucleotide)
WARN	duplicate_label_synonym	MOD:00287	oboInOwl:hasExactSynonym	(2S,3R,4S)-3,4-dihydroxyproline
WARN	duplicate_label_synonym	MOD:00288	oboInOwl:hasExactSynonym	pyrroloquinoline quinone
WARN	duplicate_label_synonym	MOD:00289	oboInOwl:hasExactSynonym	tris-L-cysteinyl L-N1'-histidino tetrairon tetrasulfide
WARN	duplicate_label_synonym	MOD:00290	oboInOwl:hasExactSynonym	tris-L-cysteinyl L-N3'-histidino tetrairon tetrasulfide
WARN	duplicate_label_synonym	MOD:00291	oboInOwl:hasExactSynonym	tris-L-cysteinyl L-aspartato tetrairon tetrasulfide
WARN	duplicate_label_synonym	MOD:00292	oboInOwl:hasExactSynonym	N6-pyruvic acid 2-iminyl-L-lysine
WARN	duplicate_label_synonym	MOD:00293	oboInOwl:hasExactSynonym	tris-L-cysteinyl L-serinyl tetrairon tetrasulfide
WARN	duplicate_label_synonym	MOD:00294	oboInOwl:hasExactSynonym	bis-L-cysteinyl L-N3'-histidino L-serinyl tetrairon tetrasulfide
WARN	duplicate_label_synonym	MOD:00295	oboInOwl:hasExactSynonym	O-octanoyl-L-serine
WARN	duplicate_label_synonym	MOD:00296	oboInOwl:hasExactSynonym	O-D-glucuronosyl-L-serine
WARN	duplicate_label_synonym	MOD:00297	oboInOwl:hasExactSynonym	tris-L-cysteinyl L-cysteine persulfido bis-L-glutamato L-histidino nickel triiron disulfide trioxide
WARN	duplicate_label_synonym	MOD:00298	oboInOwl:hasExactSynonym	tris-L-cysteinyl L-cysteine persulfido L-glutamato L-histidino L-serinyl nickel triiron disulfide trioxide
WARN	duplicate_label_synonym	MOD:00300	oboInOwl:hasExactSynonym	L-glutamyl-5-poly(ADP-ribose)
WARN	duplicate_label_synonym	MOD:00301	oboInOwl:hasExactSynonym	O-(N-acetylglucosamine-1-phosphoryl)-L-serine
WARN	duplicate_label_synonym	MOD:00303	oboInOwl:hasExactSynonym	heptakis-L-histidino tetracopper mu4-sulfide hydroxide
WARN	duplicate_label_synonym	MOD:00304	oboInOwl:hasExactSynonym	L-leucine methyl ester
WARN	duplicate_label_synonym	MOD:00305	oboInOwl:hasExactSynonym	hexakis-L-cysteinyl L-serinyl octairon heptasulfide
WARN	duplicate_label_synonym	MOD:00307	oboInOwl:hasExactSynonym	L-aspartimide
WARN	duplicate_label_synonym	MOD:00308	oboInOwl:hasExactSynonym	L-glutamimide
WARN	duplicate_label_synonym	MOD:00310	oboInOwl:hasExactSynonym	N5-methyl-L-arginine
WARN	duplicate_label_synonym	MOD:00311	oboInOwl:hasExactSynonym	L-cysteine coenzyme A disulfide
WARN	duplicate_label_synonym	MOD:00312	oboInOwl:hasExactSynonym	S-myristoyl-L-cysteine
WARN	duplicate_label_synonym	MOD:00313	oboInOwl:hasExactSynonym	S-palmitoleyl-L-cysteine
WARN	duplicate_label_synonym	MOD:00314	oboInOwl:hasExactSynonym	glycine cholesterol ester
WARN	duplicate_label_synonym	MOD:00315	oboInOwl:hasExactSynonym	pentakis-L-cysteinyl L-histidino nickel tetrairon pentasulfide
WARN	duplicate_label_synonym	MOD:00316	oboInOwl:hasExactSynonym	N4,N4-dimethyl-L-asparagine
WARN	duplicate_label_synonym	MOD:00321	oboInOwl:hasExactSynonym	cis-14-hydroxy-10,13-dioxo-7-heptadecenoic acid L-aspartate ester
WARN	duplicate_label_synonym	MOD:00322	oboInOwl:hasExactSynonym	1'-methyl-L-histidine
WARN	duplicate_label_synonym	MOD:00323	oboInOwl:hasExactSynonym	L-lysine methyl ester
WARN	duplicate_label_synonym	MOD:00324	oboInOwl:hasExactSynonym	L-serinyl molybdenum bis(molybdopterin guanine dinucleotide)
WARN	duplicate_label_synonym	MOD:00327	oboInOwl:hasExactSynonym	3-hydroxy-L-tryptophan
WARN	duplicate_label_synonym	MOD:00328	oboInOwl:hasExactSynonym	O4'-(phospho-3'-DNA)-L-tyrosine
WARN	duplicate_label_synonym	MOD:00329	oboInOwl:hasExactSynonym	hydroxyheme-L-glutamate ester
WARN	duplicate_label_synonym	MOD:00331	oboInOwl:hasExactSynonym	tetrakis-L-cysteinyl triiron tetrasulfide
WARN	duplicate_label_synonym	MOD:00332	oboInOwl:hasExactSynonym	omega-N-glucosyl-L-arginine
WARN	duplicate_label_synonym	MOD:00333	oboInOwl:hasExactSynonym	(3-aminopropyl)(L-aspartyl-1-amino)phosphoryl-5'-adenosine
WARN	duplicate_label_synonym	MOD:00334	oboInOwl:hasExactSynonym	1'-heme-L-histidine
WARN	duplicate_label_synonym	MOD:00336	oboInOwl:hasExactSynonym	tris-L-cysteinyl L-aspartato diiron disulfide
WARN	duplicate_label_synonym	MOD:00337	oboInOwl:hasExactSynonym	S-carbamoyl-L-cysteine
WARN	duplicate_label_synonym	MOD:00338	oboInOwl:hasExactSynonym	S-cyano-L-cysteine
WARN	duplicate_label_synonym	MOD:00339	oboInOwl:hasExactSynonym	L-cysteinyl hydrogenase diiron subcluster
WARN	duplicate_label_synonym	MOD:00340	oboInOwl:hasExactSynonym	S-amidino-L-cysteine
WARN	duplicate_label_synonym	MOD:00341	oboInOwl:hasExactSynonym	N-methyl-L-isoleucine
WARN	duplicate_label_synonym	MOD:00342	oboInOwl:hasExactSynonym	N-methyl-L-leucine
WARN	duplicate_label_synonym	MOD:00343	oboInOwl:hasExactSynonym	N-methyl-L-tyrosine
WARN	duplicate_label_synonym	MOD:00348	oboInOwl:hasExactSynonym	N-carbamoyl-L-alanine
WARN	duplicate_label_synonym	MOD:00349	oboInOwl:hasExactSynonym	4-amino-3-isothiazolidinone-L-serine
WARN	duplicate_label_synonym	MOD:00350	oboInOwl:hasExactSynonym	L-threonyl-pentaglycyl-murein peptidoglycan
WARN	duplicate_label_synonym	MOD:00351	oboInOwl:hasExactSynonym	N-glycyl-1-(phosphatidyl)ethanolamine
WARN	duplicate_label_synonym	MOD:00352	oboInOwl:hasExactSynonym	L-glutamyl 5-omega-hydroxyceramide ester
WARN	duplicate_label_synonym	MOD:00353	oboInOwl:hasExactSynonym	S-[5'-(L-tryptoph-6'-yl)-L-tyrosin-3'-yl]-L-methionin-S-ium
WARN	duplicate_label_synonym	MOD:00354	oboInOwl:hasExactSynonym	O-(riboflavin phosphoryl)-L-threonine
WARN	duplicate_label_synonym	MOD:00355	oboInOwl:hasExactSynonym	O-(riboflavin phosphoryl)-L-serine
WARN	duplicate_label_synonym	MOD:00357	oboInOwl:hasExactSynonym	1'-(8alpha-FMN)-L-histidine
WARN	duplicate_label_synonym	MOD:00358	oboInOwl:hasExactSynonym	3'-(8alpha-FMN)-L-histidine
WARN	duplicate_label_synonym	MOD:00359	oboInOwl:hasExactSynonym	N2-acetyl-L-arginine
WARN	duplicate_label_synonym	MOD:00361	oboInOwl:hasExactSynonym	tris-L-cysteinyl S-adenosylmethion-N,O-diyl tetrairon tetrasulfide
WARN	duplicate_label_synonym	MOD:00362	oboInOwl:hasExactSynonym	tris-L-cysteinyl L-arginyl diiron disulfide
WARN	duplicate_label_synonym	MOD:00364	oboInOwl:hasExactSynonym	5-hydroxy-N6,N6,N6-trimethyl-L-lysine
WARN	duplicate_label_synonym	MOD:00365	oboInOwl:hasExactSynonym	N-(L-isoglutamyl)-glycine
WARN	duplicate_label_synonym	MOD:00366	oboInOwl:hasExactSynonym	O-sulfo-L-serine
WARN	duplicate_label_synonym	MOD:00367	oboInOwl:hasExactSynonym	O-sulfo-L-threonine
WARN	duplicate_label_synonym	MOD:00368	oboInOwl:hasExactSynonym	N-carboxy-L-methionine
WARN	duplicate_label_synonym	MOD:00369	oboInOwl:hasExactSynonym	O-acetyl-L-serine
WARN	duplicate_label_synonym	MOD:00370	oboInOwl:hasExactSynonym	(E)-2,3-didehydrotyrosine
WARN	duplicate_label_synonym	MOD:00371	oboInOwl:hasExactSynonym	bis-L-aspartato tris-L-glutamato L-histidino calcium tetramanganese tetroxide
WARN	duplicate_label_synonym	MOD:00374	oboInOwl:hasExactSynonym	3,4-dihydroxy-L-arginine
WARN	duplicate_label_synonym	MOD:00375	oboInOwl:hasExactSynonym	4,5-dihydroxy-L-lysine
WARN	duplicate_label_synonym	MOD:00376	oboInOwl:hasExactSynonym	1'-(phospho-5'-adenosine)-L-histidine
WARN	duplicate_label_synonym	MOD:00377	oboInOwl:hasExactSynonym	1'-(phospho-5'-uridine)-L-histidine
WARN	duplicate_label_synonym	MOD:00379	oboInOwl:hasExactSynonym	L-serine microcin E492 siderophore ester
WARN	duplicate_label_synonym	MOD:00380	oboInOwl:hasExactSynonym	L-aspartyl molybdenum bis(molybdopterin guanine dinucleotide)
WARN	duplicate_label_synonym	MOD:00382	oboInOwl:hasExactSynonym	3-(2-methylthio)ethyl-6-(4-hydroxybenzylidene)-5-iminopiperazin-2-one
WARN	duplicate_label_synonym	MOD:00383	oboInOwl:hasExactSynonym	2-imino-glutamic acid 5-imidazolinone glycine
WARN	duplicate_label_synonym	MOD:00384	oboInOwl:hasExactSynonym	2-imino-methionine 5-imidazolinone glycine
WARN	duplicate_label_synonym	MOD:00385	oboInOwl:hasExactSynonym	L-asparagine 5-imidazolinone glycine
WARN	duplicate_label_synonym	MOD:00386	oboInOwl:hasExactSynonym	L-lysine 5-imidazolinone glycine
WARN	duplicate_label_synonym	MOD:00387	oboInOwl:hasExactSynonym	2-tetrahydropyridinyl-5-imidazolinone glycine
WARN	duplicate_label_synonym	MOD:00388	oboInOwl:hasExactSynonym	L-alanyl-pentaglycyl-murein peptidoglycan
WARN	duplicate_label_synonym	MOD:00389	oboInOwl:hasExactSynonym	N-formyl-L-proline
WARN	duplicate_label_synonym	MOD:00390	oboInOwl:hasExactSynonym	O-decanoyl-L-serine
WARN	duplicate_label_synonym	MOD:00391	oboInOwl:hasExactSynonym	O-octanoyl-L-threonine
WARN	duplicate_label_synonym	MOD:00392	oboInOwl:hasExactSynonym	O-decanoyl-L-threonine
WARN	duplicate_label_synonym	MOD:00705	oboInOwl:hasExactSynonym	D-valine
WARN	duplicate_label_synonym	MOD:00719	oboInOwl:hasExactSynonym	L-methionine sulfoxide
WARN	duplicate_label_synonym	MOD:00720	oboInOwl:hasExactSynonym	L-methionine (R)-sulfoxide
WARN	duplicate_label_synonym	MOD:00756	oboInOwl:hasExactSynonym	4-hydroxy-D-valine
WARN	duplicate_label_synonym	MOD:00757	oboInOwl:hasExactSynonym	O4-galactosyl-L-hydroxyproline
WARN	duplicate_label_synonym	MOD:00758	oboInOwl:hasExactSynonym	O4-(N-acetylamino)glucosyl-L-hydroxyproline
WARN	duplicate_label_synonym	MOD:00797	oboInOwl:hasExactSynonym	2-(S-L-cysteinyl)pyruvic acid O-phosphothioketal
WARN	duplicate_label_synonym	MOD:00799	oboInOwl:hasExactSynonym	S-galactosyl-L-cysteine
WARN	duplicate_label_synonym	MOD:00802	oboInOwl:hasExactSynonym	L-histidino vanadium tetraoxide
WARN	duplicate_label_synonym	MOD:00804	oboInOwl:hasExactSynonym	O-glucosyl-L-serine
WARN	duplicate_label_synonym	MOD:00805	oboInOwl:hasExactSynonym	O-(N-acetylamino)glucosyl-L-serine
WARN	duplicate_label_synonym	MOD:00806	oboInOwl:hasExactSynonym	O-(N-acetylamino)glucosyl-L-threonine
WARN	duplicate_label_synonym	MOD:00808	oboInOwl:hasExactSynonym	O-galactosyl-L-serine
WARN	duplicate_label_synonym	MOD:00809	oboInOwl:hasExactSynonym	O-galactosyl-L-threonine
WARN	duplicate_label_synonym	MOD:00810	oboInOwl:hasExactSynonym	O-mannosyl-L-serine
WARN	duplicate_label_synonym	MOD:00811	oboInOwl:hasExactSynonym	O-mannosyl-L-threonine
WARN	duplicate_label_synonym	MOD:00812	oboInOwl:hasExactSynonym	O-fucosyl-L-serine
WARN	duplicate_label_synonym	MOD:00813	oboInOwl:hasExactSynonym	O-fucosyl-L-threonine
WARN	duplicate_label_synonym	MOD:00814	oboInOwl:hasExactSynonym	O-xylosyl-L-serine
WARN	duplicate_label_synonym	MOD:00816	oboInOwl:hasExactSynonym	S-stearoyl-L-cysteine
WARN	duplicate_label_synonym	MOD:00817	oboInOwl:hasExactSynonym	3'-geranyl-2',3'-dihydro-2',N2-cyclo-L-tryptophan
WARN	duplicate_label_synonym	MOD:00820	oboInOwl:hasExactSynonym	2-imino-alanine 5-imidazolinone glycine
WARN	duplicate_label_synonym	MOD:00821	oboInOwl:hasExactSynonym	S-(L-alanyl)-L-cysteine
WARN	duplicate_label_synonym	MOD:00822	oboInOwl:hasExactSynonym	S-(L-leucyl)-L-cysteine
WARN	duplicate_label_synonym	MOD:00823	oboInOwl:hasExactSynonym	S-(L-methionyl)-L-cysteine
WARN	duplicate_label_synonym	MOD:00825	oboInOwl:hasExactSynonym	S-(L-phenylalanyl)-L-cysteine
WARN	duplicate_label_synonym	MOD:00826	oboInOwl:hasExactSynonym	S-(L-threonyl)-L-cysteine
WARN	duplicate_label_synonym	MOD:00827	oboInOwl:hasExactSynonym	S-(L-tyrosyl)-L-cysteine
WARN	duplicate_label_synonym	MOD:00828	oboInOwl:hasExactSynonym	S-(L-tryptophanyl)-L-cysteine
WARN	duplicate_label_synonym	MOD:00829	oboInOwl:hasExactSynonym	O-(L-phenylalanyl)-L-serine
WARN	duplicate_label_synonym	MOD:00830	oboInOwl:hasExactSynonym	N-methyl-L-proline
WARN	duplicate_label_synonym	MOD:00832	oboInOwl:hasExactSynonym	N4-(N-acetylamino)galactosyl-L-asparagine
WARN	duplicate_label_synonym	MOD:00833	oboInOwl:hasExactSynonym	N4-glucosyl-L-asparagine
WARN	duplicate_label_synonym	MOD:00834	oboInOwl:hasExactSynonym	O-(N-acetylamino)fucosyl-L-serine
WARN	duplicate_label_synonym	MOD:00862	oboInOwl:hasExactSynonym	D-alanine
WARN	duplicate_label_synonym	MOD:00864	oboInOwl:hasExactSynonym	tris-L-cysteinyl L-histidino diiron disulfide
WARN	duplicate_label_synonym	MOD:00865	oboInOwl:hasExactSynonym	N-aspartyl-glycosylsphingolipidinositolethanolamine
WARN	duplicate_label_synonym	MOD:00886	oboInOwl:hasExactSynonym	6'-chloro-L-tryptophan
WARN	duplicate_label_synonym	MOD:00891	oboInOwl:hasExactSynonym	D-serine
WARN	duplicate_label_synonym	MOD:00924	oboInOwl:hasExactSynonym	N6-(L-threonyl)-L-lysine
WARN	duplicate_label_synonym	MOD:01048	oboInOwl:hasExactSynonym	2-pyrrolidone-5-carboxylic acid
WARN	duplicate_label_synonym	MOD:01142	oboInOwl:hasExactSynonym	S-15,16-dihydrobiliverdin-L-cysteine
WARN	duplicate_label_synonym	MOD:01143	oboInOwl:hasExactSynonym	15,16-dihydrobiliverdin-bis-L-cysteine
WARN	duplicate_label_synonym	MOD:01154	oboInOwl:hasExactSynonym	pyruvic acid
WARN	duplicate_label_synonym	MOD:01168	oboInOwl:hasExactSynonym	dehydroalanine
WARN	duplicate_label_synonym	MOD:01169	oboInOwl:hasExactSynonym	L-3-oxoalanine
WARN	duplicate_label_synonym	MOD:01171	oboInOwl:hasExactSynonym	O-acetyl-L-threonine
WARN	duplicate_label_synonym	MOD:01172	oboInOwl:hasExactSynonym	N-alanyl-glycosylsphingolipidinositolethanolamine
WARN	duplicate_label_synonym	MOD:01173	oboInOwl:hasExactSynonym	N-asparaginyl-glycosylsphingolipidinositolethanolamine
WARN	duplicate_label_synonym	MOD:01174	oboInOwl:hasExactSynonym	S-(15-deoxy-Delta12,14-prostaglandin J2-9-yl)-L-cysteine
WARN	duplicate_label_synonym	MOD:01175	oboInOwl:hasExactSynonym	S-phycourobilin-L-cysteine
WARN	duplicate_label_synonym	MOD:01176	oboInOwl:hasExactSynonym	L-dehydrolysinonorleucine
WARN	duplicate_label_synonym	MOD:01177	oboInOwl:hasExactSynonym	1'-(1,2,3-trihydroxyprop-2-yl)-L-histidine
WARN	duplicate_label_synonym	MOD:01178	oboInOwl:hasExactSynonym	S-(aspart-4-yloxy) thiocarbonate
WARN	duplicate_label_synonym	MOD:01179	oboInOwl:hasExactSynonym	N,N-dimethyl-L-alanine
WARN	duplicate_label_synonym	MOD:01181	oboInOwl:hasExactSynonym	L-aspartic acid 4-methyl ester
WARN	duplicate_label_synonym	MOD:01372	oboInOwl:hasExactSynonym	(2S)-4-hydroxyleucine
WARN	duplicate_label_synonym	MOD:01373	oboInOwl:hasExactSynonym	(2S,4R)-5-hydroxyleucine
WARN	duplicate_label_synonym	MOD:01374	oboInOwl:hasExactSynonym	(2S,4R)-5-oxoleucine
WARN	duplicate_label_synonym	MOD:01375	oboInOwl:hasExactSynonym	(2S,4R)-4,5-dihydroxyleucine
WARN	duplicate_label_synonym	MOD:01376	oboInOwl:hasExactSynonym	(2S,3S,4R)-3,4-dihydroxyisoleucine
WARN	duplicate_label_synonym	MOD:01377	oboInOwl:hasExactSynonym	(2S,3R,4S)-4-hydroxyisoleucine
WARN	duplicate_label_synonym	MOD:01378	oboInOwl:hasExactSynonym	(2S,3R,4R)-4,5-dihydroxyisoleucine
WARN	duplicate_label_synonym	MOD:01379	oboInOwl:hasExactSynonym	2'-methylsulfonyl-L-tryptophan
WARN	duplicate_label_synonym	MOD:01380	oboInOwl:hasExactSynonym	2'-(S-L-cysteinyl)-6'-hydroxy-L-tryptophan sulfoxide
WARN	duplicate_label_synonym	MOD:01381	oboInOwl:hasExactSynonym	O-palmitoleyl-L-serine
WARN	duplicate_label_synonym	MOD:01382	oboInOwl:hasExactSynonym	N,N,N-trimethyl-L-methionine
WARN	duplicate_label_synonym	MOD:01383	oboInOwl:hasExactSynonym	L-cystine S-oxide
WARN	duplicate_label_synonym	MOD:01385	oboInOwl:hasExactSynonym	3-hydroxy-L-phenylalanine
WARN	duplicate_label_synonym	MOD:01386	oboInOwl:hasExactSynonym	3-hydroxy-L-valine
WARN	duplicate_label_synonym	MOD:01387	oboInOwl:hasExactSynonym	O-methyl-L-threonine
WARN	duplicate_label_synonym	MOD:01388	oboInOwl:hasExactSynonym	1-amino-2-propanol
WARN	duplicate_label_synonym	MOD:01389	oboInOwl:hasExactSynonym	L-isoleucine thiazole-4-carboxylic acid
WARN	duplicate_label_synonym	MOD:01390	oboInOwl:hasExactSynonym	L-valine thiazole-4-carboxylic acid
WARN	duplicate_label_synonym	MOD:01391	oboInOwl:hasExactSynonym	L-valine 5-(methoxymethyl)thiazole-4-carboxylic acid
WARN	duplicate_label_synonym	MOD:01392	oboInOwl:hasExactSynonym	L-asparagine 5-methylthiazole-4-carboxylic acid
WARN	duplicate_label_synonym	MOD:01393	oboInOwl:hasExactSynonym	L-cysteine pyridine-2,5-dicarboxylic acid
WARN	duplicate_label_synonym	MOD:01394	oboInOwl:hasExactSynonym	L-cysteine 5-amino-3,4,5,6-tetrahydropyridine-2,5-dicarboxylic acid
WARN	duplicate_label_synonym	MOD:01395	oboInOwl:hasExactSynonym	4-(1-hydroxyethyl)-7-isoleucino-2-(threonin-O3-ylcarbonyl)-7,8-dihydroquinolin-8-ol
WARN	duplicate_label_synonym	MOD:01397	oboInOwl:hasExactSynonym	L-serine 5-methyloxazole-4-carboxylic acid
WARN	duplicate_label_synonym	MOD:01398	oboInOwl:hasExactSynonym	N6-propanoyl-L-lysine
WARN	duplicate_label_synonym	MOD:01399	oboInOwl:hasExactSynonym	N6-(ADP-ribosyl)-L-lysine
WARN	duplicate_label_synonym	MOD:01400	oboInOwl:hasExactSynonym	L-lysyl-poly(ADP-ribose)
WARN	duplicate_label_synonym	MOD:01401	oboInOwl:hasExactSynonym	(2S,3S)-3-hydroxyasparagine
WARN	duplicate_label_synonym	MOD:01402	oboInOwl:hasExactSynonym	(2S,3R,4R)-3,4-dihydroxyproline
WARN	duplicate_label_synonym	MOD:01403	oboInOwl:hasExactSynonym	(2S)-4,5,5'-trihydroxyleucine
WARN	duplicate_label_synonym	MOD:01404	oboInOwl:hasExactSynonym	L-asparagine thiazole-4-carboxylic acid
WARN	duplicate_label_synonym	MOD:01405	oboInOwl:hasExactSynonym	L-proline thiazole-4-carboxylic acid
WARN	duplicate_label_synonym	MOD:01406	oboInOwl:hasExactSynonym	L-threonine thiazole-4-carboxylic acid
WARN	duplicate_label_synonym	MOD:01407	oboInOwl:hasExactSynonym	L-phenylalanine thiazoline-4-carboxylic acid
WARN	duplicate_label_synonym	MOD:01432	oboInOwl:hasExactSynonym	(2S,4S)-4,5-dihydroxyleucine
WARN	duplicate_label_synonym	MOD:01433	oboInOwl:hasExactSynonym	1-amino-2-propanone
WARN	duplicate_label_synonym	MOD:01434	oboInOwl:hasExactSynonym	4-hydroxy-L-glutamic acid
WARN	duplicate_label_synonym	MOD:01435	oboInOwl:hasExactSynonym	2-(cystein-S-ylcarbonyl)-3-methyl-4-(glutam-5-yloxy)methylindole
WARN	duplicate_label_synonym	MOD:01442	oboInOwl:hasExactSynonym	3-(O4'-L-tyrosyl)-L-valine
WARN	duplicate_label_synonym	MOD:01453	oboInOwl:hasExactSynonym	L-glutamic acid 5-methyl ester
WARN	duplicate_label_synonym	MOD:01454	oboInOwl:hasExactSynonym	N-(DNA-1',2'-dideoxyribos-1'-ylidene)-L-prolinium
WARN	duplicate_label_synonym	MOD:01587	oboInOwl:hasExactSynonym	O-(2-aminoethylphosphoryl)-L-serine
WARN	duplicate_label_synonym	MOD:01588	oboInOwl:hasExactSynonym	O-cholinephosphoryl-L-serine
WARN	duplicate_label_synonym	MOD:01590	oboInOwl:hasExactSynonym	3'-farnesyl-2',3'-dihydro-2',N2-cyclo-L-tryptophan
WARN	duplicate_label_synonym	MOD:01602	oboInOwl:hasExactSynonym	S-(L-lysyl)-L-methionine sulfilimine
WARN	duplicate_label_synonym	MOD:01605	oboInOwl:hasExactSynonym	5-glutamyl 2-aminoadipic acid
WARN	duplicate_label_synonym	MOD:01606	oboInOwl:hasExactSynonym	5-glutamyl 2-aminoadipic 6-phosphoric anhydride
WARN	duplicate_label_synonym	MOD:01607	oboInOwl:hasExactSynonym	5-glutamyl allysine
WARN	duplicate_label_synonym	MOD:01608	oboInOwl:hasExactSynonym	N2-(L-isoglutamyl)-L-lysine
WARN	duplicate_label_synonym	MOD:01609	oboInOwl:hasExactSynonym	7'-hydroxy-2'-alpha-mannosyl-L-tryptophan
WARN	duplicate_label_synonym	MOD:01610	oboInOwl:hasExactSynonym	L-threonine methyl ester
WARN	duplicate_label_synonym	MOD:01612	oboInOwl:hasExactSynonym	3'-iodo-L-tyrosine
WARN	duplicate_label_synonym	MOD:01613	oboInOwl:hasExactSynonym	3',5'-diiodo-L-tyrosine
WARN	duplicate_label_synonym	MOD:01614	oboInOwl:hasExactSynonym	glycyl phospho-5'-adenosine
WARN	duplicate_label_synonym	MOD:01615	oboInOwl:hasExactSynonym	glycyl cysteine dithioester
WARN	duplicate_label_synonym	MOD:01616	oboInOwl:hasExactSynonym	trithiocystine
WARN	duplicate_label_synonym	MOD:01617	oboInOwl:hasExactSynonym	O-(6-phosphomannosyl)-L-threonine
WARN	duplicate_label_synonym	MOD:01618	oboInOwl:hasExactSynonym	L-alanyl-L-isoaspartyl cyclopeptide
WARN	duplicate_label_synonym	MOD:01625	oboInOwl:hasExactSynonym	1-thioglycine
WARN	duplicate_label_synonym	MOD:01626	oboInOwl:hasExactSynonym	L-cystine
WARN	duplicate_label_synonym	MOD:01627	oboInOwl:hasExactSynonym	L-cysteinyl-L-selenocysteine
WARN	duplicate_label_synonym	MOD:01628	oboInOwl:hasExactSynonym	(2-aminosuccinimidyl)acetic acid
WARN	duplicate_label_synonym	MOD:01629	oboInOwl:hasExactSynonym	cyclo[(prolylserin)-O-yl] cysteinate
WARN	duplicate_label_synonym	MOD:01630	oboInOwl:hasExactSynonym	N6-(L-isoglutamyl)-L-lysine
WARN	duplicate_label_synonym	MOD:01662	oboInOwl:hasExactSynonym	N5-(ADP-ribosyl)-L-glutamine
WARN	duplicate_label_synonym	MOD:01663	oboInOwl:hasExactSynonym	O-(ADP-ribosyl)-L-threonine
WARN	duplicate_label_synonym	MOD:01664	oboInOwl:hasExactSynonym	7'-hydroxy-L-tryptophan
WARN	duplicate_label_synonym	MOD:01665	oboInOwl:hasExactSynonym	N-(DNA-1',2'-dideoxyribos-1'-ylidene)-L-valine
WARN	duplicate_label_synonym	MOD:01668	oboInOwl:hasExactSynonym	O4-(8alpha-FAD)-L-aspartate
WARN	duplicate_label_synonym	MOD:01670	oboInOwl:hasExactSynonym	N6-chloro-L-lysine
WARN	duplicate_label_synonym	MOD:01690	oboInOwl:hasExactSynonym	N-[(12R)-12-hydroxymyristoyl]-L-cysteine
WARN	duplicate_label_synonym	MOD:01691	oboInOwl:hasExactSynonym	N-(12-ketomyristoyl)-L-cysteine
WARN	duplicate_label_synonym	MOD:01694	oboInOwl:hasExactSynonym	S-(coelenterazin-3a-yl)-L-cysteine
WARN	duplicate_label_synonym	MOD:01774	oboInOwl:hasExactSynonym	N6-octanoyl-L-lysine
WARN	duplicate_label_synonym	MOD:01775	oboInOwl:hasExactSynonym	5-glutamyl serotonin
WARN	duplicate_label_synonym	MOD:01778	oboInOwl:hasExactSynonym	N-(glycyl)-L-cysteine
WARN	duplicate_label_synonym	MOD:01779	oboInOwl:hasExactSynonym	N6-(L-lysyl)-L-lysine
WARN	duplicate_label_synonym	MOD:01781	oboInOwl:hasExactSynonym	N6-butanoyl-L-lysine
WARN	duplicate_label_synonym	MOD:01782	oboInOwl:hasExactSynonym	N-methyl-L-serine
WARN	duplicate_label_synonym	MOD:01783	oboInOwl:hasExactSynonym	N,N-dimethyl-L-serine
WARN	duplicate_label_synonym	MOD:01784	oboInOwl:hasExactSynonym	N,N,N-trimethyl-L-serine
WARN	duplicate_label_synonym	MOD:01786	oboInOwl:hasExactSynonym	3'-nitro-L-tyrosine
WARN	duplicate_label_synonym	MOD:01787	oboInOwl:hasExactSynonym	5'-(L-tyros-5'-yl)amino-L-tyrosine
WARN	duplicate_label_synonym	MOD:01806	oboInOwl:hasExactSynonym	N,N-dimethyl-L-leucine
WARN	duplicate_label_synonym	MOD:01807	oboInOwl:hasExactSynonym	N-formyl-L-glutamic acid
WARN	duplicate_label_synonym	MOD:01814	oboInOwl:hasExactSynonym	L-cysteine 3-hydroxy-2,5-pyridinedicarboxylic acid
WARN	duplicate_label_synonym	MOD:01815	oboInOwl:hasExactSynonym	L-glutamate thiazole-4-carboxylic acid
WARN	duplicate_label_synonym	MOD:01816	oboInOwl:hasExactSynonym	2'-hydroxy-L-tryptophan
WARN	duplicate_label_synonym	MOD:01817	oboInOwl:hasExactSynonym	2'-oxo-L-tryptophan
WARN	duplicate_label_synonym	MOD:01819	oboInOwl:hasExactSynonym	N6-succinyl-L-lysine
WARN	duplicate_label_synonym	MOD:01839	oboInOwl:hasExactSynonym	L-lanthionine
WARN	duplicate_label_synonym	MOD:01840	oboInOwl:hasExactSynonym	L-allo-isoleucine
WARN	duplicate_label_synonym	MOD:01842	oboInOwl:hasExactSynonym	S-(2-aminovinyl)-L-cysteine
WARN	duplicate_label_synonym	MOD:01843	oboInOwl:hasExactSynonym	5'-chloro-L-tryptophan
WARN	duplicate_label_synonym	MOD:01844	oboInOwl:hasExactSynonym	2-(3-methylbutanoyl)-5-hydroxyoxazole-4-carbothionic acid
WARN	duplicate_label_synonym	MOD:01846	oboInOwl:hasExactSynonym	methanobactin OB3b copper complex
WARN	duplicate_label_synonym	MOD:01847	oboInOwl:hasExactSynonym	L-cysteine sulfinyl phosphate
WARN	duplicate_label_synonym	MOD:01848	oboInOwl:hasExactSynonym	S-(spermidinoglutathion-S-yl)-L-cysteine
WARN	duplicate_label_synonym	MOD:01850	oboInOwl:hasExactSynonym	S-(2-aminovinyl)-D-cysteine
WARN	duplicate_label_synonym	MOD:01853	oboInOwl:hasExactSynonym	L-lysinoalanine
WARN	duplicate_label_synonym	MOD:01857	oboInOwl:hasExactSynonym	2-(L-cystein-S-yl)-methionine
WARN	duplicate_label_synonym	MOD:01858	oboInOwl:hasExactSynonym	S-(N-acetylamino)glucosyl-L-cysteine
WARN	duplicate_label_synonym	MOD:01859	oboInOwl:hasExactSynonym	4-amino-3-isothiazolidinone-L-phenylalanine
WARN	duplicate_label_synonym	MOD:01860	oboInOwl:hasExactSynonym	L-cysteine bacillithiol disulfide
WARN	duplicate_label_synonym	MOD:01877	oboInOwl:hasExactSynonym	2-(4-guanidinobutanoyl)-5-hydroxyimidazole-4-carbothionic acid
WARN	duplicate_label_synonym	MOD:01879	oboInOwl:hasExactSynonym	methanobactin SB2 copper complex
WARN	duplicate_label_synonym	MOD:01880	oboInOwl:hasExactSynonym	L-deoxyhypusine
WARN	duplicate_label_synonym	MOD:01881	oboInOwl:hasExactSynonym	3-(L-phenylalan-2'-yl)-L-valine
WARN	duplicate_label_synonym	MOD:01889	oboInOwl:hasExactSynonym	S-(2-succinyl)-L-cysteine
WARN	duplicate_label_synonym	MOD:01892	oboInOwl:hasExactSynonym	N6-crotonyl-L-lysine
WARN	duplicate_label_synonym	MOD:01893	oboInOwl:hasExactSynonym	N6-malonyl-L-lysine
WARN	duplicate_label_synonym	MOD:01898	oboInOwl:hasExactSynonym	N2,N2-dimethyl-L-arginine
WARN	duplicate_label_synonym	MOD:01899	oboInOwl:hasExactSynonym	L-arginine thiazole-4-carboxylic acid
WARN	duplicate_label_synonym	MOD:01900	oboInOwl:hasExactSynonym	L-cysteine 5-methyloxazole-4-carboxylic acid
WARN	duplicate_label_synonym	MOD:01901	oboInOwl:hasExactSynonym	L-threonine 5-methyloxazole-4-carboxylic acid
WARN	duplicate_label_synonym	MOD:01902	oboInOwl:hasExactSynonym	L-isoleucine oxazole-4-carboxylic acid
WARN	duplicate_label_synonym	MOD:01903	oboInOwl:hasExactSynonym	L-serine oxazole-4-carboxylic acid
WARN	duplicate_label_synonym	MOD:01904	oboInOwl:hasExactSynonym	L-serine 5-methyloxazoline-4-carboxylic acid
WARN	duplicate_label_synonym	MOD:01905	oboInOwl:hasExactSynonym	5-hydroxy-3-methyl-L-proline
WARN	duplicate_label_synonym	MOD:01915	oboInOwl:hasExactSynonym	N-formyl-L-alanine
WARN	duplicate_label_synonym	MOD:01916	oboInOwl:hasExactSynonym	O4'-(N-acetylamino)galactosyl-L-tyrosine
WARN	duplicate_label_synonym	MOD:01918	oboInOwl:hasExactSynonym	(2S,5S)-5-hydroxylysine
WARN	duplicate_label_synonym	MOD:01919	oboInOwl:hasExactSynonym	(2S,3S)-3-hydroxyaspartic acid
WARN	duplicate_label_synonym	MOD:01920	oboInOwl:hasExactSynonym	3-hydroxy-L-histidine
WARN	duplicate_label_synonym	MOD:01922	oboInOwl:hasExactSynonym	3-methoxydehydroalanine
WARN	duplicate_label_synonym	MOD:01923	oboInOwl:hasExactSynonym	N6-(L-aspartyl)-L-lysine
WARN	duplicate_label_synonym	MOD:01924	oboInOwl:hasExactSynonym	S-octanoyl-L-cysteine
WARN	duplicate_label_synonym	MOD:01925	oboInOwl:hasExactSynonym	(2S,5R)-5-hydroxylysine
WARN	duplicate_label_synonym	MOD:01928	oboInOwl:hasExactSynonym	N-(L-isoaspartyl)-glycine
WARN	duplicate_label_synonym	MOD:01929	oboInOwl:hasExactSynonym	N6-(L-isoaspartyl)-L-lysine
WARN	duplicate_label_synonym	MOD:01931	oboInOwl:hasExactSynonym	N6-phospho-L-lysine
WARN	duplicate_label_synonym	MOD:01932	oboInOwl:hasExactSynonym	L-lysinonorleucine
WARN	duplicate_label_synonym	MOD:01933	oboInOwl:hasExactSynonym	desmosine
WARN	duplicate_label_synonym	MOD:01934	oboInOwl:hasExactSynonym	isodesmosine
WARN	duplicate_label_synonym	MOD:01935	oboInOwl:hasExactSynonym	O-glucosyl-L-hydroxylysine
WARN	duplicate_label_synonym	MOD:01936	oboInOwl:hasExactSynonym	N6-oleoyl-L-lysine
WARN	duplicate_label_synonym	MOD:01937	oboInOwl:hasExactSynonym	N-palmitoyl-L-methionine
WARN	duplicate_label_synonym	MOD:01942	oboInOwl:hasExactSynonym	D-aspartic acid
WARN	duplicate_label_synonym	MOD:01945	oboInOwl:hasExactSynonym	2-(2-aminosuccinimidyl)-3-sulfanylpropanoic acid
WARN	duplicate_label_synonym	MOD:01946	oboInOwl:hasExactSynonym	2-(2-aminosuccinimidyl)pentanedioic acid
WARN	duplicate_label_synonym	MOD:01948	oboInOwl:hasExactSynonym	labionin
WARN	duplicate_label_synonym	MOD:01949	oboInOwl:hasExactSynonym	coelenterazine
WARN	duplicate_label_synonym	MOD:01950	oboInOwl:hasExactSynonym	L-isoglutamyl histamine
WARN	duplicate_label_synonym	MOD:01955	oboInOwl:hasExactSynonym	L-alaninato bis-L-aspartato tris-L-glutamato L-histidino calcium tetramanganese pentoxide
WARN	duplicate_label_synonym	MOD:01956	oboInOwl:hasExactSynonym	(3R)-3-hydroxy-L-arginine
WARN	duplicate_label_synonym	MOD:01957	oboInOwl:hasExactSynonym	2-hydroxyproline
WARN	duplicate_label_synonym	MOD:01958	oboInOwl:hasExactSynonym	bis-L-cysteinyl bisglutathion-S-yl diiron disulfide
WARN	duplicate_label_synonym	MOD:01959	oboInOwl:hasExactSynonym	tris-L-cysteinyl L-glutamato tetrairon tetrasulfide
WARN	duplicate_label_synonym	MOD:01960	oboInOwl:hasExactSynonym	tris-L-cysteinyl L-glutamin-O6-yl tetrairon tetrasulfide
WARN	duplicate_label_synonym	MOD:01962	oboInOwl:hasExactSynonym	N4-(2,4-diacetamido-2,4,6-trideoxy-D-glucosyl)-L-asparagine
WARN	duplicate_label_synonym	MOD:01963	oboInOwl:hasExactSynonym	O-(2,4-diacetamido-2,4,6-trideoxy-D-glucosyl)-L-serine
WARN	duplicate_label_synonym	MOD:01964	oboInOwl:hasExactSynonym	O-(2-acetamido-4-glyceramido-2,4,6-trideoxy-D-glucosyl)-L-serine
WARN	duplicate_label_synonym	MOD:01967	oboInOwl:hasExactSynonym	omega-N-(N-acetylamino)glucosyl-L-arginine
WARN	duplicate_label_synonym	MOD:01968	oboInOwl:hasExactSynonym	(2R,3R,2'R)-3-methyllanthionine
WARN	duplicate_label_synonym	MOD:01969	oboInOwl:hasExactSynonym	S-(gamma-glutamyl-cysteinyl-glycyl)-cysteine
WARN	duplicate_label_synonym	MOD:01970	oboInOwl:hasExactSynonym	5-glutamyl glutamic acid
WARN	duplicate_label_synonym	MOD:01971	oboInOwl:hasExactSynonym	5-glutamyl N2-ornithine
WARN	duplicate_label_synonym	MOD:01972	oboInOwl:hasExactSynonym	5-glutamyl coenzyme A thioester
WARN	duplicate_label_synonym	MOD:01973	oboInOwl:hasExactSynonym	N6-(3-phosphoglyceryl)-L-lysine
WARN	duplicate_label_synonym	MOD:01974	oboInOwl:hasExactSynonym	S-methyl-L-methionine
WARN	duplicate_label_synonym	MOD:01975	oboInOwl:hasExactSynonym	S-poly(3-hydroxybutyrate)-L-cysteine
WARN	duplicate_label_synonym	MOD:01976	oboInOwl:hasExactSynonym	O3-(poly-3-hydroxybutyrate)-L-serine
WARN	duplicate_label_synonym	MOD:01977	oboInOwl:hasExactSynonym	O-(L-isoglutamyl)-L-serine
WARN	duplicate_label_synonym	MOD:01978	oboInOwl:hasExactSynonym	O-(L-isoaspartyl)-L-threonine
WARN	duplicate_label_synonym	MOD:01979	oboInOwl:hasExactSynonym	O-(L-isoglutamyl)-L-threonine
WARN	duplicate_label_synonym	MOD:01980	oboInOwl:hasExactSynonym	omega-N-glycosyl-L-arginine
WARN	duplicate_label_synonym	MOD:01981	oboInOwl:hasExactSynonym	3-methyllanthionine
WARN	duplicate_scoped_synonym	MOD:00398	oboInOwl:hasExactSynonym	Carbamylation
WARN	duplicate_scoped_synonym	MOD:00398	oboInOwl:hasRelatedSynonym	Carbamylation
WARN	duplicate_scoped_synonym	MOD:00419	oboInOwl:hasExactSynonym	S-carbamoylmethylcysteine cyclization (N-terminus)
WARN	duplicate_scoped_synonym	MOD:00419	oboInOwl:hasRelatedSynonym	S-carbamoylmethylcysteine cyclization (N-terminus)
WARN	duplicate_scoped_synonym	MOD:00434	oboInOwl:hasExactSynonym	Hex
WARN	duplicate_scoped_synonym	MOD:00434	oboInOwl:hasRelatedSynonym	Hex
WARN	duplicate_scoped_synonym	MOD:00436	oboInOwl:hasExactSynonym	HexNAc
WARN	duplicate_scoped_synonym	MOD:00436	oboInOwl:hasRelatedSynonym	HexNAc
WARN	duplicate_scoped_synonym	MOD:00437	oboInOwl:hasExactSynonym	Farnesylation
WARN	duplicate_scoped_synonym	MOD:00437	oboInOwl:hasRelatedSynonym	Farnesylation
WARN	duplicate_scoped_synonym	MOD:00438	oboInOwl:hasExactSynonym	Myristoylation
WARN	duplicate_scoped_synonym	MOD:00438	oboInOwl:hasRelatedSynonym	Myristoylation
WARN	duplicate_scoped_synonym	MOD:00440	oboInOwl:hasExactSynonym	Palmitoylation
WARN	duplicate_scoped_synonym	MOD:00440	oboInOwl:hasRelatedSynonym	Palmitoylation
WARN	duplicate_scoped_synonym	MOD:00600	oboInOwl:hasExactSynonym	Ethyl
WARN	duplicate_scoped_synonym	MOD:00600	oboInOwl:hasRelatedSynonym	Ethyl
WARN	duplicate_scoped_synonym	MOD:00793	oboInOwl:hasExactSynonym	Dehydroalanine (from Cysteine)
WARN	duplicate_scoped_synonym	MOD:00793	oboInOwl:hasRelatedSynonym	Dehydroalanine (from Cysteine)
WARN	duplicate_scoped_synonym	MOD:01468	oboInOwl:hasExactSynonym	L-selenocysteinyl molybdenum bis(molybdopterin guanine dinucleotide)
WARN	duplicate_scoped_synonym	MOD:01468	oboInOwl:hasRelatedSynonym	L-selenocysteinyl molybdenum bis(molybdopterin guanine dinucleotide)
WARN	missing_definition	obo:mod#DeltaMass-label	IAO:0000115	
WARN	missing_definition	obo:mod#OMSSA-label	IAO:0000115	
WARN	missing_definition	obo:mod#PSI-MOD-alternate	IAO:0000115	
WARN	missing_definition	obo:mod#PSI-MOD-label	IAO:0000115	
WARN	missing_definition	obo:mod#PSI-MS-label	IAO:0000115	
WARN	missing_definition	obo:mod#RESID-alternate	IAO:0000115	
WARN	missing_definition	obo:mod#RESID-misnomer	IAO:0000115	
WARN	missing_definition	obo:mod#RESID-name	IAO:0000115	
WARN	missing_definition	obo:mod#RESID-systematic	IAO:0000115	
WARN	missing_definition	obo:mod#UniProt-feature	IAO:0000115	
WARN	missing_definition	obo:mod#Unimod-alternate	IAO:0000115	
WARN	missing_definition	obo:mod#Unimod-description	IAO:0000115	
WARN	missing_definition	obo:mod#Unimod-interim	IAO:0000115	
WARN	missing_obsolete_label	MOD:00004	rdfs:label	artifact
WARN	missing_obsolete_label	MOD:00008	rdfs:label	common
WARN	missing_obsolete_label	MOD:00306	rdfs:label	residues isobaric at 113.084064 Da
WARN	missing_obsolete_label	MOD:00407	rdfs:label	residue methyl ester
WARN	missing_obsolete_label	MOD:00411	rdfs:label	O18 label
WARN	missing_obsolete_label	MOD:00412	rdfs:label	oxidation
WARN	missing_obsolete_label	MOD:00415	rdfs:label	phosphorylation without neutral loss
WARN	missing_obsolete_label	MOD:00450	rdfs:label	acetate labeling reagent light form (K)
WARN	missing_obsolete_label	MOD:00496	rdfs:label	reductive amination-D
WARN	missing_obsolete_label	MOD:00507	rdfs:label	5-dimethylaminonaphthalene-1-sulfonyl
WARN	missing_obsolete_label	MOD:00508	rdfs:label	ISD a-series (C-Term)
WARN	missing_obsolete_label	MOD:00536	rdfs:label	L-serine to L-alanine replacement
WARN	missing_obsolete_label	MOD:00538	rdfs:label	protein modification categorized by isobaric sets
WARN	missing_obsolete_label	MOD:00539	rdfs:label	threonine reduced to aminobutynate
WARN	missing_obsolete_label	MOD:00545	rdfs:label	deuterated dimethyl labeling (D)
WARN	missing_obsolete_label	MOD:00554	rdfs:label	APTA-d0 with no neutral loss
WARN	missing_obsolete_label	MOD:00555	rdfs:label	APTA-d0 with quaternary amine loss
WARN	missing_obsolete_label	MOD:00556	rdfs:label	acrolein addition +94
WARN	missing_obsolete_label	MOD:00557	rdfs:label	acrolein addition +56
WARN	missing_obsolete_label	MOD:00558	rdfs:label	acrolein addition +38
WARN	missing_obsolete_label	MOD:00559	rdfs:label	acrolein addition +76
WARN	missing_obsolete_label	MOD:00560	rdfs:label	acrolein addition +112
WARN	missing_obsolete_label	MOD:00564	rdfs:label	Applied Biosystems iTRAQ(TM) multiplexed quantitation chemistry
WARN	missing_obsolete_label	MOD:00567	rdfs:label	histidine oxidation to asparagine
WARN	missing_obsolete_label	MOD:00568	rdfs:label	histidine oxidation to aspartic acid
WARN	missing_obsolete_label	MOD:00569	rdfs:label	residues isobaric at a resolution below 0.000001 Da
WARN	missing_obsolete_label	MOD:00570	rdfs:label	residues isobaric at 71.037114 Da
WARN	missing_obsolete_label	MOD:00578	rdfs:label	acetaldehyde +28
WARN	missing_obsolete_label	MOD:00579	rdfs:label	propionaldehyde +40
WARN	missing_obsolete_label	MOD:00580	rdfs:label	propionaldehyde +42
WARN	missing_obsolete_label	MOD:00590	rdfs:label	nucleophilic addtion to cytopiloyne
WARN	missing_obsolete_label	MOD:00591	rdfs:label	nucleophilic addition to cytopiloyne+H2O
WARN	missing_obsolete_label	MOD:00593	rdfs:label	covalent modification of lysine by omega-maleimido alkanoyl N-hydroxysuccinimido esters
WARN	missing_obsolete_label	MOD:00594	rdfs:label	residues isobaric at 113.047678 Da
WARN	missing_obsolete_label	MOD:00597	rdfs:label	methyl methanethiosulfonate
WARN	missing_obsolete_label	MOD:00603	rdfs:label	N-ethylation
WARN	missing_obsolete_label	MOD:00615	rdfs:label	4-sulfophenyl isothiocyante modification to N-term R
WARN	missing_obsolete_label	MOD:00616	rdfs:label	residues isobaric at a resolution below 0.1 Da
WARN	missing_obsolete_label	MOD:00619	rdfs:label	hydroxylethanone
WARN	missing_obsolete_label	MOD:00624	rdfs:label	residues isobaric at 113.0-113.1 Da
WARN	missing_obsolete_label	MOD:00632	rdfs:label	N-succinimide
WARN	missing_obsolete_label	MOD:00641	rdfs:label	CAMthiopropanoyl of Lys
WARN	missing_obsolete_label	MOD:00766	rdfs:label	C terminal -K from HC of MAb
WARN	missing_obsolete_label	MOD:00769	rdfs:label	residues isobaric at 71.0-71.1 Da
WARN	missing_obsolete_label	MOD:00770	rdfs:label	residues isobaric at a resolution below 0.01 Da
WARN	missing_obsolete_label	MOD:00771	rdfs:label	residues isobaric at 166.98-167.00 Da
WARN	missing_obsolete_label	MOD:00773	rdfs:label	residues isobaric at 181.00-181.02 Da
WARN	missing_obsolete_label	MOD:00774	rdfs:label	residues isobaric at 243.02-243.03 Da
WARN	missing_obsolete_label	MOD:00777	rdfs:label	residues isobaric at 182.96-182.98 Da
WARN	missing_obsolete_label	MOD:00778	rdfs:label	residues isobaric at 182.9-183.0 Da
WARN	missing_obsolete_label	MOD:00779	rdfs:label	lysine oxidation to aminoadipic semialdehyde
WARN	missing_obsolete_label	MOD:00794	rdfs:label	pyrrolidone from proline
WARN	missing_obsolete_label	MOD:00815	rdfs:label	molybdopterin
WARN	missing_obsolete_label	MOD:00872	rdfs:label	L-isoglutamyl monoglutamic acid
WARN	missing_obsolete_label	MOD:00881	rdfs:label	N-reductive amination-D
WARN	missing_obsolete_label	MOD:00893	rdfs:label	residues isobaric at 128.0-128.1
WARN	missing_obsolete_label	MOD:00894	rdfs:label	residues isobaric at 128.058578 Da
WARN	missing_obsolete_label	MOD:00921	rdfs:label	new uncategorized Unimod entries
WARN	missing_obsolete_label	MOD:00926	rdfs:label	Bisphenol A diglycidyl ether derivative
WARN	missing_obsolete_label	MOD:00945	rdfs:label	fluorescein-5-thiosemicarbazide adduct
WARN	missing_obsolete_label	MOD:00948	rdfs:label	5'-dephospho
WARN	missing_obsolete_label	MOD:00949	rdfs:label	desmosine
WARN	missing_obsolete_label	MOD:00950	rdfs:label	decomposed carboxymethylated methionine
WARN	missing_obsolete_label	MOD:00963	rdfs:label	Oxidation of Trp to kynurenine
WARN	missing_obsolete_label	MOD:00968	rdfs:label	CM-Cys vs PAM-Cys
WARN	missing_obsolete_label	MOD:00969	rdfs:label	CAM-Cys vs PAM-Cys
WARN	missing_obsolete_label	MOD:00976	rdfs:label	potassium salt
WARN	missing_obsolete_label	MOD:00980	rdfs:label	Carboxamidomethyl (on Cysteine)
WARN	missing_obsolete_label	MOD:00989	rdfs:label	acetamidomethyl (Acm)
WARN	missing_obsolete_label	MOD:00999	rdfs:label	homoseryl lactone
WARN	missing_obsolete_label	MOD:01017	rdfs:label	homoseryl (-Hse-)
WARN	missing_obsolete_label	MOD:01036	rdfs:label	O-methyl aspartyl
WARN	missing_obsolete_label	MOD:01038	rdfs:label	norleucine (Nle)
WARN	missing_obsolete_label	MOD:01039	rdfs:label	hydroxy aspartyl
WARN	missing_obsolete_label	MOD:01044	rdfs:label	N-methyl glutamyl
WARN	missing_obsolete_label	MOD:01062	rdfs:label	carboxymethyl cysteinyl
WARN	missing_obsolete_label	MOD:01076	rdfs:label	N-methyl arginyl
WARN	missing_obsolete_label	MOD:01080	rdfs:label	acrylamidyl cysteinyl
WARN	missing_obsolete_label	MOD:01082	rdfs:label	4-glycosyloxy- (hexosyl, C6) (of proline)
WARN	missing_obsolete_label	MOD:01095	rdfs:label	Matrix alpha cyano MH+
WARN	missing_obsolete_label	MOD:01101	rdfs:label	S-Farnesyl-
WARN	missing_obsolete_label	MOD:01102	rdfs:label	myristoylation-4H (two double bonds)
WARN	missing_obsolete_label	MOD:01103	rdfs:label	myristoleylation (one double bond)
WARN	missing_obsolete_label	MOD:01122	rdfs:label	5'phos dCytidinyl
WARN	missing_obsolete_label	MOD:01123	rdfs:label	monoiodated tyrosine
WARN	missing_obsolete_label	MOD:01125	rdfs:label	5'phos dThymidinyl
WARN	missing_obsolete_label	MOD:01126	rdfs:label	5'phos Cytidinyl
WARN	missing_obsolete_label	MOD:01127	rdfs:label	5'phos Uridinyl
WARN	missing_obsolete_label	MOD:01129	rdfs:label	5'phos dAdenosyl
WARN	missing_obsolete_label	MOD:01131	rdfs:label	5'phos dGuanosyl
WARN	missing_obsolete_label	MOD:01132	rdfs:label	5'phos Adenosinyl
WARN	missing_obsolete_label	MOD:01136	rdfs:label	dioctyl phthalate
WARN	missing_obsolete_label	MOD:01138	rdfs:label	Aedans Cystenyl
WARN	missing_obsolete_label	MOD:01139	rdfs:label	dioctyl phthalate sodium adduct
WARN	missing_obsolete_label	MOD:01190	rdfs:label	dibromo
WARN	missing_obsolete_label	MOD:01196	rdfs:label	5-dimethylaminonaphthalene-1-sulfonyl - site K
WARN	missing_obsolete_label	MOD:01214	rdfs:label	iodoacetamide - site C
WARN	missing_obsolete_label	MOD:01246	rdfs:label	fucosylated -site S
WARN	missing_obsolete_label	MOD:01247	rdfs:label	fucosylated -site T
WARN	missing_obsolete_label	MOD:01252	rdfs:label	5-hydro-5-methylimidazol-4-one, methylglyoxal arginine adduct (+54 amu)
WARN	missing_obsolete_label	MOD:01260	rdfs:label	nucleophilic addtion to cytopiloyne - site Y
WARN	missing_obsolete_label	MOD:01261	rdfs:label	nucleophilic addtion to cytopiloyne - site S
WARN	missing_obsolete_label	MOD:01262	rdfs:label	nucleophilic addition to cytopiloyne - site R
WARN	missing_obsolete_label	MOD:01263	rdfs:label	nucleophilic addtion to cytopiloyne - site K
WARN	missing_obsolete_label	MOD:01264	rdfs:label	nucleophilic addtion to cytopiloyne - site C
WARN	missing_obsolete_label	MOD:01265	rdfs:label	nucleophilic addtion to cytopiloyne - site P
WARN	missing_obsolete_label	MOD:01266	rdfs:label	nucleophilic addition to cytopiloyne+H2O - site C
WARN	missing_obsolete_label	MOD:01267	rdfs:label	nucleophilic addition to cytopiloyne+H2O - site K
WARN	missing_obsolete_label	MOD:01268	rdfs:label	nucleophilic addition to cytopiloyne+H2O - site T
WARN	missing_obsolete_label	MOD:01269	rdfs:label	nucleophilic addition to cytopiloyne+H2O - site R
WARN	missing_obsolete_label	MOD:01270	rdfs:label	nucleophilic addition to cytopiloyne+H2O - site S
WARN	missing_obsolete_label	MOD:01271	rdfs:label	nucleophilic addition to cytopiloyne+H2O - site Y
WARN	missing_obsolete_label	MOD:01282	rdfs:label	acrolein addition +56 - site H
WARN	missing_obsolete_label	MOD:01283	rdfs:label	acrolein addition +56 - site K
WARN	missing_obsolete_label	MOD:01284	rdfs:label	acrolein addition +56 - site C
WARN	missing_obsolete_label	MOD:01288	rdfs:label	acetaldehyde +28 - site H
WARN	missing_obsolete_label	MOD:01289	rdfs:label	acetaldehyde +28 - site K
WARN	missing_obsolete_label	MOD:01290	rdfs:label	dihydroxylated residue - site F
WARN	missing_obsolete_label	MOD:01291	rdfs:label	dihydroxylated residue - site W
WARN	missing_obsolete_label	MOD:01292	rdfs:label	dimethylation of proline residue
WARN	missing_obsolete_label	MOD:01294	rdfs:label	deamidation in presence of O18 -site Q
WARN	missing_obsolete_label	MOD:01322	rdfs:label	propionaldehyde +40 - site K
WARN	missing_obsolete_label	MOD:01323	rdfs:label	propionaldehyde +40 - site H
WARN	missing_obsolete_label	MOD:01324	rdfs:label	acetaldehyde +26 - site H
WARN	missing_obsolete_label	MOD:01325	rdfs:label	acetaldehyde +26 - site K
WARN	missing_obsolete_label	MOD:01329	rdfs:label	iodoacetic acid - site C
WARN	missing_obsolete_label	MOD:01330	rdfs:label	iodoacetic acid -site K
WARN	missing_obsolete_label	MOD:01336	rdfs:label	deamidation followed by a methylation -site Q
WARN	missing_obsolete_label	MOD:01342	rdfs:label	selenium substitution for sulfur - site M
WARN	missing_obsolete_label	MOD:01343	rdfs:label	selenium substitution for sulfur - site C
WARN	missing_obsolete_label	MOD:01344	rdfs:label	dehydrogenated residue - site S
WARN	missing_obsolete_label	MOD:01371	rdfs:label	deamidation in presence of O18
WARN	missing_obsolete_label	MOD:01427	rdfs:label	2-aminobutanoic acid (Abu)
WARN	missing_obsolete_label	MOD:01513	rdfs:label	modifications with monoisotopic mass differences that are nominally equal at a resolution below 0.1 Da
WARN	missing_obsolete_label	MOD:01514	rdfs:label	modifications with monoisotopic mass differences that are nominally equal at a resolution below 0.01 Da
WARN	missing_obsolete_label	MOD:01515	rdfs:label	modifications with monoisotopic mass differences that are nominally equal at a resolution below 0.000001 Da
WARN	missing_obsolete_label	MOD:01516	rdfs:label	modifications with monoisotopic mass diferences that are nominally equal at 144.099-144.106 Da.
WARN	missing_obsolete_label	MOD:01517	rdfs:label	modifications with monoisotopic mass differences that are nominally equal at 144.102062 Da
WARN	missing_obsolete_label	MOD:01584	rdfs:label	modifications with monoisotopic mass differences that are nominally equal at 304.199039 Da
WARN	missing_obsolete_label	MOD:01591	rdfs:label	modifications with monoisotopic mass differences that are nominally equal at 304.205359 Da
WARN	missing_obsolete_label	MOD:01592	rdfs:label	modifications with monoisotopic mass differences that are nominally equal at 304.199-304.206 Da
WARN	missing_obsolete_label	MOD:01868	rdfs:label	modifications with monoisotopic mass differences that are nominally equal at 140.094963 Da
WARN	missing_obsolete_label	MOD:01876	rdfs:label	4x(1)H,4x(12)C-labeled alpha-amino succinylated residue
WARN	missing_obsolete_label	MOD:01961	rdfs:label	O-(L-isoglutamyl)-L-threonine (THR)
WARN	missing_obsolete_label	MOD:01966	rdfs:label	L-methionine (R)-sulfoxide
INFO	lowercase_definition	MOD:00449	IAO:0000115	modification from Unimod Isotopic label
INFO	lowercase_definition	MOD:00468	IAO:0000115	modification from Unimod Isotopic label
INFO	lowercase_definition	MOD:00469	IAO:0000115	modification from Unimod Isotopic label
INFO	lowercase_definition	MOD:00470	IAO:0000115	modification from Unimod Chemical derivative
INFO	lowercase_definition	MOD:00471	IAO:0000115	modification from Unimod Chemical derivative
INFO	lowercase_definition	MOD:00472	IAO:0000115	modification from Unimod Isotopic label
INFO	lowercase_definition	MOD:00473	IAO:0000115	modification from Unimod Isotopic label
INFO	lowercase_definition	MOD:00480	IAO:0000115	modification from Unimod Isotopic label
INFO	lowercase_definition	MOD:00481	IAO:0000115	modification from Unimod Isotopic label
INFO	lowercase_definition	MOD:00484	IAO:0000115	modification from Unimod Chemical derivative
INFO	lowercase_definition	MOD:00485	IAO:0000115	modification from Unimod Chemical derivative
INFO	lowercase_definition	MOD:00486	IAO:0000115	modification from Unimod Chemical derivative
INFO	lowercase_definition	MOD:00487	IAO:0000115	modification from Unimod Chemical derivative
INFO	lowercase_definition	MOD:00488	IAO:0000115	modification from Unimod Chemical derivative
INFO	lowercase_definition	MOD:00489	IAO:0000115	modification from Unimod Chemical derivative
INFO	lowercase_definition	MOD:00490	IAO:0000115	modification from Unimod Chemical derivative
INFO	lowercase_definition	MOD:00491	IAO:0000115	modification from Unimod Chemical derivative
INFO	lowercase_definition	MOD:00494	IAO:0000115	modification from Unimod Isotopic label
INFO	lowercase_definition	MOD:00495	IAO:0000115	modification from Unimod Isotopic label
INFO	lowercase_definition	MOD:00497	IAO:0000115	modification from Unimod [(35)S]dithiobis(succinimidyl propionate) crosslinking
INFO	lowercase_definition	MOD:00499	IAO:0000115	modification from Unimod Chemical derivative
INFO	lowercase_definition	MOD:00505	IAO:0000115	modification from Unimod Isotopic label
INFO	lowercase_definition	MOD:00506	IAO:0000115	modification from Unimod N-linked glycosylation, Hex(5) HexNAc(2)
INFO	lowercase_definition	MOD:00509	IAO:0000115	modification from Unimod Chemical derivative
INFO	lowercase_definition	MOD:00510	IAO:0000115	modification from Unimod N-linked glycosylation, dHex HexNAc
INFO	lowercase_definition	MOD:00511	IAO:0000115	modification from Unimod N-linked glycosylation, HexNAc(2)
INFO	lowercase_definition	MOD:00512	IAO:0000115	modification from Unimod N-linked glycosylation, Hex3
INFO	lowercase_definition	MOD:00513	IAO:0000115	modification from Unimod N-linked glycosylation, dHex(2) HexNAc
INFO	lowercase_definition	MOD:00514	IAO:0000115	modification from Unimod N-linked glycosylation, dHex Hex HexNAc
INFO	lowercase_definition	MOD:00515	IAO:0000115	modification from Unimod N-linked glycosylation, dHex HexNAc(2)
INFO	lowercase_definition	MOD:00516	IAO:0000115	modification from Unimod N-linked glycosylation
INFO	lowercase_definition	MOD:00518	IAO:0000115	modification from Unimod N-linked glycosylation
INFO	lowercase_definition	MOD:00519	IAO:0000115	modification from Unimod N-linked glycosylation
INFO	lowercase_definition	MOD:00520	IAO:0000115	modification from Unimod N-linked glycosylation
INFO	lowercase_definition	MOD:00521	IAO:0000115	modification from Unimod N-linked glycosylation
INFO	lowercase_definition	MOD:00522	IAO:0000115	modification from Unimod N-linked glycosylation
INFO	lowercase_definition	MOD:00523	IAO:0000115	modification from Unimod N-linked glycosylation
INFO	lowercase_definition	MOD:00524	IAO:0000115	modification from Unimod N-linked glycosylation
INFO	lowercase_definition	MOD:00525	IAO:0000115	modification from Unimod N-linked glycosylation
INFO	lowercase_definition	MOD:00526	IAO:0000115	modification from Unimod N-linked glycosylation
INFO	lowercase_definition	MOD:00527	IAO:0000115	modification from Unimod N-linked glycosylation
INFO	lowercase_definition	MOD:00529	IAO:0000115	modification from Unimod N-linked glycosylation
INFO	lowercase_definition	MOD:00532	IAO:0000115	modification from Unimod Chemical derivative
INFO	lowercase_definition	MOD:00533	IAO:0000115	modification from Unimod Chemical derivative
INFO	lowercase_definition	MOD:00534	IAO:0000115	modification from Unimod Post-translational
INFO	lowercase_definition	MOD:00535	IAO:0000115	modification from Unimod Chemical derivative
INFO	lowercase_definition	MOD:00542	IAO:0000115	modification from Unimod Chemical derivative
INFO	lowercase_definition	MOD:00543	IAO:0000115	modification from Unimod Chemical derivative
INFO	lowercase_definition	MOD:00547	IAO:0000115	modification from Unimod Chemical derivative used for amino acid analysis
INFO	lowercase_definition	MOD:00548	IAO:0000115	modification from Unimod Chemical derivative
INFO	lowercase_definition	MOD:00549	IAO:0000115	modification from Unimod Isotopic label
INFO	lowercase_definition	MOD:00550	IAO:0000115	modification from Unimod Chemical derivative
INFO	lowercase_definition	MOD:00551	IAO:0000115	modification from Unimod Isotopic label
INFO	lowercase_definition	MOD:00561	IAO:0000115	modification from Unimod Isotopic label
INFO	lowercase_definition	MOD:00562	IAO:0000115	modification from Unimod Isotopic label
INFO	lowercase_definition	MOD:00565	IAO:0000115	modification from Unimod N-linked glycosylation
INFO	lowercase_definition	MOD:00566	IAO:0000115	modification from Unimod Chemical derivative
INFO	lowercase_definition	MOD:00572	IAO:0000115	modification from Unimod Chemical derivative
INFO	lowercase_definition	MOD:00573	IAO:0000115	modification from Unimod Chemical derivative
INFO	lowercase_definition	MOD:00574	IAO:0000115	modification from Unimod Chemical derivative
INFO	lowercase_definition	MOD:00575	IAO:0000115	modification from Unimod Chemical derivative
INFO	lowercase_definition	MOD:00576	IAO:0000115	modification from Unimod Other
INFO	lowercase_definition	MOD:00577	IAO:0000115	modification occurs as a Schiff base in the presence of pentalysine
INFO	lowercase_definition	MOD:00586	IAO:0000115	modification from Unimod Chemical derivative
INFO	lowercase_definition	MOD:00592	IAO:0000115	modification from Unimod Chemical derivative
INFO	lowercase_definition	MOD:00605	IAO:0000115	modification from Unimod Chemical derivative, C-Terminal/Glutamate/Aspartate sulfonation
INFO	lowercase_definition	MOD:00606	IAO:0000115	modification from Unimod Chemical derivative
INFO	lowercase_definition	MOD:00607	IAO:0000115	modification from Unimod Chemical derivative
INFO	lowercase_definition	MOD:00608	IAO:0000115	modification from Unimod Chemical derivative
INFO	lowercase_definition	MOD:00609	IAO:0000115	modification from Unimod Chemical derivative
INFO	lowercase_definition	MOD:00610	IAO:0000115	modification from Unimod Chemical derivative
INFO	lowercase_definition	MOD:00613	IAO:0000115	modification from Unimod Chemical derivative
INFO	lowercase_definition	MOD:00618	IAO:0000115	modification from Unimod Chemical derivative
INFO	lowercase_definition	MOD:00620	IAO:0000115	modification from Unimod Chemical derivative
INFO	lowercase_definition	MOD:00621	IAO:0000115	modification from Unimod Chemical derivative
INFO	lowercase_definition	MOD:00622	IAO:0000115	modification from Unimod Chemical derivative
INFO	lowercase_definition	MOD:00623	IAO:0000115	modification from Unimod N-linked glycosylation
INFO	lowercase_definition	MOD:00625	IAO:0000115	modification from Unimod Chemical derivative
INFO	lowercase_definition	MOD:00626	IAO:0000115	modification from Unimod Chemical derivative
INFO	lowercase_definition	MOD:00627	IAO:0000115	modification from Unimod Chemical derivative
INFO	lowercase_definition	MOD:00628	IAO:0000115	a protein modification that effectively replaces a hydrogen atom of an amino acid residue or of a modifying group with two hexose sugar groups through glycosidic bonds
INFO	lowercase_definition	MOD:00629	IAO:0000115	modification from Unimod Chemical derivative
INFO	lowercase_definition	MOD:00630	IAO:0000115	modification from Unimod Chemical derivative
INFO	lowercase_definition	MOD:00631	IAO:0000115	modification from Unimod Chemical derivative
INFO	lowercase_definition	MOD:00633	IAO:0000115	modification from Unimod Chemical derivative
INFO	lowercase_definition	MOD:00634	IAO:0000115	modification from Unimod Chemical derivative
INFO	lowercase_definition	MOD:00635	IAO:0000115	modification from Unimod Chemical derivative
INFO	lowercase_definition	MOD:00639	IAO:0000115	modification from Unimod Chemical derivative
INFO	lowercase_definition	MOD:00640	IAO:0000115	modification from Unimod Chemical derivative
INFO	lowercase_definition	MOD:00643	IAO:0000115	modification from Unimod Artifact
INFO	lowercase_definition	MOD:00654	IAO:0000115	a protein modification that effectively replaces a sulfanyl group with a methylsulfanyl group
INFO	lowercase_definition	MOD:00707	IAO:0000115	a protein modification that effectively converts an L-tyrosine residue to a multihydroxylated L-phenylalanine
INFO	lowercase_definition	MOD:00729	IAO:0000115	a protein modification that effectively replaces a hydrogen atom of an amino acid residue or of a modifying group with a pentose sugar group through a glycosidic bond
INFO	lowercase_definition	MOD:00730	IAO:0000115	a protein modification that effectively replaces a hydrogen atom of an amino acid residue or of a modifying group with a arabinose sugar group through a glycosidic bond
INFO	lowercase_definition	MOD:00731	IAO:0000115	a protein modification that effectively replaces a hydrogen atom of an amino acid residue or of a modifying group with a ribose sugar group through a glycosidic bond
INFO	lowercase_definition	MOD:00732	IAO:0000115	a protein modification that effectively replaces a hydrogen atom of an amino acid residue or of a modifying group with a xylose sugar group through a glycosidic bond
INFO	lowercase_definition	MOD:00736	IAO:0000115	a protein modification that effectively replaces a hydrogen atom of an amino acid residue or of a modifying group with a deoxyhexose group through a glycosidic bond
INFO	lowercase_definition	MOD:00751	IAO:0000115	a protein modification
INFO	lowercase_definition	MOD:00759	IAO:0000115	modification from Unimod N-linked glycosylation
INFO	lowercase_definition	MOD:00760	IAO:0000115	modification from Unimod N-linked glycosylation - missing ref
INFO	lowercase_definition	MOD:00762	IAO:0000115	modification from Unimod N-linked glycosylation - missing ref
INFO	lowercase_definition	MOD:00763	IAO:0000115	modification from Unimod N-linked glycosylation - missing ref
INFO	lowercase_definition	MOD:00787	IAO:0000115	modification from Unimod - label for the active site serine of the serine esterase/protease family also shown to label tyrosine in serum albumin
INFO	lowercase_definition	MOD:00788	IAO:0000115	modification from Unimod
INFO	lowercase_definition	MOD:00789	IAO:0000115	modification from Unimod - isotopic label ICPL method - The paper describes an H/D labeling strategy whereas the commercial product follows a C/13C labeling strategy. The digest is typically applied AFTER ICPL_light/heavy labeling, only Protein N-term labeling and Lys-specific labeling is applied.
INFO	lowercase_definition	MOD:00790	IAO:0000115	modification from Unimod - isotopic label ICPL method - The paper describes an H/D labeling strategy whereas the commercial product follows a C/13C labeling strategy. The digest is typically applied AFTER ICPL_light/heavy labeling, only Protein N-term labeling and Lys-specific labeling is applied.
INFO	lowercase_definition	MOD:00795	IAO:0000115	modification from Unimod
INFO	lowercase_definition	MOD:00797	IAO:0000115	a protein modification that effectively converts an L-cysteine residue to the PEP adduct, 2-(S-L-cysteinyl)pyruvic acid O-phosphothioketal
INFO	lowercase_definition	MOD:00802	IAO:0000115	a protein modification that effectively converts an L-histidine residue to L-histidino vanadium tetraoxide
INFO	lowercase_definition	MOD:00811	IAO:0000115	a protein modification that effectively forms a O3-mannosylthreonine
INFO	lowercase_definition	MOD:00846	IAO:0000115	stub
INFO	lowercase_definition	MOD:00877	IAO:0000115	dimethyl pimelimidate modification from Unimod
INFO	lowercase_definition	MOD:00878	IAO:0000115	dimethyl pimelimidate modification from Unimod - Mechanism of the reaction of imidoesters with amines
INFO	lowercase_definition	MOD:00879	IAO:0000115	modification from Unimod
INFO	lowercase_definition	MOD:00922	IAO:0000115	modification from Unimod Chemical derivative
INFO	lowercase_definition	MOD:00923	IAO:0000115	modification from Unimod Chemical derivative
INFO	lowercase_definition	MOD:00928	IAO:0000115	modification from Unimod Chemical derivative
INFO	lowercase_definition	MOD:00930	IAO:0000115	tyrosine adduct with substrate analog inhibitor 1,2-dideoxy-2'-methyl-alpha-D-glucopyranoso-[2,1-d]-Delta2'-thiazoline.
INFO	lowercase_definition	MOD:00931	IAO:0000115	modification from Unimod Other - BHTOH is formed upon metabolism of BHT with P450 enzymes. The BHTOH is further metabolized to its quinone methide (electrophile) which reacts with -SH and -NH2 groups
INFO	lowercase_definition	MOD:00932	IAO:0000115	modification from Unimod Isotopic label
INFO	lowercase_definition	MOD:00933	IAO:0000115	modification from Unimod Chemical derivative - 5-hydro-5-methylimidazol-4-one, arginine methylglyoxal arginine adduct (+54 amu)
INFO	lowercase_definition	MOD:00934	IAO:0000115	modification from Unimod Post-translational
INFO	lowercase_definition	MOD:00936	IAO:0000115	modification from Unimod Post-translational
INFO	lowercase_definition	MOD:00937	IAO:0000115	modification from Unimod Post-translational
INFO	lowercase_definition	MOD:00938	IAO:0000115	modification from Unimod Post-translational
INFO	lowercase_definition	MOD:00939	IAO:0000115	modification from Unimod Chemical derivative
INFO	lowercase_definition	MOD:00941	IAO:0000115	modification from Unimod Chemical derivative
INFO	lowercase_definition	MOD:00943	IAO:0000115	modification from Unimod Isotopic label
INFO	lowercase_definition	MOD:00944	IAO:0000115	modification from Unimod Isotopic label
INFO	lowercase_definition	MOD:00956	IAO:0000115	modification from DeltaMass
INFO	lowercase_definition	MOD:00958	IAO:0000115	modification from DeltaMass
INFO	lowercase_definition	MOD:00959	IAO:0000115	modification from DeltaMass
INFO	lowercase_definition	MOD:00964	IAO:0000115	modification from DeltaMass
INFO	lowercase_definition	MOD:00970	IAO:0000115	modification from DeltaMass
INFO	lowercase_definition	MOD:00973	IAO:0000115	modification from DeltaMass
INFO	lowercase_definition	MOD:00974	IAO:0000115	modification from DeltaMass
INFO	lowercase_definition	MOD:00975	IAO:0000115	modification from DeltaMass
INFO	lowercase_definition	MOD:00977	IAO:0000115	modification from DeltaMass
INFO	lowercase_definition	MOD:00978	IAO:0000115	modification from DeltaMass
INFO	lowercase_definition	MOD:00979	IAO:0000115	modification from DeltaMass
INFO	lowercase_definition	MOD:00981	IAO:0000115	modification from DeltaMass
INFO	lowercase_definition	MOD:00983	IAO:0000115	modification from DeltaMass
INFO	lowercase_definition	MOD:00984	IAO:0000115	modification from DeltaMass
INFO	lowercase_definition	MOD:00986	IAO:0000115	modification from DeltaMass
INFO	lowercase_definition	MOD:00990	IAO:0000115	modification from DeltaMass
INFO	lowercase_definition	MOD:00991	IAO:0000115	modification from DeltaMass
INFO	lowercase_definition	MOD:00992	IAO:0000115	modification from DeltaMass
INFO	lowercase_definition	MOD:00993	IAO:0000115	modification from DeltaMass
INFO	lowercase_definition	MOD:00994	IAO:0000115	modification from DeltaMass
INFO	lowercase_definition	MOD:00996	IAO:0000115	modification from DeltaMass
INFO	lowercase_definition	MOD:00997	IAO:0000115	modification from DeltaMass
INFO	lowercase_definition	MOD:01002	IAO:0000115	modification from DeltaMass
INFO	lowercase_definition	MOD:01003	IAO:0000115	modification from DeltaMass
INFO	lowercase_definition	MOD:01004	IAO:0000115	modification from DeltaMass
INFO	lowercase_definition	MOD:01005	IAO:0000115	modification from DeltaMass
INFO	lowercase_definition	MOD:01009	IAO:0000115	modification from DeltaMass
INFO	lowercase_definition	MOD:01011	IAO:0000115	modification from DeltaMass
INFO	lowercase_definition	MOD:01013	IAO:0000115	modification from DeltaMass
INFO	lowercase_definition	MOD:01014	IAO:0000115	modification from DeltaMass
INFO	lowercase_definition	MOD:01016	IAO:0000115	modification from DeltaMass
INFO	lowercase_definition	MOD:01018	IAO:0000115	modification from DeltaMass
INFO	lowercase_definition	MOD:01019	IAO:0000115	modification from DeltaMass
INFO	lowercase_definition	MOD:01020	IAO:0000115	modification from DeltaMass
INFO	lowercase_definition	MOD:01021	IAO:0000115	modification from DeltaMass
INFO	lowercase_definition	MOD:01027	IAO:0000115	modification from DeltaMass
INFO	lowercase_definition	MOD:01030	IAO:0000115	modification from DeltaMass
INFO	lowercase_definition	MOD:01031	IAO:0000115	modification from DeltaMass
INFO	lowercase_definition	MOD:01035	IAO:0000115	modification from DeltaMass
INFO	lowercase_definition	MOD:01050	IAO:0000115	modification from DeltaMass
INFO	lowercase_definition	MOD:01051	IAO:0000115	modification from DeltaMass
INFO	lowercase_definition	MOD:01052	IAO:0000115	modification from DeltaMass
INFO	lowercase_definition	MOD:01053	IAO:0000115	modification from DeltaMass
INFO	lowercase_definition	MOD:01054	IAO:0000115	modification from DeltaMass
INFO	lowercase_definition	MOD:01055	IAO:0000115	modification from DeltaMass
INFO	lowercase_definition	MOD:01056	IAO:0000115	modification from DeltaMass
INFO	lowercase_definition	MOD:01057	IAO:0000115	modification from DeltaMass
INFO	lowercase_definition	MOD:01058	IAO:0000115	modification from DeltaMass
INFO	lowercase_definition	MOD:01059	IAO:0000115	modification from DeltaMass
INFO	lowercase_definition	MOD:01064	IAO:0000115	modification from DeltaMass
INFO	lowercase_definition	MOD:01067	IAO:0000115	modification from DeltaMass
INFO	lowercase_definition	MOD:01077	IAO:0000115	modification from DeltaMass
INFO	lowercase_definition	MOD:01081	IAO:0000115	modification from DeltaMass
INFO	lowercase_definition	MOD:01086	IAO:0000115	modification from DeltaMass
INFO	lowercase_definition	MOD:01089	IAO:0000115	modification from DeltaMass
INFO	lowercase_definition	MOD:01092	IAO:0000115	modification from DeltaMass
INFO	lowercase_definition	MOD:01093	IAO:0000115	modification from DeltaMass
INFO	lowercase_definition	MOD:01100	IAO:0000115	modification from DeltaMass
INFO	lowercase_definition	MOD:01104	IAO:0000115	modification from DeltaMass
INFO	lowercase_definition	MOD:01105	IAO:0000115	modification from DeltaMass
INFO	lowercase_definition	MOD:01109	IAO:0000115	modification from DeltaMass
INFO	lowercase_definition	MOD:01112	IAO:0000115	modification from DeltaMass
INFO	lowercase_definition	MOD:01113	IAO:0000115	modification from DeltaMass
INFO	lowercase_definition	MOD:01114	IAO:0000115	modification from DeltaMass
INFO	lowercase_definition	MOD:01117	IAO:0000115	modification from DeltaMass
INFO	lowercase_definition	MOD:01121	IAO:0000115	modification from DeltaMass
INFO	lowercase_definition	MOD:01124	IAO:0000115	modification from DeltaMass
INFO	lowercase_definition	MOD:01128	IAO:0000115	modification from DeltaMass
INFO	lowercase_definition	MOD:01130	IAO:0000115	modification from DeltaMass
INFO	lowercase_definition	MOD:01134	IAO:0000115	modification from DeltaMass
INFO	lowercase_definition	MOD:01135	IAO:0000115	modification from DeltaMass
INFO	lowercase_definition	MOD:01147	IAO:0000115	modification from DeltaMass
INFO	lowercase_definition	MOD:01162	IAO:0000115	modification from Unimod N-linked glycosylation
INFO	lowercase_definition	MOD:01167	IAO:0000115	modification from Unimod
INFO	lowercase_definition	MOD:01188	IAO:0000115	modification from Unimod Isotopic label -
INFO	lowercase_definition	MOD:01189	IAO:0000115	modification from Unimod Isotopic label -
INFO	lowercase_definition	MOD:01191	IAO:0000115	modification from Unimod Isotopic label -
INFO	lowercase_definition	MOD:01192	IAO:0000115	modification from Unimod Isotopic label -
INFO	lowercase_definition	MOD:01193	IAO:0000115	modification from Unimod Chemical derivative -
INFO	lowercase_definition	MOD:01194	IAO:0000115	modification from Unimod Chemical derivative -
INFO	lowercase_definition	MOD:01195	IAO:0000115	modification from Unimod Isotopic label -
INFO	lowercase_definition	MOD:01204	IAO:0000115	modification from Unimod Artifact -
INFO	lowercase_definition	MOD:01217	IAO:0000115	modification from Unimod Isotopic label -
INFO	lowercase_definition	MOD:01218	IAO:0000115	modification from Unimod Isotopic label -
INFO	lowercase_definition	MOD:01219	IAO:0000115	modification from Unimod Chemical derivative -
INFO	lowercase_definition	MOD:01220	IAO:0000115	modification from Unimod Chemical derivative -
INFO	lowercase_definition	MOD:01223	IAO:0000115	modification from Unimod Other -
INFO	lowercase_definition	MOD:01224	IAO:0000115	modification from Unimod Other -
INFO	lowercase_definition	MOD:01230	IAO:0000115	modification from Unimod Isotopic label -
INFO	lowercase_definition	MOD:01234	IAO:0000115	modification from Unimod Isotopic label - alkaline phosphatase to dephosphorylate
INFO	lowercase_definition	MOD:01235	IAO:0000115	modification from Unimod Isotopic label - alkaline phosphatase to dephosphorylate
INFO	lowercase_definition	MOD:01236	IAO:0000115	modification from Unimod Isotopic label - alkaline phosphatase to dephosphorylate
INFO	lowercase_definition	MOD:01253	IAO:0000115	modification from Unimod Chemical derivative - Malondialdehyde (MDA) adduct
INFO	lowercase_definition	MOD:01257	IAO:0000115	modification from Unimod Chemical derivative -
INFO	lowercase_definition	MOD:01258	IAO:0000115	modification from Unimod Chemical derivative -
INFO	lowercase_definition	MOD:01259	IAO:0000115	modification from Unimod Chemical derivative -
INFO	lowercase_definition	MOD:01272	IAO:0000115	modification from Unimod Chemical derivative -
INFO	lowercase_definition	MOD:01277	IAO:0000115	modification from Unimod Other -
INFO	lowercase_definition	MOD:01278	IAO:0000115	modification from Unimod Other -
INFO	lowercase_definition	MOD:01279	IAO:0000115	modification from Unimod Other -
INFO	lowercase_definition	MOD:01280	IAO:0000115	modification from Unimod Chemical derivative -
INFO	lowercase_definition	MOD:01281	IAO:0000115	modification from Unimod Chemical derivative -
INFO	lowercase_definition	MOD:01287	IAO:0000115	modification from Unimod Isotopic label -
INFO	lowercase_definition	MOD:01307	IAO:0000115	modification from Unimod Chemical derivative -
INFO	lowercase_definition	MOD:01308	IAO:0000115	modification from Unimod Chemical derivative -
INFO	lowercase_definition	MOD:01309	IAO:0000115	modification from Unimod Chemical derivative - 
INFO	lowercase_definition	MOD:01317	IAO:0000115	modification from Unimod Chemical derivative -
INFO	lowercase_definition	MOD:01318	IAO:0000115	modification from Unimod Chemical derivative -
INFO	lowercase_definition	MOD:01319	IAO:0000115	modification from Unimod Other
INFO	lowercase_definition	MOD:01320	IAO:0000115	modification from Unimod Other
INFO	lowercase_definition	MOD:01321	IAO:0000115	modification from Unimod Other
INFO	lowercase_definition	MOD:01328	IAO:0000115	modification from Unimod Chemical derivative - hydroxylethanone
INFO	lowercase_definition	MOD:01335	IAO:0000115	modification from Unimod Chemical derivative -
INFO	lowercase_definition	MOD:01340	IAO:0000115	modification from Unimod Isotopic label -
INFO	lowercase_definition	MOD:01341	IAO:0000115	modification from Unimod Isotopic label -
INFO	lowercase_definition	MOD:01349	IAO:0000115	modification from Unimod Chemical derivative -
INFO	lowercase_definition	MOD:01350	IAO:0000115	modification from Unimod Chemical derivative -
INFO	lowercase_definition	MOD:01353	IAO:0000115	modification from Unimod Chemical derivative -
INFO	lowercase_definition	MOD:01358	IAO:0000115	modification from Unimod Isotopic label - Use when labelling post-digest
INFO	lowercase_definition	MOD:01359	IAO:0000115	modification from Unimod Isotopic label - Use when labelling post-digest
INFO	lowercase_definition	MOD:01364	IAO:0000115	modification from Unimod Chemical derivative -
INFO	lowercase_definition	MOD:01365	IAO:0000115	modification from Unimod Chemical derivative -
INFO	lowercase_definition	MOD:01366	IAO:0000115	modification from Unimod Chemical derivative -
INFO	lowercase_definition	MOD:01367	IAO:0000115	modification from Unimod Chemical derivative -
INFO	lowercase_definition	MOD:01368	IAO:0000115	modification from Unimod Chemical derivative -
INFO	lowercase_definition	MOD:01466	IAO:0000115	modification from Unimod Chemical derivative
INFO	lowercase_definition	MOD:01467	IAO:0000115	modification from Unimod Chemical derivative
INFO	lowercase_definition	MOD:01880	IAO:0000115	modification from RESID
INFO	lowercase_definition	MOD:01898	IAO:0000115	modification from RESID
INFO	lowercase_definition	MOD:01935	IAO:0000115	modification from RESID
INFO	lowercase_definition	MOD:01955	IAO:0000115	modification from RESID
INFO	lowercase_definition	MOD:01982	IAO:0000115	modification from RESID
INFO	lowercase_definition	MOD:02031	IAO:0000115	modification from Unimod N-linked glycosylation, dHex Hex(4) HexNAc(5)
INFO	lowercase_definition	MOD:02032	IAO:0000115	modification from Unimod N-linked glycosylation, dHex(2) Hex(4) HexNAc(5)
INFO	lowercase_definition	MOD:02033	IAO:0000115	modification from Unimod N-linked glycosylation, dHex Hex(5) HexNAc(3)
INFO	lowercase_definition	MOD:02034	IAO:0000115	modification from Unimod N-linked glycosylation, dHex Hex(3) HexNAc(6)
INFO	lowercase_definition	MOD:02035	IAO:0000115	modification from Unimod N-linked glycosylation, dHex Hex(6) HexNAc(3)
INFO	lowercase_definition	MOD:02036	IAO:0000115	modification from Unimod N-linked glycosylation, Hex(9)HexNAc(2)
INFO	lowercase_definition	MOD:02037	IAO:0000115	modification from Unimod N-linked glycosylation, Hex(7) HexNAc(2)
INFO	lowercase_definition	obo:mod#contains	IAO:0000115	'Entity A' contains 'Entity B' implies that 'Entity B' is a part of the structure of 'Entity A'.
INFO	lowercase_definition	obo:mod#derives_from	IAO:0000115	'Entity A' derives_from 'Entity B' implies that 'Entity A' is chemically derived from 'Entity B'.
INFO	lowercase_definition	obo:mod#has_functional_parent	IAO:0000115	'Entity A' has_functional_parent 'Entity B' implies that 'Entity B' has at least one chacteristic group from which 'Entity A' can be derived by functional modification.
INFO	lowercase_definition	obo:mod#part_of	IAO:0000115	'Entity A' part_of 'Entity B' implies that 'Entity A' is a part of the structure of 'Entity B'.
INFO	missing_superclass	MOD:00000	rdfs:subClassOf	
INFO	missing_superclass	MOD:02098	rdfs:subClassOf	
