Level	Rule Name	Subject	Property	Value
ERROR	missing_ontology_description	http://purl.obolibrary.org/obo/emapa.owl	dc:description	
ERROR	missing_ontology_title	http://purl.obolibrary.org/obo/emapa.owl	dc:title	
WARN	missing_definition	EMAPA:0	IAO:0000115	
WARN	missing_definition	EMAPA:16032	IAO:0000115	
WARN	missing_definition	EMAPA:16033	IAO:0000115	
WARN	missing_definition	EMAPA:16034	IAO:0000115	
WARN	missing_definition	EMAPA:16035	IAO:0000115	
WARN	missing_definition	EMAPA:16036	IAO:0000115	
WARN	missing_definition	EMAPA:16037	IAO:0000115	
WARN	missing_definition	EMAPA:16039	IAO:0000115	
WARN	missing_definition	EMAPA:16040	IAO:0000115	
WARN	missing_definition	EMAPA:16041	IAO:0000115	
WARN	missing_definition	EMAPA:16042	IAO:0000115	
WARN	missing_definition	EMAPA:16043	IAO:0000115	
WARN	missing_definition	EMAPA:16044	IAO:0000115	
WARN	missing_definition	EMAPA:16046	IAO:0000115	
WARN	missing_definition	EMAPA:16047	IAO:0000115	
WARN	missing_definition	EMAPA:16048	IAO:0000115	
WARN	missing_definition	EMAPA:16050	IAO:0000115	
WARN	missing_definition	EMAPA:16051	IAO:0000115	
WARN	missing_definition	EMAPA:16052	IAO:0000115	
WARN	missing_definition	EMAPA:16053	IAO:0000115	
WARN	missing_definition	EMAPA:16054	IAO:0000115	
WARN	missing_definition	EMAPA:16055	IAO:0000115	
WARN	missing_definition	EMAPA:16057	IAO:0000115	
WARN	missing_definition	EMAPA:16058	IAO:0000115	
WARN	missing_definition	EMAPA:16059	IAO:0000115	
WARN	missing_definition	EMAPA:16060	IAO:0000115	
WARN	missing_definition	EMAPA:16061	IAO:0000115	
WARN	missing_definition	EMAPA:16062	IAO:0000115	
WARN	missing_definition	EMAPA:16064	IAO:0000115	
WARN	missing_definition	EMAPA:16065	IAO:0000115	
WARN	missing_definition	EMAPA:16066	IAO:0000115	
WARN	missing_definition	EMAPA:16067	IAO:0000115	
WARN	missing_definition	EMAPA:16068	IAO:0000115	
WARN	missing_definition	EMAPA:16069	IAO:0000115	
WARN	missing_definition	EMAPA:16070	IAO:0000115	
WARN	missing_definition	EMAPA:16071	IAO:0000115	
WARN	missing_definition	EMAPA:16072	IAO:0000115	
WARN	missing_definition	EMAPA:16073	IAO:0000115	
WARN	missing_definition	EMAPA:16074	IAO:0000115	
WARN	missing_definition	EMAPA:16075	IAO:0000115	
WARN	missing_definition	EMAPA:16076	IAO:0000115	
WARN	missing_definition	EMAPA:16077	IAO:0000115	
WARN	missing_definition	EMAPA:16078	IAO:0000115	
WARN	missing_definition	EMAPA:16079	IAO:0000115	
WARN	missing_definition	EMAPA:16080	IAO:0000115	
WARN	missing_definition	EMAPA:16081	IAO:0000115	
WARN	missing_definition	EMAPA:16082	IAO:0000115	
WARN	missing_definition	EMAPA:16085	IAO:0000115	
WARN	missing_definition	EMAPA:16086	IAO:0000115	
WARN	missing_definition	EMAPA:16087	IAO:0000115	
WARN	missing_definition	EMAPA:16088	IAO:0000115	
WARN	missing_definition	EMAPA:16089	IAO:0000115	
WARN	missing_definition	EMAPA:16090	IAO:0000115	
WARN	missing_definition	EMAPA:16091	IAO:0000115	
WARN	missing_definition	EMAPA:16092	IAO:0000115	
WARN	missing_definition	EMAPA:16095	IAO:0000115	
WARN	missing_definition	EMAPA:16096	IAO:0000115	
WARN	missing_definition	EMAPA:16097	IAO:0000115	
WARN	missing_definition	EMAPA:16098	IAO:0000115	
WARN	missing_definition	EMAPA:16099	IAO:0000115	
WARN	missing_definition	EMAPA:16101	IAO:0000115	
WARN	missing_definition	EMAPA:16102	IAO:0000115	
WARN	missing_definition	EMAPA:16103	IAO:0000115	
WARN	missing_definition	EMAPA:16104	IAO:0000115	
WARN	missing_definition	EMAPA:16105	IAO:0000115	
WARN	missing_definition	EMAPA:16106	IAO:0000115	
WARN	missing_definition	EMAPA:16107	IAO:0000115	
WARN	missing_definition	EMAPA:16108	IAO:0000115	
WARN	missing_definition	EMAPA:16109	IAO:0000115	
WARN	missing_definition	EMAPA:16110	IAO:0000115	
WARN	missing_definition	EMAPA:16111	IAO:0000115	
WARN	missing_definition	EMAPA:16112	IAO:0000115	
WARN	missing_definition	EMAPA:16113	IAO:0000115	
WARN	missing_definition	EMAPA:16114	IAO:0000115	
WARN	missing_definition	EMAPA:16115	IAO:0000115	
WARN	missing_definition	EMAPA:16116	IAO:0000115	
WARN	missing_definition	EMAPA:16117	IAO:0000115	
WARN	missing_definition	EMAPA:16118	IAO:0000115	
WARN	missing_definition	EMAPA:16119	IAO:0000115	
WARN	missing_definition	EMAPA:16120	IAO:0000115	
WARN	missing_definition	EMAPA:16121	IAO:0000115	
WARN	missing_definition	EMAPA:16122	IAO:0000115	
WARN	missing_definition	EMAPA:16123	IAO:0000115	
WARN	missing_definition	EMAPA:16124	IAO:0000115	
WARN	missing_definition	EMAPA:16125	IAO:0000115	
WARN	missing_definition	EMAPA:16126	IAO:0000115	
WARN	missing_definition	EMAPA:16127	IAO:0000115	
WARN	missing_definition	EMAPA:16128	IAO:0000115	
WARN	missing_definition	EMAPA:16129	IAO:0000115	
WARN	missing_definition	EMAPA:16130	IAO:0000115	
WARN	missing_definition	EMAPA:16131	IAO:0000115	
WARN	missing_definition	EMAPA:16132	IAO:0000115	
WARN	missing_definition	EMAPA:16133	IAO:0000115	
WARN	missing_definition	EMAPA:16134	IAO:0000115	
WARN	missing_definition	EMAPA:16135	IAO:0000115	
WARN	missing_definition	EMAPA:16136	IAO:0000115	
WARN	missing_definition	EMAPA:16137	IAO:0000115	
WARN	missing_definition	EMAPA:16138	IAO:0000115	
WARN	missing_definition	EMAPA:16139	IAO:0000115	
WARN	missing_definition	EMAPA:16140	IAO:0000115	
WARN	missing_definition	EMAPA:16141	IAO:0000115	
WARN	missing_definition	EMAPA:16142	IAO:0000115	
WARN	missing_definition	EMAPA:16143	IAO:0000115	
WARN	missing_definition	EMAPA:16144	IAO:0000115	
WARN	missing_definition	EMAPA:16145	IAO:0000115	
WARN	missing_definition	EMAPA:16146	IAO:0000115	
WARN	missing_definition	EMAPA:16147	IAO:0000115	
WARN	missing_definition	EMAPA:16148	IAO:0000115	
WARN	missing_definition	EMAPA:16149	IAO:0000115	
WARN	missing_definition	EMAPA:16150	IAO:0000115	
WARN	missing_definition	EMAPA:16151	IAO:0000115	
WARN	missing_definition	EMAPA:16152	IAO:0000115	
WARN	missing_definition	EMAPA:16153	IAO:0000115	
WARN	missing_definition	EMAPA:16154	IAO:0000115	
WARN	missing_definition	EMAPA:16155	IAO:0000115	
WARN	missing_definition	EMAPA:16156	IAO:0000115	
WARN	missing_definition	EMAPA:16157	IAO:0000115	
WARN	missing_definition	EMAPA:16158	IAO:0000115	
WARN	missing_definition	EMAPA:16159	IAO:0000115	
WARN	missing_definition	EMAPA:16160	IAO:0000115	
WARN	missing_definition	EMAPA:16161	IAO:0000115	
WARN	missing_definition	EMAPA:16162	IAO:0000115	
WARN	missing_definition	EMAPA:16163	IAO:0000115	
WARN	missing_definition	EMAPA:16164	IAO:0000115	
WARN	missing_definition	EMAPA:16165	IAO:0000115	
WARN	missing_definition	EMAPA:16166	IAO:0000115	
WARN	missing_definition	EMAPA:16167	IAO:0000115	
WARN	missing_definition	EMAPA:16168	IAO:0000115	
WARN	missing_definition	EMAPA:16169	IAO:0000115	
WARN	missing_definition	EMAPA:16170	IAO:0000115	
WARN	missing_definition	EMAPA:16171	IAO:0000115	
WARN	missing_definition	EMAPA:16172	IAO:0000115	
WARN	missing_definition	EMAPA:16173	IAO:0000115	
WARN	missing_definition	EMAPA:16174	IAO:0000115	
WARN	missing_definition	EMAPA:16175	IAO:0000115	
WARN	missing_definition	EMAPA:16176	IAO:0000115	
WARN	missing_definition	EMAPA:16177	IAO:0000115	
WARN	missing_definition	EMAPA:16178	IAO:0000115	
WARN	missing_definition	EMAPA:16179	IAO:0000115	
WARN	missing_definition	EMAPA:16180	IAO:0000115	
WARN	missing_definition	EMAPA:16181	IAO:0000115	
WARN	missing_definition	EMAPA:16182	IAO:0000115	
WARN	missing_definition	EMAPA:16183	IAO:0000115	
WARN	missing_definition	EMAPA:16184	IAO:0000115	
WARN	missing_definition	EMAPA:16185	IAO:0000115	
WARN	missing_definition	EMAPA:16186	IAO:0000115	
WARN	missing_definition	EMAPA:16187	IAO:0000115	
WARN	missing_definition	EMAPA:16188	IAO:0000115	
WARN	missing_definition	EMAPA:16189	IAO:0000115	
WARN	missing_definition	EMAPA:16190	IAO:0000115	
WARN	missing_definition	EMAPA:16191	IAO:0000115	
WARN	missing_definition	EMAPA:16192	IAO:0000115	
WARN	missing_definition	EMAPA:16193	IAO:0000115	
WARN	missing_definition	EMAPA:16194	IAO:0000115	
WARN	missing_definition	EMAPA:16195	IAO:0000115	
WARN	missing_definition	EMAPA:16196	IAO:0000115	
WARN	missing_definition	EMAPA:16197	IAO:0000115	
WARN	missing_definition	EMAPA:16198	IAO:0000115	
WARN	missing_definition	EMAPA:16199	IAO:0000115	
WARN	missing_definition	EMAPA:16200	IAO:0000115	
WARN	missing_definition	EMAPA:16201	IAO:0000115	
WARN	missing_definition	EMAPA:16204	IAO:0000115	
WARN	missing_definition	EMAPA:16205	IAO:0000115	
WARN	missing_definition	EMAPA:16206	IAO:0000115	
WARN	missing_definition	EMAPA:16207	IAO:0000115	
WARN	missing_definition	EMAPA:16209	IAO:0000115	
WARN	missing_definition	EMAPA:16210	IAO:0000115	
WARN	missing_definition	EMAPA:16211	IAO:0000115	
WARN	missing_definition	EMAPA:16212	IAO:0000115	
WARN	missing_definition	EMAPA:16213	IAO:0000115	
WARN	missing_definition	EMAPA:16214	IAO:0000115	
WARN	missing_definition	EMAPA:16215	IAO:0000115	
WARN	missing_definition	EMAPA:16237	IAO:0000115	
WARN	missing_definition	EMAPA:16238	IAO:0000115	
WARN	missing_definition	EMAPA:16239	IAO:0000115	
WARN	missing_definition	EMAPA:16240	IAO:0000115	
WARN	missing_definition	EMAPA:16241	IAO:0000115	
WARN	missing_definition	EMAPA:16242	IAO:0000115	
WARN	missing_definition	EMAPA:16243	IAO:0000115	
WARN	missing_definition	EMAPA:16244	IAO:0000115	
WARN	missing_definition	EMAPA:16245	IAO:0000115	
WARN	missing_definition	EMAPA:16246	IAO:0000115	
WARN	missing_definition	EMAPA:16247	IAO:0000115	
WARN	missing_definition	EMAPA:16248	IAO:0000115	
WARN	missing_definition	EMAPA:16249	IAO:0000115	
WARN	missing_definition	EMAPA:16250	IAO:0000115	
WARN	missing_definition	EMAPA:16251	IAO:0000115	
WARN	missing_definition	EMAPA:16252	IAO:0000115	
WARN	missing_definition	EMAPA:16253	IAO:0000115	
WARN	missing_definition	EMAPA:16254	IAO:0000115	
WARN	missing_definition	EMAPA:16255	IAO:0000115	
WARN	missing_definition	EMAPA:16256	IAO:0000115	
WARN	missing_definition	EMAPA:16257	IAO:0000115	
WARN	missing_definition	EMAPA:16258	IAO:0000115	
WARN	missing_definition	EMAPA:16259	IAO:0000115	
WARN	missing_definition	EMAPA:16260	IAO:0000115	
WARN	missing_definition	EMAPA:16261	IAO:0000115	
WARN	missing_definition	EMAPA:16262	IAO:0000115	
WARN	missing_definition	EMAPA:16263	IAO:0000115	
WARN	missing_definition	EMAPA:16264	IAO:0000115	
WARN	missing_definition	EMAPA:16265	IAO:0000115	
WARN	missing_definition	EMAPA:16266	IAO:0000115	
WARN	missing_definition	EMAPA:16267	IAO:0000115	
WARN	missing_definition	EMAPA:16272	IAO:0000115	
WARN	missing_definition	EMAPA:16273	IAO:0000115	
WARN	missing_definition	EMAPA:16274	IAO:0000115	
WARN	missing_definition	EMAPA:16275	IAO:0000115	
WARN	missing_definition	EMAPA:16276	IAO:0000115	
WARN	missing_definition	EMAPA:16277	IAO:0000115	
WARN	missing_definition	EMAPA:16278	IAO:0000115	
WARN	missing_definition	EMAPA:16279	IAO:0000115	
WARN	missing_definition	EMAPA:16280	IAO:0000115	
WARN	missing_definition	EMAPA:16281	IAO:0000115	
WARN	missing_definition	EMAPA:16282	IAO:0000115	
WARN	missing_definition	EMAPA:16283	IAO:0000115	
WARN	missing_definition	EMAPA:16284	IAO:0000115	
WARN	missing_definition	EMAPA:16285	IAO:0000115	
WARN	missing_definition	EMAPA:16286	IAO:0000115	
WARN	missing_definition	EMAPA:16287	IAO:0000115	
WARN	missing_definition	EMAPA:16288	IAO:0000115	
WARN	missing_definition	EMAPA:16289	IAO:0000115	
WARN	missing_definition	EMAPA:16290	IAO:0000115	
WARN	missing_definition	EMAPA:16291	IAO:0000115	
WARN	missing_definition	EMAPA:16292	IAO:0000115	
WARN	missing_definition	EMAPA:16293	IAO:0000115	
WARN	missing_definition	EMAPA:16294	IAO:0000115	
WARN	missing_definition	EMAPA:16295	IAO:0000115	
WARN	missing_definition	EMAPA:16296	IAO:0000115	
WARN	missing_definition	EMAPA:16297	IAO:0000115	
WARN	missing_definition	EMAPA:16298	IAO:0000115	
WARN	missing_definition	EMAPA:16299	IAO:0000115	
WARN	missing_definition	EMAPA:16300	IAO:0000115	
WARN	missing_definition	EMAPA:16301	IAO:0000115	
WARN	missing_definition	EMAPA:16302	IAO:0000115	
WARN	missing_definition	EMAPA:16303	IAO:0000115	
WARN	missing_definition	EMAPA:16304	IAO:0000115	
WARN	missing_definition	EMAPA:16305	IAO:0000115	
WARN	missing_definition	EMAPA:16306	IAO:0000115	
WARN	missing_definition	EMAPA:16307	IAO:0000115	
WARN	missing_definition	EMAPA:16308	IAO:0000115	
WARN	missing_definition	EMAPA:16309	IAO:0000115	
WARN	missing_definition	EMAPA:16310	IAO:0000115	
WARN	missing_definition	EMAPA:16311	IAO:0000115	
WARN	missing_definition	EMAPA:16312	IAO:0000115	
WARN	missing_definition	EMAPA:16313	IAO:0000115	
WARN	missing_definition	EMAPA:16314	IAO:0000115	
WARN	missing_definition	EMAPA:16315	IAO:0000115	
WARN	missing_definition	EMAPA:16316	IAO:0000115	
WARN	missing_definition	EMAPA:16317	IAO:0000115	
WARN	missing_definition	EMAPA:16318	IAO:0000115	
WARN	missing_definition	EMAPA:16319	IAO:0000115	
WARN	missing_definition	EMAPA:16320	IAO:0000115	
WARN	missing_definition	EMAPA:16322	IAO:0000115	
WARN	missing_definition	EMAPA:16324	IAO:0000115	
WARN	missing_definition	EMAPA:16325	IAO:0000115	
WARN	missing_definition	EMAPA:16326	IAO:0000115	
WARN	missing_definition	EMAPA:16327	IAO:0000115	
WARN	missing_definition	EMAPA:16328	IAO:0000115	
WARN	missing_definition	EMAPA:16329	IAO:0000115	
WARN	missing_definition	EMAPA:16330	IAO:0000115	
WARN	missing_definition	EMAPA:16331	IAO:0000115	
WARN	missing_definition	EMAPA:16332	IAO:0000115	
WARN	missing_definition	EMAPA:16333	IAO:0000115	
WARN	missing_definition	EMAPA:16334	IAO:0000115	
WARN	missing_definition	EMAPA:16335	IAO:0000115	
WARN	missing_definition	EMAPA:16336	IAO:0000115	
WARN	missing_definition	EMAPA:16337	IAO:0000115	
WARN	missing_definition	EMAPA:16338	IAO:0000115	
WARN	missing_definition	EMAPA:16339	IAO:0000115	
WARN	missing_definition	EMAPA:16340	IAO:0000115	
WARN	missing_definition	EMAPA:16341	IAO:0000115	
WARN	missing_definition	EMAPA:16342	IAO:0000115	
WARN	missing_definition	EMAPA:16343	IAO:0000115	
WARN	missing_definition	EMAPA:16344	IAO:0000115	
WARN	missing_definition	EMAPA:16345	IAO:0000115	
WARN	missing_definition	EMAPA:16346	IAO:0000115	
WARN	missing_definition	EMAPA:16347	IAO:0000115	
WARN	missing_definition	EMAPA:16348	IAO:0000115	
WARN	missing_definition	EMAPA:16349	IAO:0000115	
WARN	missing_definition	EMAPA:16350	IAO:0000115	
WARN	missing_definition	EMAPA:16351	IAO:0000115	
WARN	missing_definition	EMAPA:16352	IAO:0000115	
WARN	missing_definition	EMAPA:16353	IAO:0000115	
WARN	missing_definition	EMAPA:16354	IAO:0000115	
WARN	missing_definition	EMAPA:16356	IAO:0000115	
WARN	missing_definition	EMAPA:16357	IAO:0000115	
WARN	missing_definition	EMAPA:16358	IAO:0000115	
WARN	missing_definition	EMAPA:16359	IAO:0000115	
WARN	missing_definition	EMAPA:16361	IAO:0000115	
WARN	missing_definition	EMAPA:16362	IAO:0000115	
WARN	missing_definition	EMAPA:16363	IAO:0000115	
WARN	missing_definition	EMAPA:16364	IAO:0000115	
WARN	missing_definition	EMAPA:16365	IAO:0000115	
WARN	missing_definition	EMAPA:16366	IAO:0000115	
WARN	missing_definition	EMAPA:16367	IAO:0000115	
WARN	missing_definition	EMAPA:16368	IAO:0000115	
WARN	missing_definition	EMAPA:16369	IAO:0000115	
WARN	missing_definition	EMAPA:16370	IAO:0000115	
WARN	missing_definition	EMAPA:16371	IAO:0000115	
WARN	missing_definition	EMAPA:16372	IAO:0000115	
WARN	missing_definition	EMAPA:16373	IAO:0000115	
WARN	missing_definition	EMAPA:16374	IAO:0000115	
WARN	missing_definition	EMAPA:16375	IAO:0000115	
WARN	missing_definition	EMAPA:16376	IAO:0000115	
WARN	missing_definition	EMAPA:16377	IAO:0000115	
WARN	missing_definition	EMAPA:16378	IAO:0000115	
WARN	missing_definition	EMAPA:16379	IAO:0000115	
WARN	missing_definition	EMAPA:16380	IAO:0000115	
WARN	missing_definition	EMAPA:16381	IAO:0000115	
WARN	missing_definition	EMAPA:16382	IAO:0000115	
WARN	missing_definition	EMAPA:16383	IAO:0000115	
WARN	missing_definition	EMAPA:16384	IAO:0000115	
WARN	missing_definition	EMAPA:16385	IAO:0000115	
WARN	missing_definition	EMAPA:16386	IAO:0000115	
WARN	missing_definition	EMAPA:16387	IAO:0000115	
WARN	missing_definition	EMAPA:16388	IAO:0000115	
WARN	missing_definition	EMAPA:16389	IAO:0000115	
WARN	missing_definition	EMAPA:16390	IAO:0000115	
WARN	missing_definition	EMAPA:16391	IAO:0000115	
WARN	missing_definition	EMAPA:16392	IAO:0000115	
WARN	missing_definition	EMAPA:16393	IAO:0000115	
WARN	missing_definition	EMAPA:16394	IAO:0000115	
WARN	missing_definition	EMAPA:16395	IAO:0000115	
WARN	missing_definition	EMAPA:16396	IAO:0000115	
WARN	missing_definition	EMAPA:16397	IAO:0000115	
WARN	missing_definition	EMAPA:16398	IAO:0000115	
WARN	missing_definition	EMAPA:16399	IAO:0000115	
WARN	missing_definition	EMAPA:16400	IAO:0000115	
WARN	missing_definition	EMAPA:16401	IAO:0000115	
WARN	missing_definition	EMAPA:16402	IAO:0000115	
WARN	missing_definition	EMAPA:16403	IAO:0000115	
WARN	missing_definition	EMAPA:16404	IAO:0000115	
WARN	missing_definition	EMAPA:16405	IAO:0000115	
WARN	missing_definition	EMAPA:16406	IAO:0000115	
WARN	missing_definition	EMAPA:16407	IAO:0000115	
WARN	missing_definition	EMAPA:16408	IAO:0000115	
WARN	missing_definition	EMAPA:16409	IAO:0000115	
WARN	missing_definition	EMAPA:16410	IAO:0000115	
WARN	missing_definition	EMAPA:16411	IAO:0000115	
WARN	missing_definition	EMAPA:16414	IAO:0000115	
WARN	missing_definition	EMAPA:16415	IAO:0000115	
WARN	missing_definition	EMAPA:16416	IAO:0000115	
WARN	missing_definition	EMAPA:16417	IAO:0000115	
WARN	missing_definition	EMAPA:16418	IAO:0000115	
WARN	missing_definition	EMAPA:16419	IAO:0000115	
WARN	missing_definition	EMAPA:16420	IAO:0000115	
WARN	missing_definition	EMAPA:16421	IAO:0000115	
WARN	missing_definition	EMAPA:16422	IAO:0000115	
WARN	missing_definition	EMAPA:16423	IAO:0000115	
WARN	missing_definition	EMAPA:16424	IAO:0000115	
WARN	missing_definition	EMAPA:16425	IAO:0000115	
WARN	missing_definition	EMAPA:16426	IAO:0000115	
WARN	missing_definition	EMAPA:16427	IAO:0000115	
WARN	missing_definition	EMAPA:16428	IAO:0000115	
WARN	missing_definition	EMAPA:16429	IAO:0000115	
WARN	missing_definition	EMAPA:16430	IAO:0000115	
WARN	missing_definition	EMAPA:16431	IAO:0000115	
WARN	missing_definition	EMAPA:16432	IAO:0000115	
WARN	missing_definition	EMAPA:16433	IAO:0000115	
WARN	missing_definition	EMAPA:16434	IAO:0000115	
WARN	missing_definition	EMAPA:16435	IAO:0000115	
WARN	missing_definition	EMAPA:16436	IAO:0000115	
WARN	missing_definition	EMAPA:16437	IAO:0000115	
WARN	missing_definition	EMAPA:16438	IAO:0000115	
WARN	missing_definition	EMAPA:16439	IAO:0000115	
WARN	missing_definition	EMAPA:16440	IAO:0000115	
WARN	missing_definition	EMAPA:16441	IAO:0000115	
WARN	missing_definition	EMAPA:16442	IAO:0000115	
WARN	missing_definition	EMAPA:16443	IAO:0000115	
WARN	missing_definition	EMAPA:16444	IAO:0000115	
WARN	missing_definition	EMAPA:16445	IAO:0000115	
WARN	missing_definition	EMAPA:16446	IAO:0000115	
WARN	missing_definition	EMAPA:16447	IAO:0000115	
WARN	missing_definition	EMAPA:16448	IAO:0000115	
WARN	missing_definition	EMAPA:16449	IAO:0000115	
WARN	missing_definition	EMAPA:16450	IAO:0000115	
WARN	missing_definition	EMAPA:16451	IAO:0000115	
WARN	missing_definition	EMAPA:16452	IAO:0000115	
WARN	missing_definition	EMAPA:16453	IAO:0000115	
WARN	missing_definition	EMAPA:16454	IAO:0000115	
WARN	missing_definition	EMAPA:16455	IAO:0000115	
WARN	missing_definition	EMAPA:16456	IAO:0000115	
WARN	missing_definition	EMAPA:16457	IAO:0000115	
WARN	missing_definition	EMAPA:16458	IAO:0000115	
WARN	missing_definition	EMAPA:16459	IAO:0000115	
WARN	missing_definition	EMAPA:16460	IAO:0000115	
WARN	missing_definition	EMAPA:16461	IAO:0000115	
WARN	missing_definition	EMAPA:16462	IAO:0000115	
WARN	missing_definition	EMAPA:16463	IAO:0000115	
WARN	missing_definition	EMAPA:16464	IAO:0000115	
WARN	missing_definition	EMAPA:16465	IAO:0000115	
WARN	missing_definition	EMAPA:16466	IAO:0000115	
WARN	missing_definition	EMAPA:16467	IAO:0000115	
WARN	missing_definition	EMAPA:16468	IAO:0000115	
WARN	missing_definition	EMAPA:16469	IAO:0000115	
WARN	missing_definition	EMAPA:16470	IAO:0000115	
WARN	missing_definition	EMAPA:16474	IAO:0000115	
WARN	missing_definition	EMAPA:16482	IAO:0000115	
WARN	missing_definition	EMAPA:16483	IAO:0000115	
WARN	missing_definition	EMAPA:16486	IAO:0000115	
WARN	missing_definition	EMAPA:16487	IAO:0000115	
WARN	missing_definition	EMAPA:16490	IAO:0000115	
WARN	missing_definition	EMAPA:16491	IAO:0000115	
WARN	missing_definition	EMAPA:16494	IAO:0000115	
WARN	missing_definition	EMAPA:16495	IAO:0000115	
WARN	missing_definition	EMAPA:16498	IAO:0000115	
WARN	missing_definition	EMAPA:16499	IAO:0000115	
WARN	missing_definition	EMAPA:16500	IAO:0000115	
WARN	missing_definition	EMAPA:16501	IAO:0000115	
WARN	missing_definition	EMAPA:16502	IAO:0000115	
WARN	missing_definition	EMAPA:16503	IAO:0000115	
WARN	missing_definition	EMAPA:16504	IAO:0000115	
WARN	missing_definition	EMAPA:16505	IAO:0000115	
WARN	missing_definition	EMAPA:16506	IAO:0000115	
WARN	missing_definition	EMAPA:16507	IAO:0000115	
WARN	missing_definition	EMAPA:16508	IAO:0000115	
WARN	missing_definition	EMAPA:16509	IAO:0000115	
WARN	missing_definition	EMAPA:16510	IAO:0000115	
WARN	missing_definition	EMAPA:16511	IAO:0000115	
WARN	missing_definition	EMAPA:16512	IAO:0000115	
WARN	missing_definition	EMAPA:16513	IAO:0000115	
WARN	missing_definition	EMAPA:16514	IAO:0000115	
WARN	missing_definition	EMAPA:16516	IAO:0000115	
WARN	missing_definition	EMAPA:16517	IAO:0000115	
WARN	missing_definition	EMAPA:16518	IAO:0000115	
WARN	missing_definition	EMAPA:16519	IAO:0000115	
WARN	missing_definition	EMAPA:16520	IAO:0000115	
WARN	missing_definition	EMAPA:16521	IAO:0000115	
WARN	missing_definition	EMAPA:16522	IAO:0000115	
WARN	missing_definition	EMAPA:16523	IAO:0000115	
WARN	missing_definition	EMAPA:16524	IAO:0000115	
WARN	missing_definition	EMAPA:16526	IAO:0000115	
WARN	missing_definition	EMAPA:16536	IAO:0000115	
WARN	missing_definition	EMAPA:16537	IAO:0000115	
WARN	missing_definition	EMAPA:16538	IAO:0000115	
WARN	missing_definition	EMAPA:16539	IAO:0000115	
WARN	missing_definition	EMAPA:16540	IAO:0000115	
WARN	missing_definition	EMAPA:16541	IAO:0000115	
WARN	missing_definition	EMAPA:16542	IAO:0000115	
WARN	missing_definition	EMAPA:16543	IAO:0000115	
WARN	missing_definition	EMAPA:16544	IAO:0000115	
WARN	missing_definition	EMAPA:16545	IAO:0000115	
WARN	missing_definition	EMAPA:16546	IAO:0000115	
WARN	missing_definition	EMAPA:16547	IAO:0000115	
WARN	missing_definition	EMAPA:16548	IAO:0000115	
WARN	missing_definition	EMAPA:16549	IAO:0000115	
WARN	missing_definition	EMAPA:16550	IAO:0000115	
WARN	missing_definition	EMAPA:16551	IAO:0000115	
WARN	missing_definition	EMAPA:16552	IAO:0000115	
WARN	missing_definition	EMAPA:16556	IAO:0000115	
WARN	missing_definition	EMAPA:16557	IAO:0000115	
WARN	missing_definition	EMAPA:16561	IAO:0000115	
WARN	missing_definition	EMAPA:16562	IAO:0000115	
WARN	missing_definition	EMAPA:16563	IAO:0000115	
WARN	missing_definition	EMAPA:16564	IAO:0000115	
WARN	missing_definition	EMAPA:16566	IAO:0000115	
WARN	missing_definition	EMAPA:16567	IAO:0000115	
WARN	missing_definition	EMAPA:16568	IAO:0000115	
WARN	missing_definition	EMAPA:16569	IAO:0000115	
WARN	missing_definition	EMAPA:16570	IAO:0000115	
WARN	missing_definition	EMAPA:16572	IAO:0000115	
WARN	missing_definition	EMAPA:16575	IAO:0000115	
WARN	missing_definition	EMAPA:16576	IAO:0000115	
WARN	missing_definition	EMAPA:16578	IAO:0000115	
WARN	missing_definition	EMAPA:16579	IAO:0000115	
WARN	missing_definition	EMAPA:16580	IAO:0000115	
WARN	missing_definition	EMAPA:16581	IAO:0000115	
WARN	missing_definition	EMAPA:16582	IAO:0000115	
WARN	missing_definition	EMAPA:16583	IAO:0000115	
WARN	missing_definition	EMAPA:16584	IAO:0000115	
WARN	missing_definition	EMAPA:16585	IAO:0000115	
WARN	missing_definition	EMAPA:16586	IAO:0000115	
WARN	missing_definition	EMAPA:16587	IAO:0000115	
WARN	missing_definition	EMAPA:16588	IAO:0000115	
WARN	missing_definition	EMAPA:16589	IAO:0000115	
WARN	missing_definition	EMAPA:16590	IAO:0000115	
WARN	missing_definition	EMAPA:16591	IAO:0000115	
WARN	missing_definition	EMAPA:16592	IAO:0000115	
WARN	missing_definition	EMAPA:16593	IAO:0000115	
WARN	missing_definition	EMAPA:16594	IAO:0000115	
WARN	missing_definition	EMAPA:16595	IAO:0000115	
WARN	missing_definition	EMAPA:16596	IAO:0000115	
WARN	missing_definition	EMAPA:16597	IAO:0000115	
WARN	missing_definition	EMAPA:16600	IAO:0000115	
WARN	missing_definition	EMAPA:16601	IAO:0000115	
WARN	missing_definition	EMAPA:16602	IAO:0000115	
WARN	missing_definition	EMAPA:16603	IAO:0000115	
WARN	missing_definition	EMAPA:16604	IAO:0000115	
WARN	missing_definition	EMAPA:16605	IAO:0000115	
WARN	missing_definition	EMAPA:16606	IAO:0000115	
WARN	missing_definition	EMAPA:16607	IAO:0000115	
WARN	missing_definition	EMAPA:16608	IAO:0000115	
WARN	missing_definition	EMAPA:16609	IAO:0000115	
WARN	missing_definition	EMAPA:16610	IAO:0000115	
WARN	missing_definition	EMAPA:16611	IAO:0000115	
WARN	missing_definition	EMAPA:16612	IAO:0000115	
WARN	missing_definition	EMAPA:16613	IAO:0000115	
WARN	missing_definition	EMAPA:16614	IAO:0000115	
WARN	missing_definition	EMAPA:16615	IAO:0000115	
WARN	missing_definition	EMAPA:16616	IAO:0000115	
WARN	missing_definition	EMAPA:16617	IAO:0000115	
WARN	missing_definition	EMAPA:16618	IAO:0000115	
WARN	missing_definition	EMAPA:16619	IAO:0000115	
WARN	missing_definition	EMAPA:16620	IAO:0000115	
WARN	missing_definition	EMAPA:16621	IAO:0000115	
WARN	missing_definition	EMAPA:16622	IAO:0000115	
WARN	missing_definition	EMAPA:16623	IAO:0000115	
WARN	missing_definition	EMAPA:16624	IAO:0000115	
WARN	missing_definition	EMAPA:16625	IAO:0000115	
WARN	missing_definition	EMAPA:16626	IAO:0000115	
WARN	missing_definition	EMAPA:16627	IAO:0000115	
WARN	missing_definition	EMAPA:16628	IAO:0000115	
WARN	missing_definition	EMAPA:16629	IAO:0000115	
WARN	missing_definition	EMAPA:16630	IAO:0000115	
WARN	missing_definition	EMAPA:16631	IAO:0000115	
WARN	missing_definition	EMAPA:16632	IAO:0000115	
WARN	missing_definition	EMAPA:16633	IAO:0000115	
WARN	missing_definition	EMAPA:16634	IAO:0000115	
WARN	missing_definition	EMAPA:16635	IAO:0000115	
WARN	missing_definition	EMAPA:16636	IAO:0000115	
WARN	missing_definition	EMAPA:16637	IAO:0000115	
WARN	missing_definition	EMAPA:16638	IAO:0000115	
WARN	missing_definition	EMAPA:16639	IAO:0000115	
WARN	missing_definition	EMAPA:16640	IAO:0000115	
WARN	missing_definition	EMAPA:16647	IAO:0000115	
WARN	missing_definition	EMAPA:16653	IAO:0000115	
WARN	missing_definition	EMAPA:16655	IAO:0000115	
WARN	missing_definition	EMAPA:16656	IAO:0000115	
WARN	missing_definition	EMAPA:16657	IAO:0000115	
WARN	missing_definition	EMAPA:16658	IAO:0000115	
WARN	missing_definition	EMAPA:16659	IAO:0000115	
WARN	missing_definition	EMAPA:16660	IAO:0000115	
WARN	missing_definition	EMAPA:16661	IAO:0000115	
WARN	missing_definition	EMAPA:16662	IAO:0000115	
WARN	missing_definition	EMAPA:16663	IAO:0000115	
WARN	missing_definition	EMAPA:16664	IAO:0000115	
WARN	missing_definition	EMAPA:16665	IAO:0000115	
WARN	missing_definition	EMAPA:16666	IAO:0000115	
WARN	missing_definition	EMAPA:16667	IAO:0000115	
WARN	missing_definition	EMAPA:16668	IAO:0000115	
WARN	missing_definition	EMAPA:16669	IAO:0000115	
WARN	missing_definition	EMAPA:16670	IAO:0000115	
WARN	missing_definition	EMAPA:16671	IAO:0000115	
WARN	missing_definition	EMAPA:16672	IAO:0000115	
WARN	missing_definition	EMAPA:16673	IAO:0000115	
WARN	missing_definition	EMAPA:16674	IAO:0000115	
WARN	missing_definition	EMAPA:16675	IAO:0000115	
WARN	missing_definition	EMAPA:16676	IAO:0000115	
WARN	missing_definition	EMAPA:16677	IAO:0000115	
WARN	missing_definition	EMAPA:16678	IAO:0000115	
WARN	missing_definition	EMAPA:16679	IAO:0000115	
WARN	missing_definition	EMAPA:16680	IAO:0000115	
WARN	missing_definition	EMAPA:16681	IAO:0000115	
WARN	missing_definition	EMAPA:16682	IAO:0000115	
WARN	missing_definition	EMAPA:16683	IAO:0000115	
WARN	missing_definition	EMAPA:16684	IAO:0000115	
WARN	missing_definition	EMAPA:16685	IAO:0000115	
WARN	missing_definition	EMAPA:16686	IAO:0000115	
WARN	missing_definition	EMAPA:16687	IAO:0000115	
WARN	missing_definition	EMAPA:16688	IAO:0000115	
WARN	missing_definition	EMAPA:16691	IAO:0000115	
WARN	missing_definition	EMAPA:16693	IAO:0000115	
WARN	missing_definition	EMAPA:16694	IAO:0000115	
WARN	missing_definition	EMAPA:16695	IAO:0000115	
WARN	missing_definition	EMAPA:16696	IAO:0000115	
WARN	missing_definition	EMAPA:16697	IAO:0000115	
WARN	missing_definition	EMAPA:16698	IAO:0000115	
WARN	missing_definition	EMAPA:16699	IAO:0000115	
WARN	missing_definition	EMAPA:16700	IAO:0000115	
WARN	missing_definition	EMAPA:16701	IAO:0000115	
WARN	missing_definition	EMAPA:16702	IAO:0000115	
WARN	missing_definition	EMAPA:16703	IAO:0000115	
WARN	missing_definition	EMAPA:16704	IAO:0000115	
WARN	missing_definition	EMAPA:16705	IAO:0000115	
WARN	missing_definition	EMAPA:16706	IAO:0000115	
WARN	missing_definition	EMAPA:16707	IAO:0000115	
WARN	missing_definition	EMAPA:16708	IAO:0000115	
WARN	missing_definition	EMAPA:16709	IAO:0000115	
WARN	missing_definition	EMAPA:16710	IAO:0000115	
WARN	missing_definition	EMAPA:16711	IAO:0000115	
WARN	missing_definition	EMAPA:16712	IAO:0000115	
WARN	missing_definition	EMAPA:16713	IAO:0000115	
WARN	missing_definition	EMAPA:16714	IAO:0000115	
WARN	missing_definition	EMAPA:16715	IAO:0000115	
WARN	missing_definition	EMAPA:16716	IAO:0000115	
WARN	missing_definition	EMAPA:16717	IAO:0000115	
WARN	missing_definition	EMAPA:16718	IAO:0000115	
WARN	missing_definition	EMAPA:16719	IAO:0000115	
WARN	missing_definition	EMAPA:16720	IAO:0000115	
WARN	missing_definition	EMAPA:16721	IAO:0000115	
WARN	missing_definition	EMAPA:16722	IAO:0000115	
WARN	missing_definition	EMAPA:16723	IAO:0000115	
WARN	missing_definition	EMAPA:16724	IAO:0000115	
WARN	missing_definition	EMAPA:16725	IAO:0000115	
WARN	missing_definition	EMAPA:16726	IAO:0000115	
WARN	missing_definition	EMAPA:16727	IAO:0000115	
WARN	missing_definition	EMAPA:16728	IAO:0000115	
WARN	missing_definition	EMAPA:16729	IAO:0000115	
WARN	missing_definition	EMAPA:16730	IAO:0000115	
WARN	missing_definition	EMAPA:16731	IAO:0000115	
WARN	missing_definition	EMAPA:16732	IAO:0000115	
WARN	missing_definition	EMAPA:16733	IAO:0000115	
WARN	missing_definition	EMAPA:16734	IAO:0000115	
WARN	missing_definition	EMAPA:16735	IAO:0000115	
WARN	missing_definition	EMAPA:16736	IAO:0000115	
WARN	missing_definition	EMAPA:16737	IAO:0000115	
WARN	missing_definition	EMAPA:16738	IAO:0000115	
WARN	missing_definition	EMAPA:16739	IAO:0000115	
WARN	missing_definition	EMAPA:16740	IAO:0000115	
WARN	missing_definition	EMAPA:16741	IAO:0000115	
WARN	missing_definition	EMAPA:16742	IAO:0000115	
WARN	missing_definition	EMAPA:16743	IAO:0000115	
WARN	missing_definition	EMAPA:16744	IAO:0000115	
WARN	missing_definition	EMAPA:16745	IAO:0000115	
WARN	missing_definition	EMAPA:16747	IAO:0000115	
WARN	missing_definition	EMAPA:16748	IAO:0000115	
WARN	missing_definition	EMAPA:16749	IAO:0000115	
WARN	missing_definition	EMAPA:16750	IAO:0000115	
WARN	missing_definition	EMAPA:16751	IAO:0000115	
WARN	missing_definition	EMAPA:16752	IAO:0000115	
WARN	missing_definition	EMAPA:16753	IAO:0000115	
WARN	missing_definition	EMAPA:16754	IAO:0000115	
WARN	missing_definition	EMAPA:16755	IAO:0000115	
WARN	missing_definition	EMAPA:16756	IAO:0000115	
WARN	missing_definition	EMAPA:16757	IAO:0000115	
WARN	missing_definition	EMAPA:16758	IAO:0000115	
WARN	missing_definition	EMAPA:16759	IAO:0000115	
WARN	missing_definition	EMAPA:16760	IAO:0000115	
WARN	missing_definition	EMAPA:16761	IAO:0000115	
WARN	missing_definition	EMAPA:16762	IAO:0000115	
WARN	missing_definition	EMAPA:16763	IAO:0000115	
WARN	missing_definition	EMAPA:16764	IAO:0000115	
WARN	missing_definition	EMAPA:16765	IAO:0000115	
WARN	missing_definition	EMAPA:16766	IAO:0000115	
WARN	missing_definition	EMAPA:16767	IAO:0000115	
WARN	missing_definition	EMAPA:16768	IAO:0000115	
WARN	missing_definition	EMAPA:16769	IAO:0000115	
WARN	missing_definition	EMAPA:16770	IAO:0000115	
WARN	missing_definition	EMAPA:16771	IAO:0000115	
WARN	missing_definition	EMAPA:16772	IAO:0000115	
WARN	missing_definition	EMAPA:16773	IAO:0000115	
WARN	missing_definition	EMAPA:16774	IAO:0000115	
WARN	missing_definition	EMAPA:16775	IAO:0000115	
WARN	missing_definition	EMAPA:16776	IAO:0000115	
WARN	missing_definition	EMAPA:16777	IAO:0000115	
WARN	missing_definition	EMAPA:16778	IAO:0000115	
WARN	missing_definition	EMAPA:16779	IAO:0000115	
WARN	missing_definition	EMAPA:16780	IAO:0000115	
WARN	missing_definition	EMAPA:16781	IAO:0000115	
WARN	missing_definition	EMAPA:16785	IAO:0000115	
WARN	missing_definition	EMAPA:16786	IAO:0000115	
WARN	missing_definition	EMAPA:16787	IAO:0000115	
WARN	missing_definition	EMAPA:16788	IAO:0000115	
WARN	missing_definition	EMAPA:16789	IAO:0000115	
WARN	missing_definition	EMAPA:16790	IAO:0000115	
WARN	missing_definition	EMAPA:16791	IAO:0000115	
WARN	missing_definition	EMAPA:16792	IAO:0000115	
WARN	missing_definition	EMAPA:16793	IAO:0000115	
WARN	missing_definition	EMAPA:16794	IAO:0000115	
WARN	missing_definition	EMAPA:16795	IAO:0000115	
WARN	missing_definition	EMAPA:16796	IAO:0000115	
WARN	missing_definition	EMAPA:16797	IAO:0000115	
WARN	missing_definition	EMAPA:16798	IAO:0000115	
WARN	missing_definition	EMAPA:16799	IAO:0000115	
WARN	missing_definition	EMAPA:16800	IAO:0000115	
WARN	missing_definition	EMAPA:16801	IAO:0000115	
WARN	missing_definition	EMAPA:16802	IAO:0000115	
WARN	missing_definition	EMAPA:16803	IAO:0000115	
WARN	missing_definition	EMAPA:16804	IAO:0000115	
WARN	missing_definition	EMAPA:16805	IAO:0000115	
WARN	missing_definition	EMAPA:16806	IAO:0000115	
WARN	missing_definition	EMAPA:16807	IAO:0000115	
WARN	missing_definition	EMAPA:16808	IAO:0000115	
WARN	missing_definition	EMAPA:16809	IAO:0000115	
WARN	missing_definition	EMAPA:16810	IAO:0000115	
WARN	missing_definition	EMAPA:16811	IAO:0000115	
WARN	missing_definition	EMAPA:16812	IAO:0000115	
WARN	missing_definition	EMAPA:16813	IAO:0000115	
WARN	missing_definition	EMAPA:16814	IAO:0000115	
WARN	missing_definition	EMAPA:16815	IAO:0000115	
WARN	missing_definition	EMAPA:16816	IAO:0000115	
WARN	missing_definition	EMAPA:16817	IAO:0000115	
WARN	missing_definition	EMAPA:16818	IAO:0000115	
WARN	missing_definition	EMAPA:16819	IAO:0000115	
WARN	missing_definition	EMAPA:16820	IAO:0000115	
WARN	missing_definition	EMAPA:16821	IAO:0000115	
WARN	missing_definition	EMAPA:16822	IAO:0000115	
WARN	missing_definition	EMAPA:16823	IAO:0000115	
WARN	missing_definition	EMAPA:16824	IAO:0000115	
WARN	missing_definition	EMAPA:16825	IAO:0000115	
WARN	missing_definition	EMAPA:16826	IAO:0000115	
WARN	missing_definition	EMAPA:16827	IAO:0000115	
WARN	missing_definition	EMAPA:16828	IAO:0000115	
WARN	missing_definition	EMAPA:16829	IAO:0000115	
WARN	missing_definition	EMAPA:16830	IAO:0000115	
WARN	missing_definition	EMAPA:16831	IAO:0000115	
WARN	missing_definition	EMAPA:16833	IAO:0000115	
WARN	missing_definition	EMAPA:16834	IAO:0000115	
WARN	missing_definition	EMAPA:16835	IAO:0000115	
WARN	missing_definition	EMAPA:16836	IAO:0000115	
WARN	missing_definition	EMAPA:16838	IAO:0000115	
WARN	missing_definition	EMAPA:16839	IAO:0000115	
WARN	missing_definition	EMAPA:16840	IAO:0000115	
WARN	missing_definition	EMAPA:16841	IAO:0000115	
WARN	missing_definition	EMAPA:16843	IAO:0000115	
WARN	missing_definition	EMAPA:16844	IAO:0000115	
WARN	missing_definition	EMAPA:16845	IAO:0000115	
WARN	missing_definition	EMAPA:16846	IAO:0000115	
WARN	missing_definition	EMAPA:16847	IAO:0000115	
WARN	missing_definition	EMAPA:16848	IAO:0000115	
WARN	missing_definition	EMAPA:16849	IAO:0000115	
WARN	missing_definition	EMAPA:16850	IAO:0000115	
WARN	missing_definition	EMAPA:16851	IAO:0000115	
WARN	missing_definition	EMAPA:16852	IAO:0000115	
WARN	missing_definition	EMAPA:16853	IAO:0000115	
WARN	missing_definition	EMAPA:16854	IAO:0000115	
WARN	missing_definition	EMAPA:16855	IAO:0000115	
WARN	missing_definition	EMAPA:16856	IAO:0000115	
WARN	missing_definition	EMAPA:16857	IAO:0000115	
WARN	missing_definition	EMAPA:16858	IAO:0000115	
WARN	missing_definition	EMAPA:16860	IAO:0000115	
WARN	missing_definition	EMAPA:16861	IAO:0000115	
WARN	missing_definition	EMAPA:16862	IAO:0000115	
WARN	missing_definition	EMAPA:16863	IAO:0000115	
WARN	missing_definition	EMAPA:16864	IAO:0000115	
WARN	missing_definition	EMAPA:16865	IAO:0000115	
WARN	missing_definition	EMAPA:16866	IAO:0000115	
WARN	missing_definition	EMAPA:16867	IAO:0000115	
WARN	missing_definition	EMAPA:16868	IAO:0000115	
WARN	missing_definition	EMAPA:16869	IAO:0000115	
WARN	missing_definition	EMAPA:16870	IAO:0000115	
WARN	missing_definition	EMAPA:16871	IAO:0000115	
WARN	missing_definition	EMAPA:16872	IAO:0000115	
WARN	missing_definition	EMAPA:16873	IAO:0000115	
WARN	missing_definition	EMAPA:16874	IAO:0000115	
WARN	missing_definition	EMAPA:16875	IAO:0000115	
WARN	missing_definition	EMAPA:16876	IAO:0000115	
WARN	missing_definition	EMAPA:16877	IAO:0000115	
WARN	missing_definition	EMAPA:16878	IAO:0000115	
WARN	missing_definition	EMAPA:16879	IAO:0000115	
WARN	missing_definition	EMAPA:16880	IAO:0000115	
WARN	missing_definition	EMAPA:16881	IAO:0000115	
WARN	missing_definition	EMAPA:16882	IAO:0000115	
WARN	missing_definition	EMAPA:16883	IAO:0000115	
WARN	missing_definition	EMAPA:16884	IAO:0000115	
WARN	missing_definition	EMAPA:16885	IAO:0000115	
WARN	missing_definition	EMAPA:16886	IAO:0000115	
WARN	missing_definition	EMAPA:16887	IAO:0000115	
WARN	missing_definition	EMAPA:16888	IAO:0000115	
WARN	missing_definition	EMAPA:16889	IAO:0000115	
WARN	missing_definition	EMAPA:16890	IAO:0000115	
WARN	missing_definition	EMAPA:16891	IAO:0000115	
WARN	missing_definition	EMAPA:16892	IAO:0000115	
WARN	missing_definition	EMAPA:16893	IAO:0000115	
WARN	missing_definition	EMAPA:16894	IAO:0000115	
WARN	missing_definition	EMAPA:16895	IAO:0000115	
WARN	missing_definition	EMAPA:16896	IAO:0000115	
WARN	missing_definition	EMAPA:16897	IAO:0000115	
WARN	missing_definition	EMAPA:16899	IAO:0000115	
WARN	missing_definition	EMAPA:16900	IAO:0000115	
WARN	missing_definition	EMAPA:16901	IAO:0000115	
WARN	missing_definition	EMAPA:16902	IAO:0000115	
WARN	missing_definition	EMAPA:16903	IAO:0000115	
WARN	missing_definition	EMAPA:16904	IAO:0000115	
WARN	missing_definition	EMAPA:16905	IAO:0000115	
WARN	missing_definition	EMAPA:16906	IAO:0000115	
WARN	missing_definition	EMAPA:16907	IAO:0000115	
WARN	missing_definition	EMAPA:16908	IAO:0000115	
WARN	missing_definition	EMAPA:16909	IAO:0000115	
WARN	missing_definition	EMAPA:16910	IAO:0000115	
WARN	missing_definition	EMAPA:16911	IAO:0000115	
WARN	missing_definition	EMAPA:16912	IAO:0000115	
WARN	missing_definition	EMAPA:16913	IAO:0000115	
WARN	missing_definition	EMAPA:16914	IAO:0000115	
WARN	missing_definition	EMAPA:16915	IAO:0000115	
WARN	missing_definition	EMAPA:16916	IAO:0000115	
WARN	missing_definition	EMAPA:16917	IAO:0000115	
WARN	missing_definition	EMAPA:16921	IAO:0000115	
WARN	missing_definition	EMAPA:16922	IAO:0000115	
WARN	missing_definition	EMAPA:16928	IAO:0000115	
WARN	missing_definition	EMAPA:16929	IAO:0000115	
WARN	missing_definition	EMAPA:16935	IAO:0000115	
WARN	missing_definition	EMAPA:16936	IAO:0000115	
WARN	missing_definition	EMAPA:16942	IAO:0000115	
WARN	missing_definition	EMAPA:16943	IAO:0000115	
WARN	missing_definition	EMAPA:16949	IAO:0000115	
WARN	missing_definition	EMAPA:16950	IAO:0000115	
WARN	missing_definition	EMAPA:16956	IAO:0000115	
WARN	missing_definition	EMAPA:16957	IAO:0000115	
WARN	missing_definition	EMAPA:16963	IAO:0000115	
WARN	missing_definition	EMAPA:16964	IAO:0000115	
WARN	missing_definition	EMAPA:16970	IAO:0000115	
WARN	missing_definition	EMAPA:16971	IAO:0000115	
WARN	missing_definition	EMAPA:16974	IAO:0000115	
WARN	missing_definition	EMAPA:16975	IAO:0000115	
WARN	missing_definition	EMAPA:16976	IAO:0000115	
WARN	missing_definition	EMAPA:16977	IAO:0000115	
WARN	missing_definition	EMAPA:16978	IAO:0000115	
WARN	missing_definition	EMAPA:16979	IAO:0000115	
WARN	missing_definition	EMAPA:16980	IAO:0000115	
WARN	missing_definition	EMAPA:16981	IAO:0000115	
WARN	missing_definition	EMAPA:16982	IAO:0000115	
WARN	missing_definition	EMAPA:16984	IAO:0000115	
WARN	missing_definition	EMAPA:16985	IAO:0000115	
WARN	missing_definition	EMAPA:16986	IAO:0000115	
WARN	missing_definition	EMAPA:16987	IAO:0000115	
WARN	missing_definition	EMAPA:16988	IAO:0000115	
WARN	missing_definition	EMAPA:16989	IAO:0000115	
WARN	missing_definition	EMAPA:16990	IAO:0000115	
WARN	missing_definition	EMAPA:16991	IAO:0000115	
WARN	missing_definition	EMAPA:16992	IAO:0000115	
WARN	missing_definition	EMAPA:16993	IAO:0000115	
WARN	missing_definition	EMAPA:16994	IAO:0000115	
WARN	missing_definition	EMAPA:16995	IAO:0000115	
WARN	missing_definition	EMAPA:16996	IAO:0000115	
WARN	missing_definition	EMAPA:16997	IAO:0000115	
WARN	missing_definition	EMAPA:16998	IAO:0000115	
WARN	missing_definition	EMAPA:16999	IAO:0000115	
WARN	missing_definition	EMAPA:17000	IAO:0000115	
WARN	missing_definition	EMAPA:17001	IAO:0000115	
WARN	missing_definition	EMAPA:17002	IAO:0000115	
WARN	missing_definition	EMAPA:17003	IAO:0000115	
WARN	missing_definition	EMAPA:17004	IAO:0000115	
WARN	missing_definition	EMAPA:17005	IAO:0000115	
WARN	missing_definition	EMAPA:17006	IAO:0000115	
WARN	missing_definition	EMAPA:17007	IAO:0000115	
WARN	missing_definition	EMAPA:17008	IAO:0000115	
WARN	missing_definition	EMAPA:17009	IAO:0000115	
WARN	missing_definition	EMAPA:17010	IAO:0000115	
WARN	missing_definition	EMAPA:17011	IAO:0000115	
WARN	missing_definition	EMAPA:17012	IAO:0000115	
WARN	missing_definition	EMAPA:17013	IAO:0000115	
WARN	missing_definition	EMAPA:17014	IAO:0000115	
WARN	missing_definition	EMAPA:17015	IAO:0000115	
WARN	missing_definition	EMAPA:17016	IAO:0000115	
WARN	missing_definition	EMAPA:17017	IAO:0000115	
WARN	missing_definition	EMAPA:17018	IAO:0000115	
WARN	missing_definition	EMAPA:17019	IAO:0000115	
WARN	missing_definition	EMAPA:17020	IAO:0000115	
WARN	missing_definition	EMAPA:17021	IAO:0000115	
WARN	missing_definition	EMAPA:17022	IAO:0000115	
WARN	missing_definition	EMAPA:17023	IAO:0000115	
WARN	missing_definition	EMAPA:17024	IAO:0000115	
WARN	missing_definition	EMAPA:17025	IAO:0000115	
WARN	missing_definition	EMAPA:17026	IAO:0000115	
WARN	missing_definition	EMAPA:17027	IAO:0000115	
WARN	missing_definition	EMAPA:17028	IAO:0000115	
WARN	missing_definition	EMAPA:17029	IAO:0000115	
WARN	missing_definition	EMAPA:17030	IAO:0000115	
WARN	missing_definition	EMAPA:17031	IAO:0000115	
WARN	missing_definition	EMAPA:17032	IAO:0000115	
WARN	missing_definition	EMAPA:17033	IAO:0000115	
WARN	missing_definition	EMAPA:17034	IAO:0000115	
WARN	missing_definition	EMAPA:17035	IAO:0000115	
WARN	missing_definition	EMAPA:17036	IAO:0000115	
WARN	missing_definition	EMAPA:17037	IAO:0000115	
WARN	missing_definition	EMAPA:17038	IAO:0000115	
WARN	missing_definition	EMAPA:17039	IAO:0000115	
WARN	missing_definition	EMAPA:17040	IAO:0000115	
WARN	missing_definition	EMAPA:17041	IAO:0000115	
WARN	missing_definition	EMAPA:17049	IAO:0000115	
WARN	missing_definition	EMAPA:17050	IAO:0000115	
WARN	missing_definition	EMAPA:17051	IAO:0000115	
WARN	missing_definition	EMAPA:17052	IAO:0000115	
WARN	missing_definition	EMAPA:17053	IAO:0000115	
WARN	missing_definition	EMAPA:17054	IAO:0000115	
WARN	missing_definition	EMAPA:17055	IAO:0000115	
WARN	missing_definition	EMAPA:17056	IAO:0000115	
WARN	missing_definition	EMAPA:17057	IAO:0000115	
WARN	missing_definition	EMAPA:17058	IAO:0000115	
WARN	missing_definition	EMAPA:17059	IAO:0000115	
WARN	missing_definition	EMAPA:17060	IAO:0000115	
WARN	missing_definition	EMAPA:17061	IAO:0000115	
WARN	missing_definition	EMAPA:17062	IAO:0000115	
WARN	missing_definition	EMAPA:17063	IAO:0000115	
WARN	missing_definition	EMAPA:17064	IAO:0000115	
WARN	missing_definition	EMAPA:17065	IAO:0000115	
WARN	missing_definition	EMAPA:17066	IAO:0000115	
WARN	missing_definition	EMAPA:17067	IAO:0000115	
WARN	missing_definition	EMAPA:17068	IAO:0000115	
WARN	missing_definition	EMAPA:17069	IAO:0000115	
WARN	missing_definition	EMAPA:17070	IAO:0000115	
WARN	missing_definition	EMAPA:17071	IAO:0000115	
WARN	missing_definition	EMAPA:17072	IAO:0000115	
WARN	missing_definition	EMAPA:17073	IAO:0000115	
WARN	missing_definition	EMAPA:17074	IAO:0000115	
WARN	missing_definition	EMAPA:17075	IAO:0000115	
WARN	missing_definition	EMAPA:17076	IAO:0000115	
WARN	missing_definition	EMAPA:17077	IAO:0000115	
WARN	missing_definition	EMAPA:17078	IAO:0000115	
WARN	missing_definition	EMAPA:17079	IAO:0000115	
WARN	missing_definition	EMAPA:17080	IAO:0000115	
WARN	missing_definition	EMAPA:17081	IAO:0000115	
WARN	missing_definition	EMAPA:17082	IAO:0000115	
WARN	missing_definition	EMAPA:17083	IAO:0000115	
WARN	missing_definition	EMAPA:17084	IAO:0000115	
WARN	missing_definition	EMAPA:17085	IAO:0000115	
WARN	missing_definition	EMAPA:17086	IAO:0000115	
WARN	missing_definition	EMAPA:17087	IAO:0000115	
WARN	missing_definition	EMAPA:17088	IAO:0000115	
WARN	missing_definition	EMAPA:17089	IAO:0000115	
WARN	missing_definition	EMAPA:17090	IAO:0000115	
WARN	missing_definition	EMAPA:17091	IAO:0000115	
WARN	missing_definition	EMAPA:17148	IAO:0000115	
WARN	missing_definition	EMAPA:17149	IAO:0000115	
WARN	missing_definition	EMAPA:17150	IAO:0000115	
WARN	missing_definition	EMAPA:17151	IAO:0000115	
WARN	missing_definition	EMAPA:17152	IAO:0000115	
WARN	missing_definition	EMAPA:17153	IAO:0000115	
WARN	missing_definition	EMAPA:17154	IAO:0000115	
WARN	missing_definition	EMAPA:17155	IAO:0000115	
WARN	missing_definition	EMAPA:17156	IAO:0000115	
WARN	missing_definition	EMAPA:17157	IAO:0000115	
WARN	missing_definition	EMAPA:17158	IAO:0000115	
WARN	missing_definition	EMAPA:17161	IAO:0000115	
WARN	missing_definition	EMAPA:17162	IAO:0000115	
WARN	missing_definition	EMAPA:17163	IAO:0000115	
WARN	missing_definition	EMAPA:17164	IAO:0000115	
WARN	missing_definition	EMAPA:17165	IAO:0000115	
WARN	missing_definition	EMAPA:17166	IAO:0000115	
WARN	missing_definition	EMAPA:17167	IAO:0000115	
WARN	missing_definition	EMAPA:17168	IAO:0000115	
WARN	missing_definition	EMAPA:17169	IAO:0000115	
WARN	missing_definition	EMAPA:17170	IAO:0000115	
WARN	missing_definition	EMAPA:17171	IAO:0000115	
WARN	missing_definition	EMAPA:17172	IAO:0000115	
WARN	missing_definition	EMAPA:17177	IAO:0000115	
WARN	missing_definition	EMAPA:17178	IAO:0000115	
WARN	missing_definition	EMAPA:17179	IAO:0000115	
WARN	missing_definition	EMAPA:17180	IAO:0000115	
WARN	missing_definition	EMAPA:17181	IAO:0000115	
WARN	missing_definition	EMAPA:17182	IAO:0000115	
WARN	missing_definition	EMAPA:17183	IAO:0000115	
WARN	missing_definition	EMAPA:17184	IAO:0000115	
WARN	missing_definition	EMAPA:17185	IAO:0000115	
WARN	missing_definition	EMAPA:17186	IAO:0000115	
WARN	missing_definition	EMAPA:17187	IAO:0000115	
WARN	missing_definition	EMAPA:17188	IAO:0000115	
WARN	missing_definition	EMAPA:17189	IAO:0000115	
WARN	missing_definition	EMAPA:17190	IAO:0000115	
WARN	missing_definition	EMAPA:17191	IAO:0000115	
WARN	missing_definition	EMAPA:17192	IAO:0000115	
WARN	missing_definition	EMAPA:17193	IAO:0000115	
WARN	missing_definition	EMAPA:17194	IAO:0000115	
WARN	missing_definition	EMAPA:17195	IAO:0000115	
WARN	missing_definition	EMAPA:17196	IAO:0000115	
WARN	missing_definition	EMAPA:17197	IAO:0000115	
WARN	missing_definition	EMAPA:17198	IAO:0000115	
WARN	missing_definition	EMAPA:17199	IAO:0000115	
WARN	missing_definition	EMAPA:17200	IAO:0000115	
WARN	missing_definition	EMAPA:17201	IAO:0000115	
WARN	missing_definition	EMAPA:17202	IAO:0000115	
WARN	missing_definition	EMAPA:17203	IAO:0000115	
WARN	missing_definition	EMAPA:17205	IAO:0000115	
WARN	missing_definition	EMAPA:17209	IAO:0000115	
WARN	missing_definition	EMAPA:17213	IAO:0000115	
WARN	missing_definition	EMAPA:17214	IAO:0000115	
WARN	missing_definition	EMAPA:17215	IAO:0000115	
WARN	missing_definition	EMAPA:17216	IAO:0000115	
WARN	missing_definition	EMAPA:17217	IAO:0000115	
WARN	missing_definition	EMAPA:17218	IAO:0000115	
WARN	missing_definition	EMAPA:17219	IAO:0000115	
WARN	missing_definition	EMAPA:17220	IAO:0000115	
WARN	missing_definition	EMAPA:17221	IAO:0000115	
WARN	missing_definition	EMAPA:17222	IAO:0000115	
WARN	missing_definition	EMAPA:17223	IAO:0000115	
WARN	missing_definition	EMAPA:17224	IAO:0000115	
WARN	missing_definition	EMAPA:17225	IAO:0000115	
WARN	missing_definition	EMAPA:17226	IAO:0000115	
WARN	missing_definition	EMAPA:17227	IAO:0000115	
WARN	missing_definition	EMAPA:17228	IAO:0000115	
WARN	missing_definition	EMAPA:17229	IAO:0000115	
WARN	missing_definition	EMAPA:17230	IAO:0000115	
WARN	missing_definition	EMAPA:17231	IAO:0000115	
WARN	missing_definition	EMAPA:17232	IAO:0000115	
WARN	missing_definition	EMAPA:17233	IAO:0000115	
WARN	missing_definition	EMAPA:17234	IAO:0000115	
WARN	missing_definition	EMAPA:17235	IAO:0000115	
WARN	missing_definition	EMAPA:17236	IAO:0000115	
WARN	missing_definition	EMAPA:17237	IAO:0000115	
WARN	missing_definition	EMAPA:17238	IAO:0000115	
WARN	missing_definition	EMAPA:17239	IAO:0000115	
WARN	missing_definition	EMAPA:17240	IAO:0000115	
WARN	missing_definition	EMAPA:17241	IAO:0000115	
WARN	missing_definition	EMAPA:17242	IAO:0000115	
WARN	missing_definition	EMAPA:17243	IAO:0000115	
WARN	missing_definition	EMAPA:17244	IAO:0000115	
WARN	missing_definition	EMAPA:17245	IAO:0000115	
WARN	missing_definition	EMAPA:17246	IAO:0000115	
WARN	missing_definition	EMAPA:17247	IAO:0000115	
WARN	missing_definition	EMAPA:17248	IAO:0000115	
WARN	missing_definition	EMAPA:17249	IAO:0000115	
WARN	missing_definition	EMAPA:17250	IAO:0000115	
WARN	missing_definition	EMAPA:17251	IAO:0000115	
WARN	missing_definition	EMAPA:17252	IAO:0000115	
WARN	missing_definition	EMAPA:17253	IAO:0000115	
WARN	missing_definition	EMAPA:17254	IAO:0000115	
WARN	missing_definition	EMAPA:17255	IAO:0000115	
WARN	missing_definition	EMAPA:17256	IAO:0000115	
WARN	missing_definition	EMAPA:17257	IAO:0000115	
WARN	missing_definition	EMAPA:17258	IAO:0000115	
WARN	missing_definition	EMAPA:17259	IAO:0000115	
WARN	missing_definition	EMAPA:17260	IAO:0000115	
WARN	missing_definition	EMAPA:17261	IAO:0000115	
WARN	missing_definition	EMAPA:17263	IAO:0000115	
WARN	missing_definition	EMAPA:17264	IAO:0000115	
WARN	missing_definition	EMAPA:17265	IAO:0000115	
WARN	missing_definition	EMAPA:17266	IAO:0000115	
WARN	missing_definition	EMAPA:17267	IAO:0000115	
WARN	missing_definition	EMAPA:17268	IAO:0000115	
WARN	missing_definition	EMAPA:17269	IAO:0000115	
WARN	missing_definition	EMAPA:17270	IAO:0000115	
WARN	missing_definition	EMAPA:17271	IAO:0000115	
WARN	missing_definition	EMAPA:17272	IAO:0000115	
WARN	missing_definition	EMAPA:17275	IAO:0000115	
WARN	missing_definition	EMAPA:17277	IAO:0000115	
WARN	missing_definition	EMAPA:17278	IAO:0000115	
WARN	missing_definition	EMAPA:17279	IAO:0000115	
WARN	missing_definition	EMAPA:17280	IAO:0000115	
WARN	missing_definition	EMAPA:17281	IAO:0000115	
WARN	missing_definition	EMAPA:17282	IAO:0000115	
WARN	missing_definition	EMAPA:17286	IAO:0000115	
WARN	missing_definition	EMAPA:17287	IAO:0000115	
WARN	missing_definition	EMAPA:17288	IAO:0000115	
WARN	missing_definition	EMAPA:17289	IAO:0000115	
WARN	missing_definition	EMAPA:17290	IAO:0000115	
WARN	missing_definition	EMAPA:17291	IAO:0000115	
WARN	missing_definition	EMAPA:17292	IAO:0000115	
WARN	missing_definition	EMAPA:17293	IAO:0000115	
WARN	missing_definition	EMAPA:17294	IAO:0000115	
WARN	missing_definition	EMAPA:17295	IAO:0000115	
WARN	missing_definition	EMAPA:17296	IAO:0000115	
WARN	missing_definition	EMAPA:17297	IAO:0000115	
WARN	missing_definition	EMAPA:17298	IAO:0000115	
WARN	missing_definition	EMAPA:17299	IAO:0000115	
WARN	missing_definition	EMAPA:17300	IAO:0000115	
WARN	missing_definition	EMAPA:17301	IAO:0000115	
WARN	missing_definition	EMAPA:17302	IAO:0000115	
WARN	missing_definition	EMAPA:17303	IAO:0000115	
WARN	missing_definition	EMAPA:17304	IAO:0000115	
WARN	missing_definition	EMAPA:17305	IAO:0000115	
WARN	missing_definition	EMAPA:17306	IAO:0000115	
WARN	missing_definition	EMAPA:17307	IAO:0000115	
WARN	missing_definition	EMAPA:17308	IAO:0000115	
WARN	missing_definition	EMAPA:17309	IAO:0000115	
WARN	missing_definition	EMAPA:17310	IAO:0000115	
WARN	missing_definition	EMAPA:17311	IAO:0000115	
WARN	missing_definition	EMAPA:17312	IAO:0000115	
WARN	missing_definition	EMAPA:17313	IAO:0000115	
WARN	missing_definition	EMAPA:17314	IAO:0000115	
WARN	missing_definition	EMAPA:17315	IAO:0000115	
WARN	missing_definition	EMAPA:17316	IAO:0000115	
WARN	missing_definition	EMAPA:17317	IAO:0000115	
WARN	missing_definition	EMAPA:17318	IAO:0000115	
WARN	missing_definition	EMAPA:17319	IAO:0000115	
WARN	missing_definition	EMAPA:17320	IAO:0000115	
WARN	missing_definition	EMAPA:17321	IAO:0000115	
WARN	missing_definition	EMAPA:17322	IAO:0000115	
WARN	missing_definition	EMAPA:17323	IAO:0000115	
WARN	missing_definition	EMAPA:17324	IAO:0000115	
WARN	missing_definition	EMAPA:17325	IAO:0000115	
WARN	missing_definition	EMAPA:17326	IAO:0000115	
WARN	missing_definition	EMAPA:17327	IAO:0000115	
WARN	missing_definition	EMAPA:17328	IAO:0000115	
WARN	missing_definition	EMAPA:17329	IAO:0000115	
WARN	missing_definition	EMAPA:17330	IAO:0000115	
WARN	missing_definition	EMAPA:17331	IAO:0000115	
WARN	missing_definition	EMAPA:17332	IAO:0000115	
WARN	missing_definition	EMAPA:17333	IAO:0000115	
WARN	missing_definition	EMAPA:17334	IAO:0000115	
WARN	missing_definition	EMAPA:17335	IAO:0000115	
WARN	missing_definition	EMAPA:17336	IAO:0000115	
WARN	missing_definition	EMAPA:17337	IAO:0000115	
WARN	missing_definition	EMAPA:17338	IAO:0000115	
WARN	missing_definition	EMAPA:17339	IAO:0000115	
WARN	missing_definition	EMAPA:17340	IAO:0000115	
WARN	missing_definition	EMAPA:17341	IAO:0000115	
WARN	missing_definition	EMAPA:17342	IAO:0000115	
WARN	missing_definition	EMAPA:17343	IAO:0000115	
WARN	missing_definition	EMAPA:17348	IAO:0000115	
WARN	missing_definition	EMAPA:17349	IAO:0000115	
WARN	missing_definition	EMAPA:17350	IAO:0000115	
WARN	missing_definition	EMAPA:17351	IAO:0000115	
WARN	missing_definition	EMAPA:17352	IAO:0000115	
WARN	missing_definition	EMAPA:17353	IAO:0000115	
WARN	missing_definition	EMAPA:17354	IAO:0000115	
WARN	missing_definition	EMAPA:17355	IAO:0000115	
WARN	missing_definition	EMAPA:17356	IAO:0000115	
WARN	missing_definition	EMAPA:17357	IAO:0000115	
WARN	missing_definition	EMAPA:17358	IAO:0000115	
WARN	missing_definition	EMAPA:17359	IAO:0000115	
WARN	missing_definition	EMAPA:17360	IAO:0000115	
WARN	missing_definition	EMAPA:17361	IAO:0000115	
WARN	missing_definition	EMAPA:17362	IAO:0000115	
WARN	missing_definition	EMAPA:17363	IAO:0000115	
WARN	missing_definition	EMAPA:17364	IAO:0000115	
WARN	missing_definition	EMAPA:17365	IAO:0000115	
WARN	missing_definition	EMAPA:17366	IAO:0000115	
WARN	missing_definition	EMAPA:17367	IAO:0000115	
WARN	missing_definition	EMAPA:17368	IAO:0000115	
WARN	missing_definition	EMAPA:17373	IAO:0000115	
WARN	missing_definition	EMAPA:17375	IAO:0000115	
WARN	missing_definition	EMAPA:17381	IAO:0000115	
WARN	missing_definition	EMAPA:17383	IAO:0000115	
WARN	missing_definition	EMAPA:17384	IAO:0000115	
WARN	missing_definition	EMAPA:17385	IAO:0000115	
WARN	missing_definition	EMAPA:17387	IAO:0000115	
WARN	missing_definition	EMAPA:17388	IAO:0000115	
WARN	missing_definition	EMAPA:17389	IAO:0000115	
WARN	missing_definition	EMAPA:17390	IAO:0000115	
WARN	missing_definition	EMAPA:17391	IAO:0000115	
WARN	missing_definition	EMAPA:17392	IAO:0000115	
WARN	missing_definition	EMAPA:17393	IAO:0000115	
WARN	missing_definition	EMAPA:17394	IAO:0000115	
WARN	missing_definition	EMAPA:17395	IAO:0000115	
WARN	missing_definition	EMAPA:17396	IAO:0000115	
WARN	missing_definition	EMAPA:17397	IAO:0000115	
WARN	missing_definition	EMAPA:17398	IAO:0000115	
WARN	missing_definition	EMAPA:17399	IAO:0000115	
WARN	missing_definition	EMAPA:17400	IAO:0000115	
WARN	missing_definition	EMAPA:17401	IAO:0000115	
WARN	missing_definition	EMAPA:17402	IAO:0000115	
WARN	missing_definition	EMAPA:17403	IAO:0000115	
WARN	missing_definition	EMAPA:17404	IAO:0000115	
WARN	missing_definition	EMAPA:17405	IAO:0000115	
WARN	missing_definition	EMAPA:17406	IAO:0000115	
WARN	missing_definition	EMAPA:17407	IAO:0000115	
WARN	missing_definition	EMAPA:17408	IAO:0000115	
WARN	missing_definition	EMAPA:17409	IAO:0000115	
WARN	missing_definition	EMAPA:17410	IAO:0000115	
WARN	missing_definition	EMAPA:17411	IAO:0000115	
WARN	missing_definition	EMAPA:17412	IAO:0000115	
WARN	missing_definition	EMAPA:17413	IAO:0000115	
WARN	missing_definition	EMAPA:17414	IAO:0000115	
WARN	missing_definition	EMAPA:17415	IAO:0000115	
WARN	missing_definition	EMAPA:17416	IAO:0000115	
WARN	missing_definition	EMAPA:17417	IAO:0000115	
WARN	missing_definition	EMAPA:17418	IAO:0000115	
WARN	missing_definition	EMAPA:17419	IAO:0000115	
WARN	missing_definition	EMAPA:17420	IAO:0000115	
WARN	missing_definition	EMAPA:17421	IAO:0000115	
WARN	missing_definition	EMAPA:17422	IAO:0000115	
WARN	missing_definition	EMAPA:17423	IAO:0000115	
WARN	missing_definition	EMAPA:17424	IAO:0000115	
WARN	missing_definition	EMAPA:17425	IAO:0000115	
WARN	missing_definition	EMAPA:17426	IAO:0000115	
WARN	missing_definition	EMAPA:17427	IAO:0000115	
WARN	missing_definition	EMAPA:17428	IAO:0000115	
WARN	missing_definition	EMAPA:17429	IAO:0000115	
WARN	missing_definition	EMAPA:17430	IAO:0000115	
WARN	missing_definition	EMAPA:17431	IAO:0000115	
WARN	missing_definition	EMAPA:17432	IAO:0000115	
WARN	missing_definition	EMAPA:17433	IAO:0000115	
WARN	missing_definition	EMAPA:17434	IAO:0000115	
WARN	missing_definition	EMAPA:17435	IAO:0000115	
WARN	missing_definition	EMAPA:17436	IAO:0000115	
WARN	missing_definition	EMAPA:17437	IAO:0000115	
WARN	missing_definition	EMAPA:17438	IAO:0000115	
WARN	missing_definition	EMAPA:17439	IAO:0000115	
WARN	missing_definition	EMAPA:17440	IAO:0000115	
WARN	missing_definition	EMAPA:17441	IAO:0000115	
WARN	missing_definition	EMAPA:17442	IAO:0000115	
WARN	missing_definition	EMAPA:17443	IAO:0000115	
WARN	missing_definition	EMAPA:17444	IAO:0000115	
WARN	missing_definition	EMAPA:17445	IAO:0000115	
WARN	missing_definition	EMAPA:17446	IAO:0000115	
WARN	missing_definition	EMAPA:17447	IAO:0000115	
WARN	missing_definition	EMAPA:17448	IAO:0000115	
WARN	missing_definition	EMAPA:17449	IAO:0000115	
WARN	missing_definition	EMAPA:17450	IAO:0000115	
WARN	missing_definition	EMAPA:17451	IAO:0000115	
WARN	missing_definition	EMAPA:17452	IAO:0000115	
WARN	missing_definition	EMAPA:17453	IAO:0000115	
WARN	missing_definition	EMAPA:17454	IAO:0000115	
WARN	missing_definition	EMAPA:17455	IAO:0000115	
WARN	missing_definition	EMAPA:17456	IAO:0000115	
WARN	missing_definition	EMAPA:17457	IAO:0000115	
WARN	missing_definition	EMAPA:17458	IAO:0000115	
WARN	missing_definition	EMAPA:17459	IAO:0000115	
WARN	missing_definition	EMAPA:17460	IAO:0000115	
WARN	missing_definition	EMAPA:17461	IAO:0000115	
WARN	missing_definition	EMAPA:17462	IAO:0000115	
WARN	missing_definition	EMAPA:17463	IAO:0000115	
WARN	missing_definition	EMAPA:17464	IAO:0000115	
WARN	missing_definition	EMAPA:17465	IAO:0000115	
WARN	missing_definition	EMAPA:17466	IAO:0000115	
WARN	missing_definition	EMAPA:17467	IAO:0000115	
WARN	missing_definition	EMAPA:17468	IAO:0000115	
WARN	missing_definition	EMAPA:17469	IAO:0000115	
WARN	missing_definition	EMAPA:17470	IAO:0000115	
WARN	missing_definition	EMAPA:17471	IAO:0000115	
WARN	missing_definition	EMAPA:17472	IAO:0000115	
WARN	missing_definition	EMAPA:17473	IAO:0000115	
WARN	missing_definition	EMAPA:17474	IAO:0000115	
WARN	missing_definition	EMAPA:17475	IAO:0000115	
WARN	missing_definition	EMAPA:17476	IAO:0000115	
WARN	missing_definition	EMAPA:17477	IAO:0000115	
WARN	missing_definition	EMAPA:17478	IAO:0000115	
WARN	missing_definition	EMAPA:17479	IAO:0000115	
WARN	missing_definition	EMAPA:17480	IAO:0000115	
WARN	missing_definition	EMAPA:17481	IAO:0000115	
WARN	missing_definition	EMAPA:17482	IAO:0000115	
WARN	missing_definition	EMAPA:17483	IAO:0000115	
WARN	missing_definition	EMAPA:17484	IAO:0000115	
WARN	missing_definition	EMAPA:17485	IAO:0000115	
WARN	missing_definition	EMAPA:17486	IAO:0000115	
WARN	missing_definition	EMAPA:17487	IAO:0000115	
WARN	missing_definition	EMAPA:17488	IAO:0000115	
WARN	missing_definition	EMAPA:17489	IAO:0000115	
WARN	missing_definition	EMAPA:17490	IAO:0000115	
WARN	missing_definition	EMAPA:17491	IAO:0000115	
WARN	missing_definition	EMAPA:17492	IAO:0000115	
WARN	missing_definition	EMAPA:17493	IAO:0000115	
WARN	missing_definition	EMAPA:17494	IAO:0000115	
WARN	missing_definition	EMAPA:17495	IAO:0000115	
WARN	missing_definition	EMAPA:17496	IAO:0000115	
WARN	missing_definition	EMAPA:17497	IAO:0000115	
WARN	missing_definition	EMAPA:17498	IAO:0000115	
WARN	missing_definition	EMAPA:17499	IAO:0000115	
WARN	missing_definition	EMAPA:17500	IAO:0000115	
WARN	missing_definition	EMAPA:17501	IAO:0000115	
WARN	missing_definition	EMAPA:17502	IAO:0000115	
WARN	missing_definition	EMAPA:17503	IAO:0000115	
WARN	missing_definition	EMAPA:17504	IAO:0000115	
WARN	missing_definition	EMAPA:17505	IAO:0000115	
WARN	missing_definition	EMAPA:17506	IAO:0000115	
WARN	missing_definition	EMAPA:17507	IAO:0000115	
WARN	missing_definition	EMAPA:17508	IAO:0000115	
WARN	missing_definition	EMAPA:17509	IAO:0000115	
WARN	missing_definition	EMAPA:17510	IAO:0000115	
WARN	missing_definition	EMAPA:17511	IAO:0000115	
WARN	missing_definition	EMAPA:17512	IAO:0000115	
WARN	missing_definition	EMAPA:17513	IAO:0000115	
WARN	missing_definition	EMAPA:17514	IAO:0000115	
WARN	missing_definition	EMAPA:17515	IAO:0000115	
WARN	missing_definition	EMAPA:17516	IAO:0000115	
WARN	missing_definition	EMAPA:17517	IAO:0000115	
WARN	missing_definition	EMAPA:17518	IAO:0000115	
WARN	missing_definition	EMAPA:17519	IAO:0000115	
WARN	missing_definition	EMAPA:17520	IAO:0000115	
WARN	missing_definition	EMAPA:17521	IAO:0000115	
WARN	missing_definition	EMAPA:17523	IAO:0000115	
WARN	missing_definition	EMAPA:17524	IAO:0000115	
WARN	missing_definition	EMAPA:17525	IAO:0000115	
WARN	missing_definition	EMAPA:17527	IAO:0000115	
WARN	missing_definition	EMAPA:17528	IAO:0000115	
WARN	missing_definition	EMAPA:17529	IAO:0000115	
WARN	missing_definition	EMAPA:17530	IAO:0000115	
WARN	missing_definition	EMAPA:17531	IAO:0000115	
WARN	missing_definition	EMAPA:17532	IAO:0000115	
WARN	missing_definition	EMAPA:17533	IAO:0000115	
WARN	missing_definition	EMAPA:17534	IAO:0000115	
WARN	missing_definition	EMAPA:17535	IAO:0000115	
WARN	missing_definition	EMAPA:17536	IAO:0000115	
WARN	missing_definition	EMAPA:17537	IAO:0000115	
WARN	missing_definition	EMAPA:17538	IAO:0000115	
WARN	missing_definition	EMAPA:17539	IAO:0000115	
WARN	missing_definition	EMAPA:17540	IAO:0000115	
WARN	missing_definition	EMAPA:17541	IAO:0000115	
WARN	missing_definition	EMAPA:17542	IAO:0000115	
WARN	missing_definition	EMAPA:17543	IAO:0000115	
WARN	missing_definition	EMAPA:17544	IAO:0000115	
WARN	missing_definition	EMAPA:17545	IAO:0000115	
WARN	missing_definition	EMAPA:17546	IAO:0000115	
WARN	missing_definition	EMAPA:17547	IAO:0000115	
WARN	missing_definition	EMAPA:17548	IAO:0000115	
WARN	missing_definition	EMAPA:17549	IAO:0000115	
WARN	missing_definition	EMAPA:17550	IAO:0000115	
WARN	missing_definition	EMAPA:17551	IAO:0000115	
WARN	missing_definition	EMAPA:17552	IAO:0000115	
WARN	missing_definition	EMAPA:17553	IAO:0000115	
WARN	missing_definition	EMAPA:17554	IAO:0000115	
WARN	missing_definition	EMAPA:17555	IAO:0000115	
WARN	missing_definition	EMAPA:17556	IAO:0000115	
WARN	missing_definition	EMAPA:17557	IAO:0000115	
WARN	missing_definition	EMAPA:17558	IAO:0000115	
WARN	missing_definition	EMAPA:17559	IAO:0000115	
WARN	missing_definition	EMAPA:17560	IAO:0000115	
WARN	missing_definition	EMAPA:17561	IAO:0000115	
WARN	missing_definition	EMAPA:17562	IAO:0000115	
WARN	missing_definition	EMAPA:17563	IAO:0000115	
WARN	missing_definition	EMAPA:17564	IAO:0000115	
WARN	missing_definition	EMAPA:17565	IAO:0000115	
WARN	missing_definition	EMAPA:17566	IAO:0000115	
WARN	missing_definition	EMAPA:17567	IAO:0000115	
WARN	missing_definition	EMAPA:17568	IAO:0000115	
WARN	missing_definition	EMAPA:17569	IAO:0000115	
WARN	missing_definition	EMAPA:17570	IAO:0000115	
WARN	missing_definition	EMAPA:17571	IAO:0000115	
WARN	missing_definition	EMAPA:17572	IAO:0000115	
WARN	missing_definition	EMAPA:17573	IAO:0000115	
WARN	missing_definition	EMAPA:17574	IAO:0000115	
WARN	missing_definition	EMAPA:17575	IAO:0000115	
WARN	missing_definition	EMAPA:17576	IAO:0000115	
WARN	missing_definition	EMAPA:17577	IAO:0000115	
WARN	missing_definition	EMAPA:17578	IAO:0000115	
WARN	missing_definition	EMAPA:17579	IAO:0000115	
WARN	missing_definition	EMAPA:17580	IAO:0000115	
WARN	missing_definition	EMAPA:17581	IAO:0000115	
WARN	missing_definition	EMAPA:17582	IAO:0000115	
WARN	missing_definition	EMAPA:17583	IAO:0000115	
WARN	missing_definition	EMAPA:17584	IAO:0000115	
WARN	missing_definition	EMAPA:17585	IAO:0000115	
WARN	missing_definition	EMAPA:17586	IAO:0000115	
WARN	missing_definition	EMAPA:17587	IAO:0000115	
WARN	missing_definition	EMAPA:17588	IAO:0000115	
WARN	missing_definition	EMAPA:17589	IAO:0000115	
WARN	missing_definition	EMAPA:17591	IAO:0000115	
WARN	missing_definition	EMAPA:17592	IAO:0000115	
WARN	missing_definition	EMAPA:17593	IAO:0000115	
WARN	missing_definition	EMAPA:17594	IAO:0000115	
WARN	missing_definition	EMAPA:17595	IAO:0000115	
WARN	missing_definition	EMAPA:17596	IAO:0000115	
WARN	missing_definition	EMAPA:17597	IAO:0000115	
WARN	missing_definition	EMAPA:17598	IAO:0000115	
WARN	missing_definition	EMAPA:17599	IAO:0000115	
WARN	missing_definition	EMAPA:17600	IAO:0000115	
WARN	missing_definition	EMAPA:17601	IAO:0000115	
WARN	missing_definition	EMAPA:17602	IAO:0000115	
WARN	missing_definition	EMAPA:17603	IAO:0000115	
WARN	missing_definition	EMAPA:17604	IAO:0000115	
WARN	missing_definition	EMAPA:17605	IAO:0000115	
WARN	missing_definition	EMAPA:17606	IAO:0000115	
WARN	missing_definition	EMAPA:17607	IAO:0000115	
WARN	missing_definition	EMAPA:17608	IAO:0000115	
WARN	missing_definition	EMAPA:17609	IAO:0000115	
WARN	missing_definition	EMAPA:17610	IAO:0000115	
WARN	missing_definition	EMAPA:17611	IAO:0000115	
WARN	missing_definition	EMAPA:17612	IAO:0000115	
WARN	missing_definition	EMAPA:17613	IAO:0000115	
WARN	missing_definition	EMAPA:17614	IAO:0000115	
WARN	missing_definition	EMAPA:17615	IAO:0000115	
WARN	missing_definition	EMAPA:17616	IAO:0000115	
WARN	missing_definition	EMAPA:17617	IAO:0000115	
WARN	missing_definition	EMAPA:17618	IAO:0000115	
WARN	missing_definition	EMAPA:17619	IAO:0000115	
WARN	missing_definition	EMAPA:17620	IAO:0000115	
WARN	missing_definition	EMAPA:17621	IAO:0000115	
WARN	missing_definition	EMAPA:17622	IAO:0000115	
WARN	missing_definition	EMAPA:17623	IAO:0000115	
WARN	missing_definition	EMAPA:17624	IAO:0000115	
WARN	missing_definition	EMAPA:17625	IAO:0000115	
WARN	missing_definition	EMAPA:17626	IAO:0000115	
WARN	missing_definition	EMAPA:17627	IAO:0000115	
WARN	missing_definition	EMAPA:17628	IAO:0000115	
WARN	missing_definition	EMAPA:17629	IAO:0000115	
WARN	missing_definition	EMAPA:17630	IAO:0000115	
WARN	missing_definition	EMAPA:17631	IAO:0000115	
WARN	missing_definition	EMAPA:17632	IAO:0000115	
WARN	missing_definition	EMAPA:17633	IAO:0000115	
WARN	missing_definition	EMAPA:17634	IAO:0000115	
WARN	missing_definition	EMAPA:17635	IAO:0000115	
WARN	missing_definition	EMAPA:17636	IAO:0000115	
WARN	missing_definition	EMAPA:17637	IAO:0000115	
WARN	missing_definition	EMAPA:17638	IAO:0000115	
WARN	missing_definition	EMAPA:17639	IAO:0000115	
WARN	missing_definition	EMAPA:17640	IAO:0000115	
WARN	missing_definition	EMAPA:17641	IAO:0000115	
WARN	missing_definition	EMAPA:17642	IAO:0000115	
WARN	missing_definition	EMAPA:17643	IAO:0000115	
WARN	missing_definition	EMAPA:17644	IAO:0000115	
WARN	missing_definition	EMAPA:17646	IAO:0000115	
WARN	missing_definition	EMAPA:17652	IAO:0000115	
WARN	missing_definition	EMAPA:17653	IAO:0000115	
WARN	missing_definition	EMAPA:17654	IAO:0000115	
WARN	missing_definition	EMAPA:17655	IAO:0000115	
WARN	missing_definition	EMAPA:17656	IAO:0000115	
WARN	missing_definition	EMAPA:17657	IAO:0000115	
WARN	missing_definition	EMAPA:17658	IAO:0000115	
WARN	missing_definition	EMAPA:17659	IAO:0000115	
WARN	missing_definition	EMAPA:17660	IAO:0000115	
WARN	missing_definition	EMAPA:17661	IAO:0000115	
WARN	missing_definition	EMAPA:17662	IAO:0000115	
WARN	missing_definition	EMAPA:17663	IAO:0000115	
WARN	missing_definition	EMAPA:17664	IAO:0000115	
WARN	missing_definition	EMAPA:17665	IAO:0000115	
WARN	missing_definition	EMAPA:17666	IAO:0000115	
WARN	missing_definition	EMAPA:17667	IAO:0000115	
WARN	missing_definition	EMAPA:17668	IAO:0000115	
WARN	missing_definition	EMAPA:17669	IAO:0000115	
WARN	missing_definition	EMAPA:17670	IAO:0000115	
WARN	missing_definition	EMAPA:17671	IAO:0000115	
WARN	missing_definition	EMAPA:17672	IAO:0000115	
WARN	missing_definition	EMAPA:17673	IAO:0000115	
WARN	missing_definition	EMAPA:17674	IAO:0000115	
WARN	missing_definition	EMAPA:17675	IAO:0000115	
WARN	missing_definition	EMAPA:17676	IAO:0000115	
WARN	missing_definition	EMAPA:17677	IAO:0000115	
WARN	missing_definition	EMAPA:17678	IAO:0000115	
WARN	missing_definition	EMAPA:17679	IAO:0000115	
WARN	missing_definition	EMAPA:17680	IAO:0000115	
WARN	missing_definition	EMAPA:17681	IAO:0000115	
WARN	missing_definition	EMAPA:17682	IAO:0000115	
WARN	missing_definition	EMAPA:17683	IAO:0000115	
WARN	missing_definition	EMAPA:17684	IAO:0000115	
WARN	missing_definition	EMAPA:17685	IAO:0000115	
WARN	missing_definition	EMAPA:17686	IAO:0000115	
WARN	missing_definition	EMAPA:17687	IAO:0000115	
WARN	missing_definition	EMAPA:17688	IAO:0000115	
WARN	missing_definition	EMAPA:17689	IAO:0000115	
WARN	missing_definition	EMAPA:17690	IAO:0000115	
WARN	missing_definition	EMAPA:17691	IAO:0000115	
WARN	missing_definition	EMAPA:17692	IAO:0000115	
WARN	missing_definition	EMAPA:17693	IAO:0000115	
WARN	missing_definition	EMAPA:17694	IAO:0000115	
WARN	missing_definition	EMAPA:17695	IAO:0000115	
WARN	missing_definition	EMAPA:17696	IAO:0000115	
WARN	missing_definition	EMAPA:17697	IAO:0000115	
WARN	missing_definition	EMAPA:17698	IAO:0000115	
WARN	missing_definition	EMAPA:17699	IAO:0000115	
WARN	missing_definition	EMAPA:17700	IAO:0000115	
WARN	missing_definition	EMAPA:17701	IAO:0000115	
WARN	missing_definition	EMAPA:17702	IAO:0000115	
WARN	missing_definition	EMAPA:17703	IAO:0000115	
WARN	missing_definition	EMAPA:17704	IAO:0000115	
WARN	missing_definition	EMAPA:17705	IAO:0000115	
WARN	missing_definition	EMAPA:17706	IAO:0000115	
WARN	missing_definition	EMAPA:17707	IAO:0000115	
WARN	missing_definition	EMAPA:17708	IAO:0000115	
WARN	missing_definition	EMAPA:17709	IAO:0000115	
WARN	missing_definition	EMAPA:17710	IAO:0000115	
WARN	missing_definition	EMAPA:17711	IAO:0000115	
WARN	missing_definition	EMAPA:17712	IAO:0000115	
WARN	missing_definition	EMAPA:17713	IAO:0000115	
WARN	missing_definition	EMAPA:17714	IAO:0000115	
WARN	missing_definition	EMAPA:17715	IAO:0000115	
WARN	missing_definition	EMAPA:17716	IAO:0000115	
WARN	missing_definition	EMAPA:17717	IAO:0000115	
WARN	missing_definition	EMAPA:17718	IAO:0000115	
WARN	missing_definition	EMAPA:17719	IAO:0000115	
WARN	missing_definition	EMAPA:17720	IAO:0000115	
WARN	missing_definition	EMAPA:17721	IAO:0000115	
WARN	missing_definition	EMAPA:17722	IAO:0000115	
WARN	missing_definition	EMAPA:17723	IAO:0000115	
WARN	missing_definition	EMAPA:17724	IAO:0000115	
WARN	missing_definition	EMAPA:17725	IAO:0000115	
WARN	missing_definition	EMAPA:17726	IAO:0000115	
WARN	missing_definition	EMAPA:17727	IAO:0000115	
WARN	missing_definition	EMAPA:17728	IAO:0000115	
WARN	missing_definition	EMAPA:17729	IAO:0000115	
WARN	missing_definition	EMAPA:17730	IAO:0000115	
WARN	missing_definition	EMAPA:17731	IAO:0000115	
WARN	missing_definition	EMAPA:17732	IAO:0000115	
WARN	missing_definition	EMAPA:17733	IAO:0000115	
WARN	missing_definition	EMAPA:17734	IAO:0000115	
WARN	missing_definition	EMAPA:17735	IAO:0000115	
WARN	missing_definition	EMAPA:17736	IAO:0000115	
WARN	missing_definition	EMAPA:17737	IAO:0000115	
WARN	missing_definition	EMAPA:17738	IAO:0000115	
WARN	missing_definition	EMAPA:17739	IAO:0000115	
WARN	missing_definition	EMAPA:17740	IAO:0000115	
WARN	missing_definition	EMAPA:17741	IAO:0000115	
WARN	missing_definition	EMAPA:17742	IAO:0000115	
WARN	missing_definition	EMAPA:17743	IAO:0000115	
WARN	missing_definition	EMAPA:17744	IAO:0000115	
WARN	missing_definition	EMAPA:17745	IAO:0000115	
WARN	missing_definition	EMAPA:17746	IAO:0000115	
WARN	missing_definition	EMAPA:17747	IAO:0000115	
WARN	missing_definition	EMAPA:17748	IAO:0000115	
WARN	missing_definition	EMAPA:17749	IAO:0000115	
WARN	missing_definition	EMAPA:17750	IAO:0000115	
WARN	missing_definition	EMAPA:17751	IAO:0000115	
WARN	missing_definition	EMAPA:17752	IAO:0000115	
WARN	missing_definition	EMAPA:17753	IAO:0000115	
WARN	missing_definition	EMAPA:17754	IAO:0000115	
WARN	missing_definition	EMAPA:17755	IAO:0000115	
WARN	missing_definition	EMAPA:17756	IAO:0000115	
WARN	missing_definition	EMAPA:17757	IAO:0000115	
WARN	missing_definition	EMAPA:17758	IAO:0000115	
WARN	missing_definition	EMAPA:17759	IAO:0000115	
WARN	missing_definition	EMAPA:17760	IAO:0000115	
WARN	missing_definition	EMAPA:17761	IAO:0000115	
WARN	missing_definition	EMAPA:17762	IAO:0000115	
WARN	missing_definition	EMAPA:17763	IAO:0000115	
WARN	missing_definition	EMAPA:17764	IAO:0000115	
WARN	missing_definition	EMAPA:17765	IAO:0000115	
WARN	missing_definition	EMAPA:17766	IAO:0000115	
WARN	missing_definition	EMAPA:17767	IAO:0000115	
WARN	missing_definition	EMAPA:17768	IAO:0000115	
WARN	missing_definition	EMAPA:17769	IAO:0000115	
WARN	missing_definition	EMAPA:17770	IAO:0000115	
WARN	missing_definition	EMAPA:17771	IAO:0000115	
WARN	missing_definition	EMAPA:17772	IAO:0000115	
WARN	missing_definition	EMAPA:17773	IAO:0000115	
WARN	missing_definition	EMAPA:17774	IAO:0000115	
WARN	missing_definition	EMAPA:17775	IAO:0000115	
WARN	missing_definition	EMAPA:17776	IAO:0000115	
WARN	missing_definition	EMAPA:17777	IAO:0000115	
WARN	missing_definition	EMAPA:17778	IAO:0000115	
WARN	missing_definition	EMAPA:17779	IAO:0000115	
WARN	missing_definition	EMAPA:17780	IAO:0000115	
WARN	missing_definition	EMAPA:17781	IAO:0000115	
WARN	missing_definition	EMAPA:17782	IAO:0000115	
WARN	missing_definition	EMAPA:17783	IAO:0000115	
WARN	missing_definition	EMAPA:17784	IAO:0000115	
WARN	missing_definition	EMAPA:17785	IAO:0000115	
WARN	missing_definition	EMAPA:17786	IAO:0000115	
WARN	missing_definition	EMAPA:17787	IAO:0000115	
WARN	missing_definition	EMAPA:17788	IAO:0000115	
WARN	missing_definition	EMAPA:17789	IAO:0000115	
WARN	missing_definition	EMAPA:17790	IAO:0000115	
WARN	missing_definition	EMAPA:17791	IAO:0000115	
WARN	missing_definition	EMAPA:17792	IAO:0000115	
WARN	missing_definition	EMAPA:17793	IAO:0000115	
WARN	missing_definition	EMAPA:17794	IAO:0000115	
WARN	missing_definition	EMAPA:17795	IAO:0000115	
WARN	missing_definition	EMAPA:17796	IAO:0000115	
WARN	missing_definition	EMAPA:17797	IAO:0000115	
WARN	missing_definition	EMAPA:17798	IAO:0000115	
WARN	missing_definition	EMAPA:17799	IAO:0000115	
WARN	missing_definition	EMAPA:17800	IAO:0000115	
WARN	missing_definition	EMAPA:17801	IAO:0000115	
WARN	missing_definition	EMAPA:17802	IAO:0000115	
WARN	missing_definition	EMAPA:17803	IAO:0000115	
WARN	missing_definition	EMAPA:17804	IAO:0000115	
WARN	missing_definition	EMAPA:17805	IAO:0000115	
WARN	missing_definition	EMAPA:17806	IAO:0000115	
WARN	missing_definition	EMAPA:17807	IAO:0000115	
WARN	missing_definition	EMAPA:17813	IAO:0000115	
WARN	missing_definition	EMAPA:17815	IAO:0000115	
WARN	missing_definition	EMAPA:17816	IAO:0000115	
WARN	missing_definition	EMAPA:17817	IAO:0000115	
WARN	missing_definition	EMAPA:17818	IAO:0000115	
WARN	missing_definition	EMAPA:17819	IAO:0000115	
WARN	missing_definition	EMAPA:17820	IAO:0000115	
WARN	missing_definition	EMAPA:17821	IAO:0000115	
WARN	missing_definition	EMAPA:17822	IAO:0000115	
WARN	missing_definition	EMAPA:17823	IAO:0000115	
WARN	missing_definition	EMAPA:17824	IAO:0000115	
WARN	missing_definition	EMAPA:17825	IAO:0000115	
WARN	missing_definition	EMAPA:17826	IAO:0000115	
WARN	missing_definition	EMAPA:17827	IAO:0000115	
WARN	missing_definition	EMAPA:17828	IAO:0000115	
WARN	missing_definition	EMAPA:17829	IAO:0000115	
WARN	missing_definition	EMAPA:17830	IAO:0000115	
WARN	missing_definition	EMAPA:17831	IAO:0000115	
WARN	missing_definition	EMAPA:17832	IAO:0000115	
WARN	missing_definition	EMAPA:17833	IAO:0000115	
WARN	missing_definition	EMAPA:17834	IAO:0000115	
WARN	missing_definition	EMAPA:17835	IAO:0000115	
WARN	missing_definition	EMAPA:17836	IAO:0000115	
WARN	missing_definition	EMAPA:17837	IAO:0000115	
WARN	missing_definition	EMAPA:17838	IAO:0000115	
WARN	missing_definition	EMAPA:17839	IAO:0000115	
WARN	missing_definition	EMAPA:17840	IAO:0000115	
WARN	missing_definition	EMAPA:17841	IAO:0000115	
WARN	missing_definition	EMAPA:17842	IAO:0000115	
WARN	missing_definition	EMAPA:17843	IAO:0000115	
WARN	missing_definition	EMAPA:17844	IAO:0000115	
WARN	missing_definition	EMAPA:17845	IAO:0000115	
WARN	missing_definition	EMAPA:17847	IAO:0000115	
WARN	missing_definition	EMAPA:17848	IAO:0000115	
WARN	missing_definition	EMAPA:17849	IAO:0000115	
WARN	missing_definition	EMAPA:17850	IAO:0000115	
WARN	missing_definition	EMAPA:17851	IAO:0000115	
WARN	missing_definition	EMAPA:17852	IAO:0000115	
WARN	missing_definition	EMAPA:17853	IAO:0000115	
WARN	missing_definition	EMAPA:17854	IAO:0000115	
WARN	missing_definition	EMAPA:17855	IAO:0000115	
WARN	missing_definition	EMAPA:17856	IAO:0000115	
WARN	missing_definition	EMAPA:17857	IAO:0000115	
WARN	missing_definition	EMAPA:17858	IAO:0000115	
WARN	missing_definition	EMAPA:17859	IAO:0000115	
WARN	missing_definition	EMAPA:17860	IAO:0000115	
WARN	missing_definition	EMAPA:17861	IAO:0000115	
WARN	missing_definition	EMAPA:17863	IAO:0000115	
WARN	missing_definition	EMAPA:17864	IAO:0000115	
WARN	missing_definition	EMAPA:17865	IAO:0000115	
WARN	missing_definition	EMAPA:17866	IAO:0000115	
WARN	missing_definition	EMAPA:17868	IAO:0000115	
WARN	missing_definition	EMAPA:17869	IAO:0000115	
WARN	missing_definition	EMAPA:17870	IAO:0000115	
WARN	missing_definition	EMAPA:17871	IAO:0000115	
WARN	missing_definition	EMAPA:17872	IAO:0000115	
WARN	missing_definition	EMAPA:17873	IAO:0000115	
WARN	missing_definition	EMAPA:17874	IAO:0000115	
WARN	missing_definition	EMAPA:17875	IAO:0000115	
WARN	missing_definition	EMAPA:17876	IAO:0000115	
WARN	missing_definition	EMAPA:17881	IAO:0000115	
WARN	missing_definition	EMAPA:17882	IAO:0000115	
WARN	missing_definition	EMAPA:17883	IAO:0000115	
WARN	missing_definition	EMAPA:17884	IAO:0000115	
WARN	missing_definition	EMAPA:17886	IAO:0000115	
WARN	missing_definition	EMAPA:17887	IAO:0000115	
WARN	missing_definition	EMAPA:17888	IAO:0000115	
WARN	missing_definition	EMAPA:17889	IAO:0000115	
WARN	missing_definition	EMAPA:17890	IAO:0000115	
WARN	missing_definition	EMAPA:17891	IAO:0000115	
WARN	missing_definition	EMAPA:17892	IAO:0000115	
WARN	missing_definition	EMAPA:17893	IAO:0000115	
WARN	missing_definition	EMAPA:17894	IAO:0000115	
WARN	missing_definition	EMAPA:17895	IAO:0000115	
WARN	missing_definition	EMAPA:17896	IAO:0000115	
WARN	missing_definition	EMAPA:17897	IAO:0000115	
WARN	missing_definition	EMAPA:17898	IAO:0000115	
WARN	missing_definition	EMAPA:17899	IAO:0000115	
WARN	missing_definition	EMAPA:17906	IAO:0000115	
WARN	missing_definition	EMAPA:17909	IAO:0000115	
WARN	missing_definition	EMAPA:17910	IAO:0000115	
WARN	missing_definition	EMAPA:17912	IAO:0000115	
WARN	missing_definition	EMAPA:17916	IAO:0000115	
WARN	missing_definition	EMAPA:17917	IAO:0000115	
WARN	missing_definition	EMAPA:17918	IAO:0000115	
WARN	missing_definition	EMAPA:17919	IAO:0000115	
WARN	missing_definition	EMAPA:17920	IAO:0000115	
WARN	missing_definition	EMAPA:17921	IAO:0000115	
WARN	missing_definition	EMAPA:17922	IAO:0000115	
WARN	missing_definition	EMAPA:17923	IAO:0000115	
WARN	missing_definition	EMAPA:17924	IAO:0000115	
WARN	missing_definition	EMAPA:17925	IAO:0000115	
WARN	missing_definition	EMAPA:17926	IAO:0000115	
WARN	missing_definition	EMAPA:17927	IAO:0000115	
WARN	missing_definition	EMAPA:17929	IAO:0000115	
WARN	missing_definition	EMAPA:17937	IAO:0000115	
WARN	missing_definition	EMAPA:17938	IAO:0000115	
WARN	missing_definition	EMAPA:17939	IAO:0000115	
WARN	missing_definition	EMAPA:17940	IAO:0000115	
WARN	missing_definition	EMAPA:17941	IAO:0000115	
WARN	missing_definition	EMAPA:17942	IAO:0000115	
WARN	missing_definition	EMAPA:17943	IAO:0000115	
WARN	missing_definition	EMAPA:17944	IAO:0000115	
WARN	missing_definition	EMAPA:17945	IAO:0000115	
WARN	missing_definition	EMAPA:17948	IAO:0000115	
WARN	missing_definition	EMAPA:17950	IAO:0000115	
WARN	missing_definition	EMAPA:17952	IAO:0000115	
WARN	missing_definition	EMAPA:17953	IAO:0000115	
WARN	missing_definition	EMAPA:17954	IAO:0000115	
WARN	missing_definition	EMAPA:17959	IAO:0000115	
WARN	missing_definition	EMAPA:17961	IAO:0000115	
WARN	missing_definition	EMAPA:17962	IAO:0000115	
WARN	missing_definition	EMAPA:17963	IAO:0000115	
WARN	missing_definition	EMAPA:17965	IAO:0000115	
WARN	missing_definition	EMAPA:17966	IAO:0000115	
WARN	missing_definition	EMAPA:17968	IAO:0000115	
WARN	missing_definition	EMAPA:17970	IAO:0000115	
WARN	missing_definition	EMAPA:17971	IAO:0000115	
WARN	missing_definition	EMAPA:17972	IAO:0000115	
WARN	missing_definition	EMAPA:17973	IAO:0000115	
WARN	missing_definition	EMAPA:17975	IAO:0000115	
WARN	missing_definition	EMAPA:17980	IAO:0000115	
WARN	missing_definition	EMAPA:17981	IAO:0000115	
WARN	missing_definition	EMAPA:17982	IAO:0000115	
WARN	missing_definition	EMAPA:17983	IAO:0000115	
WARN	missing_definition	EMAPA:17984	IAO:0000115	
WARN	missing_definition	EMAPA:17985	IAO:0000115	
WARN	missing_definition	EMAPA:17986	IAO:0000115	
WARN	missing_definition	EMAPA:17987	IAO:0000115	
WARN	missing_definition	EMAPA:17988	IAO:0000115	
WARN	missing_definition	EMAPA:17989	IAO:0000115	
WARN	missing_definition	EMAPA:17990	IAO:0000115	
WARN	missing_definition	EMAPA:17991	IAO:0000115	
WARN	missing_definition	EMAPA:17992	IAO:0000115	
WARN	missing_definition	EMAPA:17993	IAO:0000115	
WARN	missing_definition	EMAPA:17994	IAO:0000115	
WARN	missing_definition	EMAPA:17995	IAO:0000115	
WARN	missing_definition	EMAPA:17996	IAO:0000115	
WARN	missing_definition	EMAPA:17997	IAO:0000115	
WARN	missing_definition	EMAPA:17998	IAO:0000115	
WARN	missing_definition	EMAPA:17999	IAO:0000115	
WARN	missing_definition	EMAPA:18000	IAO:0000115	
WARN	missing_definition	EMAPA:18001	IAO:0000115	
WARN	missing_definition	EMAPA:18007	IAO:0000115	
WARN	missing_definition	EMAPA:18008	IAO:0000115	
WARN	missing_definition	EMAPA:18009	IAO:0000115	
WARN	missing_definition	EMAPA:18010	IAO:0000115	
WARN	missing_definition	EMAPA:18011	IAO:0000115	
WARN	missing_definition	EMAPA:18012	IAO:0000115	
WARN	missing_definition	EMAPA:18013	IAO:0000115	
WARN	missing_definition	EMAPA:18014	IAO:0000115	
WARN	missing_definition	EMAPA:18015	IAO:0000115	
WARN	missing_definition	EMAPA:18016	IAO:0000115	
WARN	missing_definition	EMAPA:18017	IAO:0000115	
WARN	missing_definition	EMAPA:18018	IAO:0000115	
WARN	missing_definition	EMAPA:18019	IAO:0000115	
WARN	missing_definition	EMAPA:18021	IAO:0000115	
WARN	missing_definition	EMAPA:18022	IAO:0000115	
WARN	missing_definition	EMAPA:18023	IAO:0000115	
WARN	missing_definition	EMAPA:18024	IAO:0000115	
WARN	missing_definition	EMAPA:18025	IAO:0000115	
WARN	missing_definition	EMAPA:18026	IAO:0000115	
WARN	missing_definition	EMAPA:18027	IAO:0000115	
WARN	missing_definition	EMAPA:18028	IAO:0000115	
WARN	missing_definition	EMAPA:18029	IAO:0000115	
WARN	missing_definition	EMAPA:18030	IAO:0000115	
WARN	missing_definition	EMAPA:18031	IAO:0000115	
WARN	missing_definition	EMAPA:18032	IAO:0000115	
WARN	missing_definition	EMAPA:18033	IAO:0000115	
WARN	missing_definition	EMAPA:18034	IAO:0000115	
WARN	missing_definition	EMAPA:18035	IAO:0000115	
WARN	missing_definition	EMAPA:18036	IAO:0000115	
WARN	missing_definition	EMAPA:18037	IAO:0000115	
WARN	missing_definition	EMAPA:18038	IAO:0000115	
WARN	missing_definition	EMAPA:18039	IAO:0000115	
WARN	missing_definition	EMAPA:18040	IAO:0000115	
WARN	missing_definition	EMAPA:18041	IAO:0000115	
WARN	missing_definition	EMAPA:18042	IAO:0000115	
WARN	missing_definition	EMAPA:18043	IAO:0000115	
WARN	missing_definition	EMAPA:18044	IAO:0000115	
WARN	missing_definition	EMAPA:18045	IAO:0000115	
WARN	missing_definition	EMAPA:18046	IAO:0000115	
WARN	missing_definition	EMAPA:18047	IAO:0000115	
WARN	missing_definition	EMAPA:18048	IAO:0000115	
WARN	missing_definition	EMAPA:18049	IAO:0000115	
WARN	missing_definition	EMAPA:18050	IAO:0000115	
WARN	missing_definition	EMAPA:18051	IAO:0000115	
WARN	missing_definition	EMAPA:18052	IAO:0000115	
WARN	missing_definition	EMAPA:18053	IAO:0000115	
WARN	missing_definition	EMAPA:18054	IAO:0000115	
WARN	missing_definition	EMAPA:18055	IAO:0000115	
WARN	missing_definition	EMAPA:18056	IAO:0000115	
WARN	missing_definition	EMAPA:18057	IAO:0000115	
WARN	missing_definition	EMAPA:18058	IAO:0000115	
WARN	missing_definition	EMAPA:18059	IAO:0000115	
WARN	missing_definition	EMAPA:18060	IAO:0000115	
WARN	missing_definition	EMAPA:18061	IAO:0000115	
WARN	missing_definition	EMAPA:18062	IAO:0000115	
WARN	missing_definition	EMAPA:18063	IAO:0000115	
WARN	missing_definition	EMAPA:18064	IAO:0000115	
WARN	missing_definition	EMAPA:18065	IAO:0000115	
WARN	missing_definition	EMAPA:18066	IAO:0000115	
WARN	missing_definition	EMAPA:18067	IAO:0000115	
WARN	missing_definition	EMAPA:18068	IAO:0000115	
WARN	missing_definition	EMAPA:18069	IAO:0000115	
WARN	missing_definition	EMAPA:18070	IAO:0000115	
WARN	missing_definition	EMAPA:18071	IAO:0000115	
WARN	missing_definition	EMAPA:18072	IAO:0000115	
WARN	missing_definition	EMAPA:18073	IAO:0000115	
WARN	missing_definition	EMAPA:18074	IAO:0000115	
WARN	missing_definition	EMAPA:18075	IAO:0000115	
WARN	missing_definition	EMAPA:18076	IAO:0000115	
WARN	missing_definition	EMAPA:18077	IAO:0000115	
WARN	missing_definition	EMAPA:18078	IAO:0000115	
WARN	missing_definition	EMAPA:18079	IAO:0000115	
WARN	missing_definition	EMAPA:18080	IAO:0000115	
WARN	missing_definition	EMAPA:18081	IAO:0000115	
WARN	missing_definition	EMAPA:18082	IAO:0000115	
WARN	missing_definition	EMAPA:18083	IAO:0000115	
WARN	missing_definition	EMAPA:18084	IAO:0000115	
WARN	missing_definition	EMAPA:18085	IAO:0000115	
WARN	missing_definition	EMAPA:18086	IAO:0000115	
WARN	missing_definition	EMAPA:18087	IAO:0000115	
WARN	missing_definition	EMAPA:18088	IAO:0000115	
WARN	missing_definition	EMAPA:18089	IAO:0000115	
WARN	missing_definition	EMAPA:18090	IAO:0000115	
WARN	missing_definition	EMAPA:18091	IAO:0000115	
WARN	missing_definition	EMAPA:18092	IAO:0000115	
WARN	missing_definition	EMAPA:18093	IAO:0000115	
WARN	missing_definition	EMAPA:18094	IAO:0000115	
WARN	missing_definition	EMAPA:18095	IAO:0000115	
WARN	missing_definition	EMAPA:18096	IAO:0000115	
WARN	missing_definition	EMAPA:18097	IAO:0000115	
WARN	missing_definition	EMAPA:18098	IAO:0000115	
WARN	missing_definition	EMAPA:18099	IAO:0000115	
WARN	missing_definition	EMAPA:18100	IAO:0000115	
WARN	missing_definition	EMAPA:18101	IAO:0000115	
WARN	missing_definition	EMAPA:18102	IAO:0000115	
WARN	missing_definition	EMAPA:18103	IAO:0000115	
WARN	missing_definition	EMAPA:18104	IAO:0000115	
WARN	missing_definition	EMAPA:18105	IAO:0000115	
WARN	missing_definition	EMAPA:18106	IAO:0000115	
WARN	missing_definition	EMAPA:18107	IAO:0000115	
WARN	missing_definition	EMAPA:18108	IAO:0000115	
WARN	missing_definition	EMAPA:18109	IAO:0000115	
WARN	missing_definition	EMAPA:18110	IAO:0000115	
WARN	missing_definition	EMAPA:18111	IAO:0000115	
WARN	missing_definition	EMAPA:18112	IAO:0000115	
WARN	missing_definition	EMAPA:18113	IAO:0000115	
WARN	missing_definition	EMAPA:18114	IAO:0000115	
WARN	missing_definition	EMAPA:18115	IAO:0000115	
WARN	missing_definition	EMAPA:18116	IAO:0000115	
WARN	missing_definition	EMAPA:18117	IAO:0000115	
WARN	missing_definition	EMAPA:18118	IAO:0000115	
WARN	missing_definition	EMAPA:18119	IAO:0000115	
WARN	missing_definition	EMAPA:18120	IAO:0000115	
WARN	missing_definition	EMAPA:18121	IAO:0000115	
WARN	missing_definition	EMAPA:18122	IAO:0000115	
WARN	missing_definition	EMAPA:18123	IAO:0000115	
WARN	missing_definition	EMAPA:18124	IAO:0000115	
WARN	missing_definition	EMAPA:18125	IAO:0000115	
WARN	missing_definition	EMAPA:18126	IAO:0000115	
WARN	missing_definition	EMAPA:18127	IAO:0000115	
WARN	missing_definition	EMAPA:18128	IAO:0000115	
WARN	missing_definition	EMAPA:18129	IAO:0000115	
WARN	missing_definition	EMAPA:18130	IAO:0000115	
WARN	missing_definition	EMAPA:18131	IAO:0000115	
WARN	missing_definition	EMAPA:18132	IAO:0000115	
WARN	missing_definition	EMAPA:18133	IAO:0000115	
WARN	missing_definition	EMAPA:18134	IAO:0000115	
WARN	missing_definition	EMAPA:18135	IAO:0000115	
WARN	missing_definition	EMAPA:18136	IAO:0000115	
WARN	missing_definition	EMAPA:18137	IAO:0000115	
WARN	missing_definition	EMAPA:18138	IAO:0000115	
WARN	missing_definition	EMAPA:18139	IAO:0000115	
WARN	missing_definition	EMAPA:18140	IAO:0000115	
WARN	missing_definition	EMAPA:18141	IAO:0000115	
WARN	missing_definition	EMAPA:18142	IAO:0000115	
WARN	missing_definition	EMAPA:18143	IAO:0000115	
WARN	missing_definition	EMAPA:18144	IAO:0000115	
WARN	missing_definition	EMAPA:18145	IAO:0000115	
WARN	missing_definition	EMAPA:18146	IAO:0000115	
WARN	missing_definition	EMAPA:18147	IAO:0000115	
WARN	missing_definition	EMAPA:18148	IAO:0000115	
WARN	missing_definition	EMAPA:18149	IAO:0000115	
WARN	missing_definition	EMAPA:18150	IAO:0000115	
WARN	missing_definition	EMAPA:18151	IAO:0000115	
WARN	missing_definition	EMAPA:18152	IAO:0000115	
WARN	missing_definition	EMAPA:18153	IAO:0000115	
WARN	missing_definition	EMAPA:18154	IAO:0000115	
WARN	missing_definition	EMAPA:18155	IAO:0000115	
WARN	missing_definition	EMAPA:18156	IAO:0000115	
WARN	missing_definition	EMAPA:18157	IAO:0000115	
WARN	missing_definition	EMAPA:18158	IAO:0000115	
WARN	missing_definition	EMAPA:18159	IAO:0000115	
WARN	missing_definition	EMAPA:18160	IAO:0000115	
WARN	missing_definition	EMAPA:18161	IAO:0000115	
WARN	missing_definition	EMAPA:18162	IAO:0000115	
WARN	missing_definition	EMAPA:18163	IAO:0000115	
WARN	missing_definition	EMAPA:18164	IAO:0000115	
WARN	missing_definition	EMAPA:18165	IAO:0000115	
WARN	missing_definition	EMAPA:18166	IAO:0000115	
WARN	missing_definition	EMAPA:18167	IAO:0000115	
WARN	missing_definition	EMAPA:18168	IAO:0000115	
WARN	missing_definition	EMAPA:18169	IAO:0000115	
WARN	missing_definition	EMAPA:18170	IAO:0000115	
WARN	missing_definition	EMAPA:18171	IAO:0000115	
WARN	missing_definition	EMAPA:18172	IAO:0000115	
WARN	missing_definition	EMAPA:18177	IAO:0000115	
WARN	missing_definition	EMAPA:18178	IAO:0000115	
WARN	missing_definition	EMAPA:18179	IAO:0000115	
WARN	missing_definition	EMAPA:18180	IAO:0000115	
WARN	missing_definition	EMAPA:18181	IAO:0000115	
WARN	missing_definition	EMAPA:18182	IAO:0000115	
WARN	missing_definition	EMAPA:18183	IAO:0000115	
WARN	missing_definition	EMAPA:18184	IAO:0000115	
WARN	missing_definition	EMAPA:18185	IAO:0000115	
WARN	missing_definition	EMAPA:18186	IAO:0000115	
WARN	missing_definition	EMAPA:18187	IAO:0000115	
WARN	missing_definition	EMAPA:18188	IAO:0000115	
WARN	missing_definition	EMAPA:18189	IAO:0000115	
WARN	missing_definition	EMAPA:18190	IAO:0000115	
WARN	missing_definition	EMAPA:18195	IAO:0000115	
WARN	missing_definition	EMAPA:18196	IAO:0000115	
WARN	missing_definition	EMAPA:18197	IAO:0000115	
WARN	missing_definition	EMAPA:18198	IAO:0000115	
WARN	missing_definition	EMAPA:18206	IAO:0000115	
WARN	missing_definition	EMAPA:18207	IAO:0000115	
WARN	missing_definition	EMAPA:18208	IAO:0000115	
WARN	missing_definition	EMAPA:18210	IAO:0000115	
WARN	missing_definition	EMAPA:18211	IAO:0000115	
WARN	missing_definition	EMAPA:18212	IAO:0000115	
WARN	missing_definition	EMAPA:18215	IAO:0000115	
WARN	missing_definition	EMAPA:18216	IAO:0000115	
WARN	missing_definition	EMAPA:18217	IAO:0000115	
WARN	missing_definition	EMAPA:18218	IAO:0000115	
WARN	missing_definition	EMAPA:18219	IAO:0000115	
WARN	missing_definition	EMAPA:18220	IAO:0000115	
WARN	missing_definition	EMAPA:18221	IAO:0000115	
WARN	missing_definition	EMAPA:18222	IAO:0000115	
WARN	missing_definition	EMAPA:18223	IAO:0000115	
WARN	missing_definition	EMAPA:18224	IAO:0000115	
WARN	missing_definition	EMAPA:18225	IAO:0000115	
WARN	missing_definition	EMAPA:18226	IAO:0000115	
WARN	missing_definition	EMAPA:18227	IAO:0000115	
WARN	missing_definition	EMAPA:18228	IAO:0000115	
WARN	missing_definition	EMAPA:18229	IAO:0000115	
WARN	missing_definition	EMAPA:18230	IAO:0000115	
WARN	missing_definition	EMAPA:18231	IAO:0000115	
WARN	missing_definition	EMAPA:18232	IAO:0000115	
WARN	missing_definition	EMAPA:18233	IAO:0000115	
WARN	missing_definition	EMAPA:18234	IAO:0000115	
WARN	missing_definition	EMAPA:18235	IAO:0000115	
WARN	missing_definition	EMAPA:18236	IAO:0000115	
WARN	missing_definition	EMAPA:18237	IAO:0000115	
WARN	missing_definition	EMAPA:18238	IAO:0000115	
WARN	missing_definition	EMAPA:18239	IAO:0000115	
WARN	missing_definition	EMAPA:18241	IAO:0000115	
WARN	missing_definition	EMAPA:18242	IAO:0000115	
WARN	missing_definition	EMAPA:18243	IAO:0000115	
WARN	missing_definition	EMAPA:18244	IAO:0000115	
WARN	missing_definition	EMAPA:18246	IAO:0000115	
WARN	missing_definition	EMAPA:18247	IAO:0000115	
WARN	missing_definition	EMAPA:18248	IAO:0000115	
WARN	missing_definition	EMAPA:18249	IAO:0000115	
WARN	missing_definition	EMAPA:18250	IAO:0000115	
WARN	missing_definition	EMAPA:18251	IAO:0000115	
WARN	missing_definition	EMAPA:18252	IAO:0000115	
WARN	missing_definition	EMAPA:18253	IAO:0000115	
WARN	missing_definition	EMAPA:18254	IAO:0000115	
WARN	missing_definition	EMAPA:18255	IAO:0000115	
WARN	missing_definition	EMAPA:18256	IAO:0000115	
WARN	missing_definition	EMAPA:18257	IAO:0000115	
WARN	missing_definition	EMAPA:18258	IAO:0000115	
WARN	missing_definition	EMAPA:18259	IAO:0000115	
WARN	missing_definition	EMAPA:18260	IAO:0000115	
WARN	missing_definition	EMAPA:18261	IAO:0000115	
WARN	missing_definition	EMAPA:18262	IAO:0000115	
WARN	missing_definition	EMAPA:18263	IAO:0000115	
WARN	missing_definition	EMAPA:18264	IAO:0000115	
WARN	missing_definition	EMAPA:18265	IAO:0000115	
WARN	missing_definition	EMAPA:18266	IAO:0000115	
WARN	missing_definition	EMAPA:18267	IAO:0000115	
WARN	missing_definition	EMAPA:18268	IAO:0000115	
WARN	missing_definition	EMAPA:18269	IAO:0000115	
WARN	missing_definition	EMAPA:18270	IAO:0000115	
WARN	missing_definition	EMAPA:18271	IAO:0000115	
WARN	missing_definition	EMAPA:18272	IAO:0000115	
WARN	missing_definition	EMAPA:18273	IAO:0000115	
WARN	missing_definition	EMAPA:18274	IAO:0000115	
WARN	missing_definition	EMAPA:18275	IAO:0000115	
WARN	missing_definition	EMAPA:18276	IAO:0000115	
WARN	missing_definition	EMAPA:18277	IAO:0000115	
WARN	missing_definition	EMAPA:18278	IAO:0000115	
WARN	missing_definition	EMAPA:18279	IAO:0000115	
WARN	missing_definition	EMAPA:18280	IAO:0000115	
WARN	missing_definition	EMAPA:18281	IAO:0000115	
WARN	missing_definition	EMAPA:18282	IAO:0000115	
WARN	missing_definition	EMAPA:18284	IAO:0000115	
WARN	missing_definition	EMAPA:18285	IAO:0000115	
WARN	missing_definition	EMAPA:18286	IAO:0000115	
WARN	missing_definition	EMAPA:18288	IAO:0000115	
WARN	missing_definition	EMAPA:18289	IAO:0000115	
WARN	missing_definition	EMAPA:18290	IAO:0000115	
WARN	missing_definition	EMAPA:18291	IAO:0000115	
WARN	missing_definition	EMAPA:18292	IAO:0000115	
WARN	missing_definition	EMAPA:18293	IAO:0000115	
WARN	missing_definition	EMAPA:18294	IAO:0000115	
WARN	missing_definition	EMAPA:18295	IAO:0000115	
WARN	missing_definition	EMAPA:18296	IAO:0000115	
WARN	missing_definition	EMAPA:18297	IAO:0000115	
WARN	missing_definition	EMAPA:18298	IAO:0000115	
WARN	missing_definition	EMAPA:18299	IAO:0000115	
WARN	missing_definition	EMAPA:18300	IAO:0000115	
WARN	missing_definition	EMAPA:18301	IAO:0000115	
WARN	missing_definition	EMAPA:18302	IAO:0000115	
WARN	missing_definition	EMAPA:18303	IAO:0000115	
WARN	missing_definition	EMAPA:18304	IAO:0000115	
WARN	missing_definition	EMAPA:18305	IAO:0000115	
WARN	missing_definition	EMAPA:18306	IAO:0000115	
WARN	missing_definition	EMAPA:18307	IAO:0000115	
WARN	missing_definition	EMAPA:18308	IAO:0000115	
WARN	missing_definition	EMAPA:18309	IAO:0000115	
WARN	missing_definition	EMAPA:18310	IAO:0000115	
WARN	missing_definition	EMAPA:18311	IAO:0000115	
WARN	missing_definition	EMAPA:18312	IAO:0000115	
WARN	missing_definition	EMAPA:18313	IAO:0000115	
WARN	missing_definition	EMAPA:18314	IAO:0000115	
WARN	missing_definition	EMAPA:18315	IAO:0000115	
WARN	missing_definition	EMAPA:18316	IAO:0000115	
WARN	missing_definition	EMAPA:18317	IAO:0000115	
WARN	missing_definition	EMAPA:18318	IAO:0000115	
WARN	missing_definition	EMAPA:18319	IAO:0000115	
WARN	missing_definition	EMAPA:18320	IAO:0000115	
WARN	missing_definition	EMAPA:18323	IAO:0000115	
WARN	missing_definition	EMAPA:18326	IAO:0000115	
WARN	missing_definition	EMAPA:18328	IAO:0000115	
WARN	missing_definition	EMAPA:18331	IAO:0000115	
WARN	missing_definition	EMAPA:18332	IAO:0000115	
WARN	missing_definition	EMAPA:18333	IAO:0000115	
WARN	missing_definition	EMAPA:18334	IAO:0000115	
WARN	missing_definition	EMAPA:18336	IAO:0000115	
WARN	missing_definition	EMAPA:18337	IAO:0000115	
WARN	missing_definition	EMAPA:18338	IAO:0000115	
WARN	missing_definition	EMAPA:18339	IAO:0000115	
WARN	missing_definition	EMAPA:18340	IAO:0000115	
WARN	missing_definition	EMAPA:18341	IAO:0000115	
WARN	missing_definition	EMAPA:18342	IAO:0000115	
WARN	missing_definition	EMAPA:18343	IAO:0000115	
WARN	missing_definition	EMAPA:18344	IAO:0000115	
WARN	missing_definition	EMAPA:18345	IAO:0000115	
WARN	missing_definition	EMAPA:18346	IAO:0000115	
WARN	missing_definition	EMAPA:18347	IAO:0000115	
WARN	missing_definition	EMAPA:18348	IAO:0000115	
WARN	missing_definition	EMAPA:18349	IAO:0000115	
WARN	missing_definition	EMAPA:18350	IAO:0000115	
WARN	missing_definition	EMAPA:18351	IAO:0000115	
WARN	missing_definition	EMAPA:18352	IAO:0000115	
WARN	missing_definition	EMAPA:18353	IAO:0000115	
WARN	missing_definition	EMAPA:18354	IAO:0000115	
WARN	missing_definition	EMAPA:18355	IAO:0000115	
WARN	missing_definition	EMAPA:18356	IAO:0000115	
WARN	missing_definition	EMAPA:18357	IAO:0000115	
WARN	missing_definition	EMAPA:18358	IAO:0000115	
WARN	missing_definition	EMAPA:18359	IAO:0000115	
WARN	missing_definition	EMAPA:18360	IAO:0000115	
WARN	missing_definition	EMAPA:18361	IAO:0000115	
WARN	missing_definition	EMAPA:18362	IAO:0000115	
WARN	missing_definition	EMAPA:18363	IAO:0000115	
WARN	missing_definition	EMAPA:18364	IAO:0000115	
WARN	missing_definition	EMAPA:18365	IAO:0000115	
WARN	missing_definition	EMAPA:18366	IAO:0000115	
WARN	missing_definition	EMAPA:18367	IAO:0000115	
WARN	missing_definition	EMAPA:18368	IAO:0000115	
WARN	missing_definition	EMAPA:18369	IAO:0000115	
WARN	missing_definition	EMAPA:18370	IAO:0000115	
WARN	missing_definition	EMAPA:18371	IAO:0000115	
WARN	missing_definition	EMAPA:18372	IAO:0000115	
WARN	missing_definition	EMAPA:18374	IAO:0000115	
WARN	missing_definition	EMAPA:18375	IAO:0000115	
WARN	missing_definition	EMAPA:18376	IAO:0000115	
WARN	missing_definition	EMAPA:18377	IAO:0000115	
WARN	missing_definition	EMAPA:18378	IAO:0000115	
WARN	missing_definition	EMAPA:18379	IAO:0000115	
WARN	missing_definition	EMAPA:18380	IAO:0000115	
WARN	missing_definition	EMAPA:18381	IAO:0000115	
WARN	missing_definition	EMAPA:18382	IAO:0000115	
WARN	missing_definition	EMAPA:18383	IAO:0000115	
WARN	missing_definition	EMAPA:18384	IAO:0000115	
WARN	missing_definition	EMAPA:18385	IAO:0000115	
WARN	missing_definition	EMAPA:18386	IAO:0000115	
WARN	missing_definition	EMAPA:18387	IAO:0000115	
WARN	missing_definition	EMAPA:18388	IAO:0000115	
WARN	missing_definition	EMAPA:18390	IAO:0000115	
WARN	missing_definition	EMAPA:18391	IAO:0000115	
WARN	missing_definition	EMAPA:18393	IAO:0000115	
WARN	missing_definition	EMAPA:18394	IAO:0000115	
WARN	missing_definition	EMAPA:18395	IAO:0000115	
WARN	missing_definition	EMAPA:18396	IAO:0000115	
WARN	missing_definition	EMAPA:18397	IAO:0000115	
WARN	missing_definition	EMAPA:18398	IAO:0000115	
WARN	missing_definition	EMAPA:18399	IAO:0000115	
WARN	missing_definition	EMAPA:18400	IAO:0000115	
WARN	missing_definition	EMAPA:18401	IAO:0000115	
WARN	missing_definition	EMAPA:18402	IAO:0000115	
WARN	missing_definition	EMAPA:18403	IAO:0000115	
WARN	missing_definition	EMAPA:18404	IAO:0000115	
WARN	missing_definition	EMAPA:18405	IAO:0000115	
WARN	missing_definition	EMAPA:18406	IAO:0000115	
WARN	missing_definition	EMAPA:18407	IAO:0000115	
WARN	missing_definition	EMAPA:18408	IAO:0000115	
WARN	missing_definition	EMAPA:18409	IAO:0000115	
WARN	missing_definition	EMAPA:18410	IAO:0000115	
WARN	missing_definition	EMAPA:18414	IAO:0000115	
WARN	missing_definition	EMAPA:18415	IAO:0000115	
WARN	missing_definition	EMAPA:18416	IAO:0000115	
WARN	missing_definition	EMAPA:18417	IAO:0000115	
WARN	missing_definition	EMAPA:18418	IAO:0000115	
WARN	missing_definition	EMAPA:18419	IAO:0000115	
WARN	missing_definition	EMAPA:18420	IAO:0000115	
WARN	missing_definition	EMAPA:18422	IAO:0000115	
WARN	missing_definition	EMAPA:18423	IAO:0000115	
WARN	missing_definition	EMAPA:18424	IAO:0000115	
WARN	missing_definition	EMAPA:18425	IAO:0000115	
WARN	missing_definition	EMAPA:18426	IAO:0000115	
WARN	missing_definition	EMAPA:18427	IAO:0000115	
WARN	missing_definition	EMAPA:18428	IAO:0000115	
WARN	missing_definition	EMAPA:18429	IAO:0000115	
WARN	missing_definition	EMAPA:18430	IAO:0000115	
WARN	missing_definition	EMAPA:18431	IAO:0000115	
WARN	missing_definition	EMAPA:18432	IAO:0000115	
WARN	missing_definition	EMAPA:18433	IAO:0000115	
WARN	missing_definition	EMAPA:18434	IAO:0000115	
WARN	missing_definition	EMAPA:18435	IAO:0000115	
WARN	missing_definition	EMAPA:18436	IAO:0000115	
WARN	missing_definition	EMAPA:18437	IAO:0000115	
WARN	missing_definition	EMAPA:18438	IAO:0000115	
WARN	missing_definition	EMAPA:18439	IAO:0000115	
WARN	missing_definition	EMAPA:18440	IAO:0000115	
WARN	missing_definition	EMAPA:18441	IAO:0000115	
WARN	missing_definition	EMAPA:18442	IAO:0000115	
WARN	missing_definition	EMAPA:18443	IAO:0000115	
WARN	missing_definition	EMAPA:18444	IAO:0000115	
WARN	missing_definition	EMAPA:18445	IAO:0000115	
WARN	missing_definition	EMAPA:18446	IAO:0000115	
WARN	missing_definition	EMAPA:18461	IAO:0000115	
WARN	missing_definition	EMAPA:18486	IAO:0000115	
WARN	missing_definition	EMAPA:18487	IAO:0000115	
WARN	missing_definition	EMAPA:18488	IAO:0000115	
WARN	missing_definition	EMAPA:18489	IAO:0000115	
WARN	missing_definition	EMAPA:18502	IAO:0000115	
WARN	missing_definition	EMAPA:18504	IAO:0000115	
WARN	missing_definition	EMAPA:18505	IAO:0000115	
WARN	missing_definition	EMAPA:18506	IAO:0000115	
WARN	missing_definition	EMAPA:18507	IAO:0000115	
WARN	missing_definition	EMAPA:18508	IAO:0000115	
WARN	missing_definition	EMAPA:18509	IAO:0000115	
WARN	missing_definition	EMAPA:18510	IAO:0000115	
WARN	missing_definition	EMAPA:18520	IAO:0000115	
WARN	missing_definition	EMAPA:18521	IAO:0000115	
WARN	missing_definition	EMAPA:18522	IAO:0000115	
WARN	missing_definition	EMAPA:18523	IAO:0000115	
WARN	missing_definition	EMAPA:18524	IAO:0000115	
WARN	missing_definition	EMAPA:18525	IAO:0000115	
WARN	missing_definition	EMAPA:18526	IAO:0000115	
WARN	missing_definition	EMAPA:18527	IAO:0000115	
WARN	missing_definition	EMAPA:18535	IAO:0000115	
WARN	missing_definition	EMAPA:18537	IAO:0000115	
WARN	missing_definition	EMAPA:18538	IAO:0000115	
WARN	missing_definition	EMAPA:18539	IAO:0000115	
WARN	missing_definition	EMAPA:18540	IAO:0000115	
WARN	missing_definition	EMAPA:18541	IAO:0000115	
WARN	missing_definition	EMAPA:18542	IAO:0000115	
WARN	missing_definition	EMAPA:18543	IAO:0000115	
WARN	missing_definition	EMAPA:18544	IAO:0000115	
WARN	missing_definition	EMAPA:18546	IAO:0000115	
WARN	missing_definition	EMAPA:18547	IAO:0000115	
WARN	missing_definition	EMAPA:18548	IAO:0000115	
WARN	missing_definition	EMAPA:18549	IAO:0000115	
WARN	missing_definition	EMAPA:18550	IAO:0000115	
WARN	missing_definition	EMAPA:18551	IAO:0000115	
WARN	missing_definition	EMAPA:18553	IAO:0000115	
WARN	missing_definition	EMAPA:18555	IAO:0000115	
WARN	missing_definition	EMAPA:18556	IAO:0000115	
WARN	missing_definition	EMAPA:18557	IAO:0000115	
WARN	missing_definition	EMAPA:18558	IAO:0000115	
WARN	missing_definition	EMAPA:18559	IAO:0000115	
WARN	missing_definition	EMAPA:18560	IAO:0000115	
WARN	missing_definition	EMAPA:18561	IAO:0000115	
WARN	missing_definition	EMAPA:18562	IAO:0000115	
WARN	missing_definition	EMAPA:18563	IAO:0000115	
WARN	missing_definition	EMAPA:18564	IAO:0000115	
WARN	missing_definition	EMAPA:18565	IAO:0000115	
WARN	missing_definition	EMAPA:18566	IAO:0000115	
WARN	missing_definition	EMAPA:18574	IAO:0000115	
WARN	missing_definition	EMAPA:18575	IAO:0000115	
WARN	missing_definition	EMAPA:18576	IAO:0000115	
WARN	missing_definition	EMAPA:18577	IAO:0000115	
WARN	missing_definition	EMAPA:18578	IAO:0000115	
WARN	missing_definition	EMAPA:18580	IAO:0000115	
WARN	missing_definition	EMAPA:18581	IAO:0000115	
WARN	missing_definition	EMAPA:18582	IAO:0000115	
WARN	missing_definition	EMAPA:18583	IAO:0000115	
WARN	missing_definition	EMAPA:18584	IAO:0000115	
WARN	missing_definition	EMAPA:18585	IAO:0000115	
WARN	missing_definition	EMAPA:18586	IAO:0000115	
WARN	missing_definition	EMAPA:18587	IAO:0000115	
WARN	missing_definition	EMAPA:18588	IAO:0000115	
WARN	missing_definition	EMAPA:18589	IAO:0000115	
WARN	missing_definition	EMAPA:18590	IAO:0000115	
WARN	missing_definition	EMAPA:18591	IAO:0000115	
WARN	missing_definition	EMAPA:18592	IAO:0000115	
WARN	missing_definition	EMAPA:18593	IAO:0000115	
WARN	missing_definition	EMAPA:18594	IAO:0000115	
WARN	missing_definition	EMAPA:18595	IAO:0000115	
WARN	missing_definition	EMAPA:18596	IAO:0000115	
WARN	missing_definition	EMAPA:18598	IAO:0000115	
WARN	missing_definition	EMAPA:18599	IAO:0000115	
WARN	missing_definition	EMAPA:18600	IAO:0000115	
WARN	missing_definition	EMAPA:18601	IAO:0000115	
WARN	missing_definition	EMAPA:18603	IAO:0000115	
WARN	missing_definition	EMAPA:18605	IAO:0000115	
WARN	missing_definition	EMAPA:18606	IAO:0000115	
WARN	missing_definition	EMAPA:18608	IAO:0000115	
WARN	missing_definition	EMAPA:18609	IAO:0000115	
WARN	missing_definition	EMAPA:18611	IAO:0000115	
WARN	missing_definition	EMAPA:18613	IAO:0000115	
WARN	missing_definition	EMAPA:18617	IAO:0000115	
WARN	missing_definition	EMAPA:18618	IAO:0000115	
WARN	missing_definition	EMAPA:18619	IAO:0000115	
WARN	missing_definition	EMAPA:18620	IAO:0000115	
WARN	missing_definition	EMAPA:18621	IAO:0000115	
WARN	missing_definition	EMAPA:18622	IAO:0000115	
WARN	missing_definition	EMAPA:18623	IAO:0000115	
WARN	missing_definition	EMAPA:18624	IAO:0000115	
WARN	missing_definition	EMAPA:18625	IAO:0000115	
WARN	missing_definition	EMAPA:18626	IAO:0000115	
WARN	missing_definition	EMAPA:18627	IAO:0000115	
WARN	missing_definition	EMAPA:18628	IAO:0000115	
WARN	missing_definition	EMAPA:18629	IAO:0000115	
WARN	missing_definition	EMAPA:18630	IAO:0000115	
WARN	missing_definition	EMAPA:18631	IAO:0000115	
WARN	missing_definition	EMAPA:18632	IAO:0000115	
WARN	missing_definition	EMAPA:18633	IAO:0000115	
WARN	missing_definition	EMAPA:18634	IAO:0000115	
WARN	missing_definition	EMAPA:18635	IAO:0000115	
WARN	missing_definition	EMAPA:18636	IAO:0000115	
WARN	missing_definition	EMAPA:18637	IAO:0000115	
WARN	missing_definition	EMAPA:18638	IAO:0000115	
WARN	missing_definition	EMAPA:18641	IAO:0000115	
WARN	missing_definition	EMAPA:18642	IAO:0000115	
WARN	missing_definition	EMAPA:18643	IAO:0000115	
WARN	missing_definition	EMAPA:18644	IAO:0000115	
WARN	missing_definition	EMAPA:18645	IAO:0000115	
WARN	missing_definition	EMAPA:18646	IAO:0000115	
WARN	missing_definition	EMAPA:18647	IAO:0000115	
WARN	missing_definition	EMAPA:18648	IAO:0000115	
WARN	missing_definition	EMAPA:18649	IAO:0000115	
WARN	missing_definition	EMAPA:18650	IAO:0000115	
WARN	missing_definition	EMAPA:18651	IAO:0000115	
WARN	missing_definition	EMAPA:18652	IAO:0000115	
WARN	missing_definition	EMAPA:18653	IAO:0000115	
WARN	missing_definition	EMAPA:18656	IAO:0000115	
WARN	missing_definition	EMAPA:18660	IAO:0000115	
WARN	missing_definition	EMAPA:18661	IAO:0000115	
WARN	missing_definition	EMAPA:18662	IAO:0000115	
WARN	missing_definition	EMAPA:18663	IAO:0000115	
WARN	missing_definition	EMAPA:18664	IAO:0000115	
WARN	missing_definition	EMAPA:18665	IAO:0000115	
WARN	missing_definition	EMAPA:18666	IAO:0000115	
WARN	missing_definition	EMAPA:18668	IAO:0000115	
WARN	missing_definition	EMAPA:18669	IAO:0000115	
WARN	missing_definition	EMAPA:18670	IAO:0000115	
WARN	missing_definition	EMAPA:18671	IAO:0000115	
WARN	missing_definition	EMAPA:18672	IAO:0000115	
WARN	missing_definition	EMAPA:18676	IAO:0000115	
WARN	missing_definition	EMAPA:18677	IAO:0000115	
WARN	missing_definition	EMAPA:18678	IAO:0000115	
WARN	missing_definition	EMAPA:18679	IAO:0000115	
WARN	missing_definition	EMAPA:18685	IAO:0000115	
WARN	missing_definition	EMAPA:18687	IAO:0000115	
WARN	missing_definition	EMAPA:18694	IAO:0000115	
WARN	missing_definition	EMAPA:18695	IAO:0000115	
WARN	missing_definition	EMAPA:18696	IAO:0000115	
WARN	missing_definition	EMAPA:18697	IAO:0000115	
WARN	missing_definition	EMAPA:18698	IAO:0000115	
WARN	missing_definition	EMAPA:18699	IAO:0000115	
WARN	missing_definition	EMAPA:18705	IAO:0000115	
WARN	missing_definition	EMAPA:18706	IAO:0000115	
WARN	missing_definition	EMAPA:18707	IAO:0000115	
WARN	missing_definition	EMAPA:18708	IAO:0000115	
WARN	missing_definition	EMAPA:18711	IAO:0000115	
WARN	missing_definition	EMAPA:18712	IAO:0000115	
WARN	missing_definition	EMAPA:18713	IAO:0000115	
WARN	missing_definition	EMAPA:18714	IAO:0000115	
WARN	missing_definition	EMAPA:18715	IAO:0000115	
WARN	missing_definition	EMAPA:18716	IAO:0000115	
WARN	missing_definition	EMAPA:18717	IAO:0000115	
WARN	missing_definition	EMAPA:18718	IAO:0000115	
WARN	missing_definition	EMAPA:18719	IAO:0000115	
WARN	missing_definition	EMAPA:18721	IAO:0000115	
WARN	missing_definition	EMAPA:18722	IAO:0000115	
WARN	missing_definition	EMAPA:18723	IAO:0000115	
WARN	missing_definition	EMAPA:18724	IAO:0000115	
WARN	missing_definition	EMAPA:18725	IAO:0000115	
WARN	missing_definition	EMAPA:18726	IAO:0000115	
WARN	missing_definition	EMAPA:18727	IAO:0000115	
WARN	missing_definition	EMAPA:18728	IAO:0000115	
WARN	missing_definition	EMAPA:18729	IAO:0000115	
WARN	missing_definition	EMAPA:18734	IAO:0000115	
WARN	missing_definition	EMAPA:18735	IAO:0000115	
WARN	missing_definition	EMAPA:18736	IAO:0000115	
WARN	missing_definition	EMAPA:18737	IAO:0000115	
WARN	missing_definition	EMAPA:18738	IAO:0000115	
WARN	missing_definition	EMAPA:18739	IAO:0000115	
WARN	missing_definition	EMAPA:18740	IAO:0000115	
WARN	missing_definition	EMAPA:18741	IAO:0000115	
WARN	missing_definition	EMAPA:18742	IAO:0000115	
WARN	missing_definition	EMAPA:18743	IAO:0000115	
WARN	missing_definition	EMAPA:18749	IAO:0000115	
WARN	missing_definition	EMAPA:18750	IAO:0000115	
WARN	missing_definition	EMAPA:18751	IAO:0000115	
WARN	missing_definition	EMAPA:18752	IAO:0000115	
WARN	missing_definition	EMAPA:18753	IAO:0000115	
WARN	missing_definition	EMAPA:18754	IAO:0000115	
WARN	missing_definition	EMAPA:18758	IAO:0000115	
WARN	missing_definition	EMAPA:18759	IAO:0000115	
WARN	missing_definition	EMAPA:18760	IAO:0000115	
WARN	missing_definition	EMAPA:18761	IAO:0000115	
WARN	missing_definition	EMAPA:18762	IAO:0000115	
WARN	missing_definition	EMAPA:18763	IAO:0000115	
WARN	missing_definition	EMAPA:18764	IAO:0000115	
WARN	missing_definition	EMAPA:18765	IAO:0000115	
WARN	missing_definition	EMAPA:18766	IAO:0000115	
WARN	missing_definition	EMAPA:18767	IAO:0000115	
WARN	missing_definition	EMAPA:18768	IAO:0000115	
WARN	missing_definition	EMAPA:18769	IAO:0000115	
WARN	missing_definition	EMAPA:18770	IAO:0000115	
WARN	missing_definition	EMAPA:18771	IAO:0000115	
WARN	missing_definition	EMAPA:18772	IAO:0000115	
WARN	missing_definition	EMAPA:18778	IAO:0000115	
WARN	missing_definition	EMAPA:18779	IAO:0000115	
WARN	missing_definition	EMAPA:18780	IAO:0000115	
WARN	missing_definition	EMAPA:18781	IAO:0000115	
WARN	missing_definition	EMAPA:18782	IAO:0000115	
WARN	missing_definition	EMAPA:18784	IAO:0000115	
WARN	missing_definition	EMAPA:18785	IAO:0000115	
WARN	missing_definition	EMAPA:18786	IAO:0000115	
WARN	missing_definition	EMAPA:18787	IAO:0000115	
WARN	missing_definition	EMAPA:18788	IAO:0000115	
WARN	missing_definition	EMAPA:18789	IAO:0000115	
WARN	missing_definition	EMAPA:18790	IAO:0000115	
WARN	missing_definition	EMAPA:18791	IAO:0000115	
WARN	missing_definition	EMAPA:18792	IAO:0000115	
WARN	missing_definition	EMAPA:18797	IAO:0000115	
WARN	missing_definition	EMAPA:18798	IAO:0000115	
WARN	missing_definition	EMAPA:18799	IAO:0000115	
WARN	missing_definition	EMAPA:18802	IAO:0000115	
WARN	missing_definition	EMAPA:18803	IAO:0000115	
WARN	missing_definition	EMAPA:18804	IAO:0000115	
WARN	missing_definition	EMAPA:18807	IAO:0000115	
WARN	missing_definition	EMAPA:18808	IAO:0000115	
WARN	missing_definition	EMAPA:18809	IAO:0000115	
WARN	missing_definition	EMAPA:18810	IAO:0000115	
WARN	missing_definition	EMAPA:18811	IAO:0000115	
WARN	missing_definition	EMAPA:18812	IAO:0000115	
WARN	missing_definition	EMAPA:18813	IAO:0000115	
WARN	missing_definition	EMAPA:18814	IAO:0000115	
WARN	missing_definition	EMAPA:18815	IAO:0000115	
WARN	missing_definition	EMAPA:18835	IAO:0000115	
WARN	missing_definition	EMAPA:18836	IAO:0000115	
WARN	missing_definition	EMAPA:18837	IAO:0000115	
WARN	missing_definition	EMAPA:18852	IAO:0000115	
WARN	missing_definition	EMAPA:18873	IAO:0000115	
WARN	missing_definition	EMAPA:18923	IAO:0000115	
WARN	missing_definition	EMAPA:18939	IAO:0000115	
WARN	missing_definition	EMAPA:18941	IAO:0000115	
WARN	missing_definition	EMAPA:18942	IAO:0000115	
WARN	missing_definition	EMAPA:18943	IAO:0000115	
WARN	missing_definition	EMAPA:18944	IAO:0000115	
WARN	missing_definition	EMAPA:18945	IAO:0000115	
WARN	missing_definition	EMAPA:18948	IAO:0000115	
WARN	missing_definition	EMAPA:18949	IAO:0000115	
WARN	missing_definition	EMAPA:18950	IAO:0000115	
WARN	missing_definition	EMAPA:18951	IAO:0000115	
WARN	missing_definition	EMAPA:18952	IAO:0000115	
WARN	missing_definition	EMAPA:18953	IAO:0000115	
WARN	missing_definition	EMAPA:18954	IAO:0000115	
WARN	missing_definition	EMAPA:18955	IAO:0000115	
WARN	missing_definition	EMAPA:18961	IAO:0000115	
WARN	missing_definition	EMAPA:18962	IAO:0000115	
WARN	missing_definition	EMAPA:18963	IAO:0000115	
WARN	missing_definition	EMAPA:18964	IAO:0000115	
WARN	missing_definition	EMAPA:18965	IAO:0000115	
WARN	missing_definition	EMAPA:18966	IAO:0000115	
WARN	missing_definition	EMAPA:18967	IAO:0000115	
WARN	missing_definition	EMAPA:18968	IAO:0000115	
WARN	missing_definition	EMAPA:18969	IAO:0000115	
WARN	missing_definition	EMAPA:18970	IAO:0000115	
WARN	missing_definition	EMAPA:18971	IAO:0000115	
WARN	missing_definition	EMAPA:18972	IAO:0000115	
WARN	missing_definition	EMAPA:18976	IAO:0000115	
WARN	missing_definition	EMAPA:18978	IAO:0000115	
WARN	missing_definition	EMAPA:18984	IAO:0000115	
WARN	missing_definition	EMAPA:18985	IAO:0000115	
WARN	missing_definition	EMAPA:18993	IAO:0000115	
WARN	missing_definition	EMAPA:19000	IAO:0000115	
WARN	missing_definition	EMAPA:19001	IAO:0000115	
WARN	missing_definition	EMAPA:19002	IAO:0000115	
WARN	missing_definition	EMAPA:19003	IAO:0000115	
WARN	missing_definition	EMAPA:19004	IAO:0000115	
WARN	missing_definition	EMAPA:19005	IAO:0000115	
WARN	missing_definition	EMAPA:19006	IAO:0000115	
WARN	missing_definition	EMAPA:19007	IAO:0000115	
WARN	missing_definition	EMAPA:19008	IAO:0000115	
WARN	missing_definition	EMAPA:19009	IAO:0000115	
WARN	missing_definition	EMAPA:19010	IAO:0000115	
WARN	missing_definition	EMAPA:19012	IAO:0000115	
WARN	missing_definition	EMAPA:19013	IAO:0000115	
WARN	missing_definition	EMAPA:19015	IAO:0000115	
WARN	missing_definition	EMAPA:19016	IAO:0000115	
WARN	missing_definition	EMAPA:19017	IAO:0000115	
WARN	missing_definition	EMAPA:19018	IAO:0000115	
WARN	missing_definition	EMAPA:19019	IAO:0000115	
WARN	missing_definition	EMAPA:19020	IAO:0000115	
WARN	missing_definition	EMAPA:19021	IAO:0000115	
WARN	missing_definition	EMAPA:19026	IAO:0000115	
WARN	missing_definition	EMAPA:19027	IAO:0000115	
WARN	missing_definition	EMAPA:19028	IAO:0000115	
WARN	missing_definition	EMAPA:19029	IAO:0000115	
WARN	missing_definition	EMAPA:19030	IAO:0000115	
WARN	missing_definition	EMAPA:19031	IAO:0000115	
WARN	missing_definition	EMAPA:19032	IAO:0000115	
WARN	missing_definition	EMAPA:19034	IAO:0000115	
WARN	missing_definition	EMAPA:19035	IAO:0000115	
WARN	missing_definition	EMAPA:19036	IAO:0000115	
WARN	missing_definition	EMAPA:19037	IAO:0000115	
WARN	missing_definition	EMAPA:19038	IAO:0000115	
WARN	missing_definition	EMAPA:19040	IAO:0000115	
WARN	missing_definition	EMAPA:19041	IAO:0000115	
WARN	missing_definition	EMAPA:19042	IAO:0000115	
WARN	missing_definition	EMAPA:19043	IAO:0000115	
WARN	missing_definition	EMAPA:19044	IAO:0000115	
WARN	missing_definition	EMAPA:19045	IAO:0000115	
WARN	missing_definition	EMAPA:19046	IAO:0000115	
WARN	missing_definition	EMAPA:19047	IAO:0000115	
WARN	missing_definition	EMAPA:19048	IAO:0000115	
WARN	missing_definition	EMAPA:19049	IAO:0000115	
WARN	missing_definition	EMAPA:19050	IAO:0000115	
WARN	missing_definition	EMAPA:19051	IAO:0000115	
WARN	missing_definition	EMAPA:19052	IAO:0000115	
WARN	missing_definition	EMAPA:19053	IAO:0000115	
WARN	missing_definition	EMAPA:19054	IAO:0000115	
WARN	missing_definition	EMAPA:19055	IAO:0000115	
WARN	missing_definition	EMAPA:19056	IAO:0000115	
WARN	missing_definition	EMAPA:19057	IAO:0000115	
WARN	missing_definition	EMAPA:19059	IAO:0000115	
WARN	missing_definition	EMAPA:19060	IAO:0000115	
WARN	missing_definition	EMAPA:19061	IAO:0000115	
WARN	missing_definition	EMAPA:19062	IAO:0000115	
WARN	missing_definition	EMAPA:19063	IAO:0000115	
WARN	missing_definition	EMAPA:19064	IAO:0000115	
WARN	missing_definition	EMAPA:19065	IAO:0000115	
WARN	missing_definition	EMAPA:19074	IAO:0000115	
WARN	missing_definition	EMAPA:19077	IAO:0000115	
WARN	missing_definition	EMAPA:19078	IAO:0000115	
WARN	missing_definition	EMAPA:19080	IAO:0000115	
WARN	missing_definition	EMAPA:19081	IAO:0000115	
WARN	missing_definition	EMAPA:19082	IAO:0000115	
WARN	missing_definition	EMAPA:19083	IAO:0000115	
WARN	missing_definition	EMAPA:19084	IAO:0000115	
WARN	missing_definition	EMAPA:19085	IAO:0000115	
WARN	missing_definition	EMAPA:19086	IAO:0000115	
WARN	missing_definition	EMAPA:19087	IAO:0000115	
WARN	missing_definition	EMAPA:19089	IAO:0000115	
WARN	missing_definition	EMAPA:19091	IAO:0000115	
WARN	missing_definition	EMAPA:19092	IAO:0000115	
WARN	missing_definition	EMAPA:19095	IAO:0000115	
WARN	missing_definition	EMAPA:19096	IAO:0000115	
WARN	missing_definition	EMAPA:19097	IAO:0000115	
WARN	missing_definition	EMAPA:19098	IAO:0000115	
WARN	missing_definition	EMAPA:19099	IAO:0000115	
WARN	missing_definition	EMAPA:19100	IAO:0000115	
WARN	missing_definition	EMAPA:19101	IAO:0000115	
WARN	missing_definition	EMAPA:19102	IAO:0000115	
WARN	missing_definition	EMAPA:19103	IAO:0000115	
WARN	missing_definition	EMAPA:19104	IAO:0000115	
WARN	missing_definition	EMAPA:19105	IAO:0000115	
WARN	missing_definition	EMAPA:19106	IAO:0000115	
WARN	missing_definition	EMAPA:19107	IAO:0000115	
WARN	missing_definition	EMAPA:19108	IAO:0000115	
WARN	missing_definition	EMAPA:19109	IAO:0000115	
WARN	missing_definition	EMAPA:19110	IAO:0000115	
WARN	missing_definition	EMAPA:19111	IAO:0000115	
WARN	missing_definition	EMAPA:19112	IAO:0000115	
WARN	missing_definition	EMAPA:19113	IAO:0000115	
WARN	missing_definition	EMAPA:19114	IAO:0000115	
WARN	missing_definition	EMAPA:19115	IAO:0000115	
WARN	missing_definition	EMAPA:19116	IAO:0000115	
WARN	missing_definition	EMAPA:19117	IAO:0000115	
WARN	missing_definition	EMAPA:19118	IAO:0000115	
WARN	missing_definition	EMAPA:19119	IAO:0000115	
WARN	missing_definition	EMAPA:19120	IAO:0000115	
WARN	missing_definition	EMAPA:19121	IAO:0000115	
WARN	missing_definition	EMAPA:19122	IAO:0000115	
WARN	missing_definition	EMAPA:19123	IAO:0000115	
WARN	missing_definition	EMAPA:19124	IAO:0000115	
WARN	missing_definition	EMAPA:19125	IAO:0000115	
WARN	missing_definition	EMAPA:19126	IAO:0000115	
WARN	missing_definition	EMAPA:19127	IAO:0000115	
WARN	missing_definition	EMAPA:19128	IAO:0000115	
WARN	missing_definition	EMAPA:19129	IAO:0000115	
WARN	missing_definition	EMAPA:19130	IAO:0000115	
WARN	missing_definition	EMAPA:19131	IAO:0000115	
WARN	missing_definition	EMAPA:19132	IAO:0000115	
WARN	missing_definition	EMAPA:19133	IAO:0000115	
WARN	missing_definition	EMAPA:19134	IAO:0000115	
WARN	missing_definition	EMAPA:19135	IAO:0000115	
WARN	missing_definition	EMAPA:19136	IAO:0000115	
WARN	missing_definition	EMAPA:19137	IAO:0000115	
WARN	missing_definition	EMAPA:19138	IAO:0000115	
WARN	missing_definition	EMAPA:19140	IAO:0000115	
WARN	missing_definition	EMAPA:19141	IAO:0000115	
WARN	missing_definition	EMAPA:19142	IAO:0000115	
WARN	missing_definition	EMAPA:19143	IAO:0000115	
WARN	missing_definition	EMAPA:19144	IAO:0000115	
WARN	missing_definition	EMAPA:19145	IAO:0000115	
WARN	missing_definition	EMAPA:19146	IAO:0000115	
WARN	missing_definition	EMAPA:19147	IAO:0000115	
WARN	missing_definition	EMAPA:19152	IAO:0000115	
WARN	missing_definition	EMAPA:19153	IAO:0000115	
WARN	missing_definition	EMAPA:19154	IAO:0000115	
WARN	missing_definition	EMAPA:19155	IAO:0000115	
WARN	missing_definition	EMAPA:19156	IAO:0000115	
WARN	missing_definition	EMAPA:19157	IAO:0000115	
WARN	missing_definition	EMAPA:19159	IAO:0000115	
WARN	missing_definition	EMAPA:19160	IAO:0000115	
WARN	missing_definition	EMAPA:19161	IAO:0000115	
WARN	missing_definition	EMAPA:19163	IAO:0000115	
WARN	missing_definition	EMAPA:19164	IAO:0000115	
WARN	missing_definition	EMAPA:19165	IAO:0000115	
WARN	missing_definition	EMAPA:19166	IAO:0000115	
WARN	missing_definition	EMAPA:19168	IAO:0000115	
WARN	missing_definition	EMAPA:19171	IAO:0000115	
WARN	missing_definition	EMAPA:19172	IAO:0000115	
WARN	missing_definition	EMAPA:19173	IAO:0000115	
WARN	missing_definition	EMAPA:19174	IAO:0000115	
WARN	missing_definition	EMAPA:19176	IAO:0000115	
WARN	missing_definition	EMAPA:19179	IAO:0000115	
WARN	missing_definition	EMAPA:19181	IAO:0000115	
WARN	missing_definition	EMAPA:19182	IAO:0000115	
WARN	missing_definition	EMAPA:19183	IAO:0000115	
WARN	missing_definition	EMAPA:19184	IAO:0000115	
WARN	missing_definition	EMAPA:19185	IAO:0000115	
WARN	missing_definition	EMAPA:19186	IAO:0000115	
WARN	missing_definition	EMAPA:19187	IAO:0000115	
WARN	missing_definition	EMAPA:19188	IAO:0000115	
WARN	missing_definition	EMAPA:19189	IAO:0000115	
WARN	missing_definition	EMAPA:19190	IAO:0000115	
WARN	missing_definition	EMAPA:19191	IAO:0000115	
WARN	missing_definition	EMAPA:19192	IAO:0000115	
WARN	missing_definition	EMAPA:19193	IAO:0000115	
WARN	missing_definition	EMAPA:19194	IAO:0000115	
WARN	missing_definition	EMAPA:19195	IAO:0000115	
WARN	missing_definition	EMAPA:19196	IAO:0000115	
WARN	missing_definition	EMAPA:19197	IAO:0000115	
WARN	missing_definition	EMAPA:19198	IAO:0000115	
WARN	missing_definition	EMAPA:19199	IAO:0000115	
WARN	missing_definition	EMAPA:19200	IAO:0000115	
WARN	missing_definition	EMAPA:19201	IAO:0000115	
WARN	missing_definition	EMAPA:19202	IAO:0000115	
WARN	missing_definition	EMAPA:19203	IAO:0000115	
WARN	missing_definition	EMAPA:19204	IAO:0000115	
WARN	missing_definition	EMAPA:19205	IAO:0000115	
WARN	missing_definition	EMAPA:19206	IAO:0000115	
WARN	missing_definition	EMAPA:19207	IAO:0000115	
WARN	missing_definition	EMAPA:19209	IAO:0000115	
WARN	missing_definition	EMAPA:19210	IAO:0000115	
WARN	missing_definition	EMAPA:19211	IAO:0000115	
WARN	missing_definition	EMAPA:19212	IAO:0000115	
WARN	missing_definition	EMAPA:19213	IAO:0000115	
WARN	missing_definition	EMAPA:19214	IAO:0000115	
WARN	missing_definition	EMAPA:19215	IAO:0000115	
WARN	missing_definition	EMAPA:19216	IAO:0000115	
WARN	missing_definition	EMAPA:19217	IAO:0000115	
WARN	missing_definition	EMAPA:19218	IAO:0000115	
WARN	missing_definition	EMAPA:19219	IAO:0000115	
WARN	missing_definition	EMAPA:19220	IAO:0000115	
WARN	missing_definition	EMAPA:19221	IAO:0000115	
WARN	missing_definition	EMAPA:19222	IAO:0000115	
WARN	missing_definition	EMAPA:19224	IAO:0000115	
WARN	missing_definition	EMAPA:19225	IAO:0000115	
WARN	missing_definition	EMAPA:19226	IAO:0000115	
WARN	missing_definition	EMAPA:19227	IAO:0000115	
WARN	missing_definition	EMAPA:19228	IAO:0000115	
WARN	missing_definition	EMAPA:19229	IAO:0000115	
WARN	missing_definition	EMAPA:19234	IAO:0000115	
WARN	missing_definition	EMAPA:19235	IAO:0000115	
WARN	missing_definition	EMAPA:19236	IAO:0000115	
WARN	missing_definition	EMAPA:19237	IAO:0000115	
WARN	missing_definition	EMAPA:19238	IAO:0000115	
WARN	missing_definition	EMAPA:19239	IAO:0000115	
WARN	missing_definition	EMAPA:19240	IAO:0000115	
WARN	missing_definition	EMAPA:19241	IAO:0000115	
WARN	missing_definition	EMAPA:19242	IAO:0000115	
WARN	missing_definition	EMAPA:19243	IAO:0000115	
WARN	missing_definition	EMAPA:19244	IAO:0000115	
WARN	missing_definition	EMAPA:19245	IAO:0000115	
WARN	missing_definition	EMAPA:19246	IAO:0000115	
WARN	missing_definition	EMAPA:19247	IAO:0000115	
WARN	missing_definition	EMAPA:19248	IAO:0000115	
WARN	missing_definition	EMAPA:19249	IAO:0000115	
WARN	missing_definition	EMAPA:19250	IAO:0000115	
WARN	missing_definition	EMAPA:19251	IAO:0000115	
WARN	missing_definition	EMAPA:19252	IAO:0000115	
WARN	missing_definition	EMAPA:19253	IAO:0000115	
WARN	missing_definition	EMAPA:19254	IAO:0000115	
WARN	missing_definition	EMAPA:19255	IAO:0000115	
WARN	missing_definition	EMAPA:19256	IAO:0000115	
WARN	missing_definition	EMAPA:19257	IAO:0000115	
WARN	missing_definition	EMAPA:19258	IAO:0000115	
WARN	missing_definition	EMAPA:19259	IAO:0000115	
WARN	missing_definition	EMAPA:19260	IAO:0000115	
WARN	missing_definition	EMAPA:19261	IAO:0000115	
WARN	missing_definition	EMAPA:19262	IAO:0000115	
WARN	missing_definition	EMAPA:19263	IAO:0000115	
WARN	missing_definition	EMAPA:19264	IAO:0000115	
WARN	missing_definition	EMAPA:19265	IAO:0000115	
WARN	missing_definition	EMAPA:19266	IAO:0000115	
WARN	missing_definition	EMAPA:19267	IAO:0000115	
WARN	missing_definition	EMAPA:19269	IAO:0000115	
WARN	missing_definition	EMAPA:19270	IAO:0000115	
WARN	missing_definition	EMAPA:19271	IAO:0000115	
WARN	missing_definition	EMAPA:19272	IAO:0000115	
WARN	missing_definition	EMAPA:19273	IAO:0000115	
WARN	missing_definition	EMAPA:19274	IAO:0000115	
WARN	missing_definition	EMAPA:19275	IAO:0000115	
WARN	missing_definition	EMAPA:19276	IAO:0000115	
WARN	missing_definition	EMAPA:19277	IAO:0000115	
WARN	missing_definition	EMAPA:19278	IAO:0000115	
WARN	missing_definition	EMAPA:19279	IAO:0000115	
WARN	missing_definition	EMAPA:19280	IAO:0000115	
WARN	missing_definition	EMAPA:19285	IAO:0000115	
WARN	missing_definition	EMAPA:19289	IAO:0000115	
WARN	missing_definition	EMAPA:19290	IAO:0000115	
WARN	missing_definition	EMAPA:19291	IAO:0000115	
WARN	missing_definition	EMAPA:19292	IAO:0000115	
WARN	missing_definition	EMAPA:19293	IAO:0000115	
WARN	missing_definition	EMAPA:19300	IAO:0000115	
WARN	missing_definition	EMAPA:19302	IAO:0000115	
WARN	missing_definition	EMAPA:19303	IAO:0000115	
WARN	missing_definition	EMAPA:19304	IAO:0000115	
WARN	missing_definition	EMAPA:19305	IAO:0000115	
WARN	missing_definition	EMAPA:19306	IAO:0000115	
WARN	missing_definition	EMAPA:19307	IAO:0000115	
WARN	missing_definition	EMAPA:19308	IAO:0000115	
WARN	missing_definition	EMAPA:19309	IAO:0000115	
WARN	missing_definition	EMAPA:19310	IAO:0000115	
WARN	missing_definition	EMAPA:19311	IAO:0000115	
WARN	missing_definition	EMAPA:19312	IAO:0000115	
WARN	missing_definition	EMAPA:19313	IAO:0000115	
WARN	missing_definition	EMAPA:19314	IAO:0000115	
WARN	missing_definition	EMAPA:19315	IAO:0000115	
WARN	missing_definition	EMAPA:19316	IAO:0000115	
WARN	missing_definition	EMAPA:19317	IAO:0000115	
WARN	missing_definition	EMAPA:19318	IAO:0000115	
WARN	missing_definition	EMAPA:19319	IAO:0000115	
WARN	missing_definition	EMAPA:19320	IAO:0000115	
WARN	missing_definition	EMAPA:19321	IAO:0000115	
WARN	missing_definition	EMAPA:19322	IAO:0000115	
WARN	missing_definition	EMAPA:19323	IAO:0000115	
WARN	missing_definition	EMAPA:19324	IAO:0000115	
WARN	missing_definition	EMAPA:19325	IAO:0000115	
WARN	missing_definition	EMAPA:19326	IAO:0000115	
WARN	missing_definition	EMAPA:19327	IAO:0000115	
WARN	missing_definition	EMAPA:19328	IAO:0000115	
WARN	missing_definition	EMAPA:19329	IAO:0000115	
WARN	missing_definition	EMAPA:19330	IAO:0000115	
WARN	missing_definition	EMAPA:19331	IAO:0000115	
WARN	missing_definition	EMAPA:19332	IAO:0000115	
WARN	missing_definition	EMAPA:19333	IAO:0000115	
WARN	missing_definition	EMAPA:19334	IAO:0000115	
WARN	missing_definition	EMAPA:19335	IAO:0000115	
WARN	missing_definition	EMAPA:19336	IAO:0000115	
WARN	missing_definition	EMAPA:19337	IAO:0000115	
WARN	missing_definition	EMAPA:19338	IAO:0000115	
WARN	missing_definition	EMAPA:19339	IAO:0000115	
WARN	missing_definition	EMAPA:19340	IAO:0000115	
WARN	missing_definition	EMAPA:19341	IAO:0000115	
WARN	missing_definition	EMAPA:19342	IAO:0000115	
WARN	missing_definition	EMAPA:19343	IAO:0000115	
WARN	missing_definition	EMAPA:19344	IAO:0000115	
WARN	missing_definition	EMAPA:19345	IAO:0000115	
WARN	missing_definition	EMAPA:19346	IAO:0000115	
WARN	missing_definition	EMAPA:19347	IAO:0000115	
WARN	missing_definition	EMAPA:19348	IAO:0000115	
WARN	missing_definition	EMAPA:19349	IAO:0000115	
WARN	missing_definition	EMAPA:19350	IAO:0000115	
WARN	missing_definition	EMAPA:19351	IAO:0000115	
WARN	missing_definition	EMAPA:19352	IAO:0000115	
WARN	missing_definition	EMAPA:19353	IAO:0000115	
WARN	missing_definition	EMAPA:19354	IAO:0000115	
WARN	missing_definition	EMAPA:19355	IAO:0000115	
WARN	missing_definition	EMAPA:19356	IAO:0000115	
WARN	missing_definition	EMAPA:19357	IAO:0000115	
WARN	missing_definition	EMAPA:19358	IAO:0000115	
WARN	missing_definition	EMAPA:19359	IAO:0000115	
WARN	missing_definition	EMAPA:19360	IAO:0000115	
WARN	missing_definition	EMAPA:19361	IAO:0000115	
WARN	missing_definition	EMAPA:19362	IAO:0000115	
WARN	missing_definition	EMAPA:19363	IAO:0000115	
WARN	missing_definition	EMAPA:19364	IAO:0000115	
WARN	missing_definition	EMAPA:19365	IAO:0000115	
WARN	missing_definition	EMAPA:19366	IAO:0000115	
WARN	missing_definition	EMAPA:19367	IAO:0000115	
WARN	missing_definition	EMAPA:19368	IAO:0000115	
WARN	missing_definition	EMAPA:19369	IAO:0000115	
WARN	missing_definition	EMAPA:19370	IAO:0000115	
WARN	missing_definition	EMAPA:19371	IAO:0000115	
WARN	missing_definition	EMAPA:19372	IAO:0000115	
WARN	missing_definition	EMAPA:19373	IAO:0000115	
WARN	missing_definition	EMAPA:19374	IAO:0000115	
WARN	missing_definition	EMAPA:19375	IAO:0000115	
WARN	missing_definition	EMAPA:19376	IAO:0000115	
WARN	missing_definition	EMAPA:19377	IAO:0000115	
WARN	missing_definition	EMAPA:19378	IAO:0000115	
WARN	missing_definition	EMAPA:19379	IAO:0000115	
WARN	missing_definition	EMAPA:19380	IAO:0000115	
WARN	missing_definition	EMAPA:19381	IAO:0000115	
WARN	missing_definition	EMAPA:19382	IAO:0000115	
WARN	missing_definition	EMAPA:19383	IAO:0000115	
WARN	missing_definition	EMAPA:19384	IAO:0000115	
WARN	missing_definition	EMAPA:19385	IAO:0000115	
WARN	missing_definition	EMAPA:19386	IAO:0000115	
WARN	missing_definition	EMAPA:19387	IAO:0000115	
WARN	missing_definition	EMAPA:19388	IAO:0000115	
WARN	missing_definition	EMAPA:19389	IAO:0000115	
WARN	missing_definition	EMAPA:19390	IAO:0000115	
WARN	missing_definition	EMAPA:19391	IAO:0000115	
WARN	missing_definition	EMAPA:19392	IAO:0000115	
WARN	missing_definition	EMAPA:19393	IAO:0000115	
WARN	missing_definition	EMAPA:19394	IAO:0000115	
WARN	missing_definition	EMAPA:19395	IAO:0000115	
WARN	missing_definition	EMAPA:19396	IAO:0000115	
WARN	missing_definition	EMAPA:19397	IAO:0000115	
WARN	missing_definition	EMAPA:19398	IAO:0000115	
WARN	missing_definition	EMAPA:19399	IAO:0000115	
WARN	missing_definition	EMAPA:19400	IAO:0000115	
WARN	missing_definition	EMAPA:19401	IAO:0000115	
WARN	missing_definition	EMAPA:19402	IAO:0000115	
WARN	missing_definition	EMAPA:19403	IAO:0000115	
WARN	missing_definition	EMAPA:19404	IAO:0000115	
WARN	missing_definition	EMAPA:19405	IAO:0000115	
WARN	missing_definition	EMAPA:19406	IAO:0000115	
WARN	missing_definition	EMAPA:19407	IAO:0000115	
WARN	missing_definition	EMAPA:19408	IAO:0000115	
WARN	missing_definition	EMAPA:19409	IAO:0000115	
WARN	missing_definition	EMAPA:19410	IAO:0000115	
WARN	missing_definition	EMAPA:19411	IAO:0000115	
WARN	missing_definition	EMAPA:19412	IAO:0000115	
WARN	missing_definition	EMAPA:19413	IAO:0000115	
WARN	missing_definition	EMAPA:19414	IAO:0000115	
WARN	missing_definition	EMAPA:19415	IAO:0000115	
WARN	missing_definition	EMAPA:19416	IAO:0000115	
WARN	missing_definition	EMAPA:19417	IAO:0000115	
WARN	missing_definition	EMAPA:19418	IAO:0000115	
WARN	missing_definition	EMAPA:19419	IAO:0000115	
WARN	missing_definition	EMAPA:19420	IAO:0000115	
WARN	missing_definition	EMAPA:19421	IAO:0000115	
WARN	missing_definition	EMAPA:19422	IAO:0000115	
WARN	missing_definition	EMAPA:19423	IAO:0000115	
WARN	missing_definition	EMAPA:19424	IAO:0000115	
WARN	missing_definition	EMAPA:19425	IAO:0000115	
WARN	missing_definition	EMAPA:19426	IAO:0000115	
WARN	missing_definition	EMAPA:19427	IAO:0000115	
WARN	missing_definition	EMAPA:19428	IAO:0000115	
WARN	missing_definition	EMAPA:19429	IAO:0000115	
WARN	missing_definition	EMAPA:19430	IAO:0000115	
WARN	missing_definition	EMAPA:19431	IAO:0000115	
WARN	missing_definition	EMAPA:19432	IAO:0000115	
WARN	missing_definition	EMAPA:19433	IAO:0000115	
WARN	missing_definition	EMAPA:19434	IAO:0000115	
WARN	missing_definition	EMAPA:19435	IAO:0000115	
WARN	missing_definition	EMAPA:19436	IAO:0000115	
WARN	missing_definition	EMAPA:19437	IAO:0000115	
WARN	missing_definition	EMAPA:19438	IAO:0000115	
WARN	missing_definition	EMAPA:19439	IAO:0000115	
WARN	missing_definition	EMAPA:19440	IAO:0000115	
WARN	missing_definition	EMAPA:19441	IAO:0000115	
WARN	missing_definition	EMAPA:19442	IAO:0000115	
WARN	missing_definition	EMAPA:19443	IAO:0000115	
WARN	missing_definition	EMAPA:19444	IAO:0000115	
WARN	missing_definition	EMAPA:19445	IAO:0000115	
WARN	missing_definition	EMAPA:19446	IAO:0000115	
WARN	missing_definition	EMAPA:19447	IAO:0000115	
WARN	missing_definition	EMAPA:19448	IAO:0000115	
WARN	missing_definition	EMAPA:19449	IAO:0000115	
WARN	missing_definition	EMAPA:19450	IAO:0000115	
WARN	missing_definition	EMAPA:19451	IAO:0000115	
WARN	missing_definition	EMAPA:19452	IAO:0000115	
WARN	missing_definition	EMAPA:19453	IAO:0000115	
WARN	missing_definition	EMAPA:19454	IAO:0000115	
WARN	missing_definition	EMAPA:19455	IAO:0000115	
WARN	missing_definition	EMAPA:19456	IAO:0000115	
WARN	missing_definition	EMAPA:19457	IAO:0000115	
WARN	missing_definition	EMAPA:19458	IAO:0000115	
WARN	missing_definition	EMAPA:19459	IAO:0000115	
WARN	missing_definition	EMAPA:19460	IAO:0000115	
WARN	missing_definition	EMAPA:19461	IAO:0000115	
WARN	missing_definition	EMAPA:19462	IAO:0000115	
WARN	missing_definition	EMAPA:19463	IAO:0000115	
WARN	missing_definition	EMAPA:19464	IAO:0000115	
WARN	missing_definition	EMAPA:19465	IAO:0000115	
WARN	missing_definition	EMAPA:19466	IAO:0000115	
WARN	missing_definition	EMAPA:19467	IAO:0000115	
WARN	missing_definition	EMAPA:19468	IAO:0000115	
WARN	missing_definition	EMAPA:19469	IAO:0000115	
WARN	missing_definition	EMAPA:19470	IAO:0000115	
WARN	missing_definition	EMAPA:19471	IAO:0000115	
WARN	missing_definition	EMAPA:19472	IAO:0000115	
WARN	missing_definition	EMAPA:19473	IAO:0000115	
WARN	missing_definition	EMAPA:19474	IAO:0000115	
WARN	missing_definition	EMAPA:19475	IAO:0000115	
WARN	missing_definition	EMAPA:19476	IAO:0000115	
WARN	missing_definition	EMAPA:19477	IAO:0000115	
WARN	missing_definition	EMAPA:19478	IAO:0000115	
WARN	missing_definition	EMAPA:19479	IAO:0000115	
WARN	missing_definition	EMAPA:19480	IAO:0000115	
WARN	missing_definition	EMAPA:19481	IAO:0000115	
WARN	missing_definition	EMAPA:19482	IAO:0000115	
WARN	missing_definition	EMAPA:19483	IAO:0000115	
WARN	missing_definition	EMAPA:19484	IAO:0000115	
WARN	missing_definition	EMAPA:19485	IAO:0000115	
WARN	missing_definition	EMAPA:19486	IAO:0000115	
WARN	missing_definition	EMAPA:19487	IAO:0000115	
WARN	missing_definition	EMAPA:19488	IAO:0000115	
WARN	missing_definition	EMAPA:19489	IAO:0000115	
WARN	missing_definition	EMAPA:19490	IAO:0000115	
WARN	missing_definition	EMAPA:19491	IAO:0000115	
WARN	missing_definition	EMAPA:19492	IAO:0000115	
WARN	missing_definition	EMAPA:19493	IAO:0000115	
WARN	missing_definition	EMAPA:19494	IAO:0000115	
WARN	missing_definition	EMAPA:19495	IAO:0000115	
WARN	missing_definition	EMAPA:19496	IAO:0000115	
WARN	missing_definition	EMAPA:19497	IAO:0000115	
WARN	missing_definition	EMAPA:19498	IAO:0000115	
WARN	missing_definition	EMAPA:19499	IAO:0000115	
WARN	missing_definition	EMAPA:19500	IAO:0000115	
WARN	missing_definition	EMAPA:19501	IAO:0000115	
WARN	missing_definition	EMAPA:19502	IAO:0000115	
WARN	missing_definition	EMAPA:19503	IAO:0000115	
WARN	missing_definition	EMAPA:19504	IAO:0000115	
WARN	missing_definition	EMAPA:19505	IAO:0000115	
WARN	missing_definition	EMAPA:19506	IAO:0000115	
WARN	missing_definition	EMAPA:19507	IAO:0000115	
WARN	missing_definition	EMAPA:19508	IAO:0000115	
WARN	missing_definition	EMAPA:19509	IAO:0000115	
WARN	missing_definition	EMAPA:19510	IAO:0000115	
WARN	missing_definition	EMAPA:19511	IAO:0000115	
WARN	missing_definition	EMAPA:19512	IAO:0000115	
WARN	missing_definition	EMAPA:19513	IAO:0000115	
WARN	missing_definition	EMAPA:19514	IAO:0000115	
WARN	missing_definition	EMAPA:19515	IAO:0000115	
WARN	missing_definition	EMAPA:19516	IAO:0000115	
WARN	missing_definition	EMAPA:19517	IAO:0000115	
WARN	missing_definition	EMAPA:19518	IAO:0000115	
WARN	missing_definition	EMAPA:19519	IAO:0000115	
WARN	missing_definition	EMAPA:19520	IAO:0000115	
WARN	missing_definition	EMAPA:19521	IAO:0000115	
WARN	missing_definition	EMAPA:19522	IAO:0000115	
WARN	missing_definition	EMAPA:19523	IAO:0000115	
WARN	missing_definition	EMAPA:19524	IAO:0000115	
WARN	missing_definition	EMAPA:19525	IAO:0000115	
WARN	missing_definition	EMAPA:19526	IAO:0000115	
WARN	missing_definition	EMAPA:19527	IAO:0000115	
WARN	missing_definition	EMAPA:19528	IAO:0000115	
WARN	missing_definition	EMAPA:19529	IAO:0000115	
WARN	missing_definition	EMAPA:19530	IAO:0000115	
WARN	missing_definition	EMAPA:19531	IAO:0000115	
WARN	missing_definition	EMAPA:19532	IAO:0000115	
WARN	missing_definition	EMAPA:19533	IAO:0000115	
WARN	missing_definition	EMAPA:19534	IAO:0000115	
WARN	missing_definition	EMAPA:19535	IAO:0000115	
WARN	missing_definition	EMAPA:19536	IAO:0000115	
WARN	missing_definition	EMAPA:19537	IAO:0000115	
WARN	missing_definition	EMAPA:19538	IAO:0000115	
WARN	missing_definition	EMAPA:19539	IAO:0000115	
WARN	missing_definition	EMAPA:19540	IAO:0000115	
WARN	missing_definition	EMAPA:19541	IAO:0000115	
WARN	missing_definition	EMAPA:19542	IAO:0000115	
WARN	missing_definition	EMAPA:19543	IAO:0000115	
WARN	missing_definition	EMAPA:19544	IAO:0000115	
WARN	missing_definition	EMAPA:19545	IAO:0000115	
WARN	missing_definition	EMAPA:19546	IAO:0000115	
WARN	missing_definition	EMAPA:19547	IAO:0000115	
WARN	missing_definition	EMAPA:19548	IAO:0000115	
WARN	missing_definition	EMAPA:19549	IAO:0000115	
WARN	missing_definition	EMAPA:19550	IAO:0000115	
WARN	missing_definition	EMAPA:19551	IAO:0000115	
WARN	missing_definition	EMAPA:19552	IAO:0000115	
WARN	missing_definition	EMAPA:19553	IAO:0000115	
WARN	missing_definition	EMAPA:19554	IAO:0000115	
WARN	missing_definition	EMAPA:19555	IAO:0000115	
WARN	missing_definition	EMAPA:19556	IAO:0000115	
WARN	missing_definition	EMAPA:19557	IAO:0000115	
WARN	missing_definition	EMAPA:19558	IAO:0000115	
WARN	missing_definition	EMAPA:19559	IAO:0000115	
WARN	missing_definition	EMAPA:19560	IAO:0000115	
WARN	missing_definition	EMAPA:19561	IAO:0000115	
WARN	missing_definition	EMAPA:19562	IAO:0000115	
WARN	missing_definition	EMAPA:19563	IAO:0000115	
WARN	missing_definition	EMAPA:19564	IAO:0000115	
WARN	missing_definition	EMAPA:19565	IAO:0000115	
WARN	missing_definition	EMAPA:19566	IAO:0000115	
WARN	missing_definition	EMAPA:19567	IAO:0000115	
WARN	missing_definition	EMAPA:19568	IAO:0000115	
WARN	missing_definition	EMAPA:19569	IAO:0000115	
WARN	missing_definition	EMAPA:19570	IAO:0000115	
WARN	missing_definition	EMAPA:19571	IAO:0000115	
WARN	missing_definition	EMAPA:19572	IAO:0000115	
WARN	missing_definition	EMAPA:19573	IAO:0000115	
WARN	missing_definition	EMAPA:19574	IAO:0000115	
WARN	missing_definition	EMAPA:19575	IAO:0000115	
WARN	missing_definition	EMAPA:19576	IAO:0000115	
WARN	missing_definition	EMAPA:19577	IAO:0000115	
WARN	missing_definition	EMAPA:19578	IAO:0000115	
WARN	missing_definition	EMAPA:19579	IAO:0000115	
WARN	missing_definition	EMAPA:19580	IAO:0000115	
WARN	missing_definition	EMAPA:19581	IAO:0000115	
WARN	missing_definition	EMAPA:19582	IAO:0000115	
WARN	missing_definition	EMAPA:19583	IAO:0000115	
WARN	missing_definition	EMAPA:19584	IAO:0000115	
WARN	missing_definition	EMAPA:19585	IAO:0000115	
WARN	missing_definition	EMAPA:19586	IAO:0000115	
WARN	missing_definition	EMAPA:19587	IAO:0000115	
WARN	missing_definition	EMAPA:19588	IAO:0000115	
WARN	missing_definition	EMAPA:19589	IAO:0000115	
WARN	missing_definition	EMAPA:19590	IAO:0000115	
WARN	missing_definition	EMAPA:19591	IAO:0000115	
WARN	missing_definition	EMAPA:19592	IAO:0000115	
WARN	missing_definition	EMAPA:19593	IAO:0000115	
WARN	missing_definition	EMAPA:19594	IAO:0000115	
WARN	missing_definition	EMAPA:19595	IAO:0000115	
WARN	missing_definition	EMAPA:19596	IAO:0000115	
WARN	missing_definition	EMAPA:19597	IAO:0000115	
WARN	missing_definition	EMAPA:19598	IAO:0000115	
WARN	missing_definition	EMAPA:19599	IAO:0000115	
WARN	missing_definition	EMAPA:19600	IAO:0000115	
WARN	missing_definition	EMAPA:19601	IAO:0000115	
WARN	missing_definition	EMAPA:19602	IAO:0000115	
WARN	missing_definition	EMAPA:19603	IAO:0000115	
WARN	missing_definition	EMAPA:19604	IAO:0000115	
WARN	missing_definition	EMAPA:19605	IAO:0000115	
WARN	missing_definition	EMAPA:19606	IAO:0000115	
WARN	missing_definition	EMAPA:19607	IAO:0000115	
WARN	missing_definition	EMAPA:19608	IAO:0000115	
WARN	missing_definition	EMAPA:19609	IAO:0000115	
WARN	missing_definition	EMAPA:19610	IAO:0000115	
WARN	missing_definition	EMAPA:19611	IAO:0000115	
WARN	missing_definition	EMAPA:19612	IAO:0000115	
WARN	missing_definition	EMAPA:19613	IAO:0000115	
WARN	missing_definition	EMAPA:19614	IAO:0000115	
WARN	missing_definition	EMAPA:19615	IAO:0000115	
WARN	missing_definition	EMAPA:19616	IAO:0000115	
WARN	missing_definition	EMAPA:19617	IAO:0000115	
WARN	missing_definition	EMAPA:19618	IAO:0000115	
WARN	missing_definition	EMAPA:19619	IAO:0000115	
WARN	missing_definition	EMAPA:19620	IAO:0000115	
WARN	missing_definition	EMAPA:19621	IAO:0000115	
WARN	missing_definition	EMAPA:19622	IAO:0000115	
WARN	missing_definition	EMAPA:19623	IAO:0000115	
WARN	missing_definition	EMAPA:19624	IAO:0000115	
WARN	missing_definition	EMAPA:19625	IAO:0000115	
WARN	missing_definition	EMAPA:19626	IAO:0000115	
WARN	missing_definition	EMAPA:19627	IAO:0000115	
WARN	missing_definition	EMAPA:19628	IAO:0000115	
WARN	missing_definition	EMAPA:19629	IAO:0000115	
WARN	missing_definition	EMAPA:19630	IAO:0000115	
WARN	missing_definition	EMAPA:19631	IAO:0000115	
WARN	missing_definition	EMAPA:19632	IAO:0000115	
WARN	missing_definition	EMAPA:19633	IAO:0000115	
WARN	missing_definition	EMAPA:19634	IAO:0000115	
WARN	missing_definition	EMAPA:19635	IAO:0000115	
WARN	missing_definition	EMAPA:19636	IAO:0000115	
WARN	missing_definition	EMAPA:19637	IAO:0000115	
WARN	missing_definition	EMAPA:19638	IAO:0000115	
WARN	missing_definition	EMAPA:19639	IAO:0000115	
WARN	missing_definition	EMAPA:19640	IAO:0000115	
WARN	missing_definition	EMAPA:19641	IAO:0000115	
WARN	missing_definition	EMAPA:19642	IAO:0000115	
WARN	missing_definition	EMAPA:19643	IAO:0000115	
WARN	missing_definition	EMAPA:19644	IAO:0000115	
WARN	missing_definition	EMAPA:19645	IAO:0000115	
WARN	missing_definition	EMAPA:19646	IAO:0000115	
WARN	missing_definition	EMAPA:19647	IAO:0000115	
WARN	missing_definition	EMAPA:19648	IAO:0000115	
WARN	missing_definition	EMAPA:19649	IAO:0000115	
WARN	missing_definition	EMAPA:19650	IAO:0000115	
WARN	missing_definition	EMAPA:19651	IAO:0000115	
WARN	missing_definition	EMAPA:19652	IAO:0000115	
WARN	missing_definition	EMAPA:19653	IAO:0000115	
WARN	missing_definition	EMAPA:19654	IAO:0000115	
WARN	missing_definition	EMAPA:19655	IAO:0000115	
WARN	missing_definition	EMAPA:19656	IAO:0000115	
WARN	missing_definition	EMAPA:19657	IAO:0000115	
WARN	missing_definition	EMAPA:19658	IAO:0000115	
WARN	missing_definition	EMAPA:19659	IAO:0000115	
WARN	missing_definition	EMAPA:19660	IAO:0000115	
WARN	missing_definition	EMAPA:19661	IAO:0000115	
WARN	missing_definition	EMAPA:19662	IAO:0000115	
WARN	missing_definition	EMAPA:19663	IAO:0000115	
WARN	missing_definition	EMAPA:19664	IAO:0000115	
WARN	missing_definition	EMAPA:19665	IAO:0000115	
WARN	missing_definition	EMAPA:19666	IAO:0000115	
WARN	missing_definition	EMAPA:19667	IAO:0000115	
WARN	missing_definition	EMAPA:19668	IAO:0000115	
WARN	missing_definition	EMAPA:19669	IAO:0000115	
WARN	missing_definition	EMAPA:19670	IAO:0000115	
WARN	missing_definition	EMAPA:19671	IAO:0000115	
WARN	missing_definition	EMAPA:19672	IAO:0000115	
WARN	missing_definition	EMAPA:19673	IAO:0000115	
WARN	missing_definition	EMAPA:19674	IAO:0000115	
WARN	missing_definition	EMAPA:19675	IAO:0000115	
WARN	missing_definition	EMAPA:19676	IAO:0000115	
WARN	missing_definition	EMAPA:19677	IAO:0000115	
WARN	missing_definition	EMAPA:19678	IAO:0000115	
WARN	missing_definition	EMAPA:19679	IAO:0000115	
WARN	missing_definition	EMAPA:19680	IAO:0000115	
WARN	missing_definition	EMAPA:25032	IAO:0000115	
WARN	missing_definition	EMAPA:25033	IAO:0000115	
WARN	missing_definition	EMAPA:25034	IAO:0000115	
WARN	missing_definition	EMAPA:25035	IAO:0000115	
WARN	missing_definition	EMAPA:25036	IAO:0000115	
WARN	missing_definition	EMAPA:25037	IAO:0000115	
WARN	missing_definition	EMAPA:25038	IAO:0000115	
WARN	missing_definition	EMAPA:25039	IAO:0000115	
WARN	missing_definition	EMAPA:25040	IAO:0000115	
WARN	missing_definition	EMAPA:25041	IAO:0000115	
WARN	missing_definition	EMAPA:25042	IAO:0000115	
WARN	missing_definition	EMAPA:25047	IAO:0000115	
WARN	missing_definition	EMAPA:25048	IAO:0000115	
WARN	missing_definition	EMAPA:25049	IAO:0000115	
WARN	missing_definition	EMAPA:25050	IAO:0000115	
WARN	missing_definition	EMAPA:25051	IAO:0000115	
WARN	missing_definition	EMAPA:25052	IAO:0000115	
WARN	missing_definition	EMAPA:25053	IAO:0000115	
WARN	missing_definition	EMAPA:25054	IAO:0000115	
WARN	missing_definition	EMAPA:25055	IAO:0000115	
WARN	missing_definition	EMAPA:25056	IAO:0000115	
WARN	missing_definition	EMAPA:25057	IAO:0000115	
WARN	missing_definition	EMAPA:25058	IAO:0000115	
WARN	missing_definition	EMAPA:25059	IAO:0000115	
WARN	missing_definition	EMAPA:25060	IAO:0000115	
WARN	missing_definition	EMAPA:25061	IAO:0000115	
WARN	missing_definition	EMAPA:25062	IAO:0000115	
WARN	missing_definition	EMAPA:25063	IAO:0000115	
WARN	missing_definition	EMAPA:25064	IAO:0000115	
WARN	missing_definition	EMAPA:25065	IAO:0000115	
WARN	missing_definition	EMAPA:25066	IAO:0000115	
WARN	missing_definition	EMAPA:25067	IAO:0000115	
WARN	missing_definition	EMAPA:25068	IAO:0000115	
WARN	missing_definition	EMAPA:25069	IAO:0000115	
WARN	missing_definition	EMAPA:25070	IAO:0000115	
WARN	missing_definition	EMAPA:25071	IAO:0000115	
WARN	missing_definition	EMAPA:25072	IAO:0000115	
WARN	missing_definition	EMAPA:25075	IAO:0000115	
WARN	missing_definition	EMAPA:25083	IAO:0000115	
WARN	missing_definition	EMAPA:25084	IAO:0000115	
WARN	missing_definition	EMAPA:25085	IAO:0000115	
WARN	missing_definition	EMAPA:25086	IAO:0000115	
WARN	missing_definition	EMAPA:25087	IAO:0000115	
WARN	missing_definition	EMAPA:25090	IAO:0000115	
WARN	missing_definition	EMAPA:25091	IAO:0000115	
WARN	missing_definition	EMAPA:25093	IAO:0000115	
WARN	missing_definition	EMAPA:25094	IAO:0000115	
WARN	missing_definition	EMAPA:25095	IAO:0000115	
WARN	missing_definition	EMAPA:25096	IAO:0000115	
WARN	missing_definition	EMAPA:25097	IAO:0000115	
WARN	missing_definition	EMAPA:25098	IAO:0000115	
WARN	missing_definition	EMAPA:25099	IAO:0000115	
WARN	missing_definition	EMAPA:25100	IAO:0000115	
WARN	missing_definition	EMAPA:25101	IAO:0000115	
WARN	missing_definition	EMAPA:25102	IAO:0000115	
WARN	missing_definition	EMAPA:25103	IAO:0000115	
WARN	missing_definition	EMAPA:25104	IAO:0000115	
WARN	missing_definition	EMAPA:25105	IAO:0000115	
WARN	missing_definition	EMAPA:25106	IAO:0000115	
WARN	missing_definition	EMAPA:25107	IAO:0000115	
WARN	missing_definition	EMAPA:25111	IAO:0000115	
WARN	missing_definition	EMAPA:25112	IAO:0000115	
WARN	missing_definition	EMAPA:25113	IAO:0000115	
WARN	missing_definition	EMAPA:25114	IAO:0000115	
WARN	missing_definition	EMAPA:25116	IAO:0000115	
WARN	missing_definition	EMAPA:25117	IAO:0000115	
WARN	missing_definition	EMAPA:25118	IAO:0000115	
WARN	missing_definition	EMAPA:25119	IAO:0000115	
WARN	missing_definition	EMAPA:25120	IAO:0000115	
WARN	missing_definition	EMAPA:25121	IAO:0000115	
WARN	missing_definition	EMAPA:25122	IAO:0000115	
WARN	missing_definition	EMAPA:25123	IAO:0000115	
WARN	missing_definition	EMAPA:25124	IAO:0000115	
WARN	missing_definition	EMAPA:25125	IAO:0000115	
WARN	missing_definition	EMAPA:25126	IAO:0000115	
WARN	missing_definition	EMAPA:25127	IAO:0000115	
WARN	missing_definition	EMAPA:25128	IAO:0000115	
WARN	missing_definition	EMAPA:25129	IAO:0000115	
WARN	missing_definition	EMAPA:25130	IAO:0000115	
WARN	missing_definition	EMAPA:25131	IAO:0000115	
WARN	missing_definition	EMAPA:25132	IAO:0000115	
WARN	missing_definition	EMAPA:25133	IAO:0000115	
WARN	missing_definition	EMAPA:25134	IAO:0000115	
WARN	missing_definition	EMAPA:25135	IAO:0000115	
WARN	missing_definition	EMAPA:25136	IAO:0000115	
WARN	missing_definition	EMAPA:25137	IAO:0000115	
WARN	missing_definition	EMAPA:25138	IAO:0000115	
WARN	missing_definition	EMAPA:25139	IAO:0000115	
WARN	missing_definition	EMAPA:25140	IAO:0000115	
WARN	missing_definition	EMAPA:25141	IAO:0000115	
WARN	missing_definition	EMAPA:25144	IAO:0000115	
WARN	missing_definition	EMAPA:25145	IAO:0000115	
WARN	missing_definition	EMAPA:25146	IAO:0000115	
WARN	missing_definition	EMAPA:25147	IAO:0000115	
WARN	missing_definition	EMAPA:25148	IAO:0000115	
WARN	missing_definition	EMAPA:25149	IAO:0000115	
WARN	missing_definition	EMAPA:25150	IAO:0000115	
WARN	missing_definition	EMAPA:25151	IAO:0000115	
WARN	missing_definition	EMAPA:25153	IAO:0000115	
WARN	missing_definition	EMAPA:25154	IAO:0000115	
WARN	missing_definition	EMAPA:25155	IAO:0000115	
WARN	missing_definition	EMAPA:25156	IAO:0000115	
WARN	missing_definition	EMAPA:25157	IAO:0000115	
WARN	missing_definition	EMAPA:25158	IAO:0000115	
WARN	missing_definition	EMAPA:25159	IAO:0000115	
WARN	missing_definition	EMAPA:25160	IAO:0000115	
WARN	missing_definition	EMAPA:25164	IAO:0000115	
WARN	missing_definition	EMAPA:25165	IAO:0000115	
WARN	missing_definition	EMAPA:25166	IAO:0000115	
WARN	missing_definition	EMAPA:25167	IAO:0000115	
WARN	missing_definition	EMAPA:25168	IAO:0000115	
WARN	missing_definition	EMAPA:25169	IAO:0000115	
WARN	missing_definition	EMAPA:25170	IAO:0000115	
WARN	missing_definition	EMAPA:25171	IAO:0000115	
WARN	missing_definition	EMAPA:25172	IAO:0000115	
WARN	missing_definition	EMAPA:25173	IAO:0000115	
WARN	missing_definition	EMAPA:25174	IAO:0000115	
WARN	missing_definition	EMAPA:25175	IAO:0000115	
WARN	missing_definition	EMAPA:25176	IAO:0000115	
WARN	missing_definition	EMAPA:25177	IAO:0000115	
WARN	missing_definition	EMAPA:25178	IAO:0000115	
WARN	missing_definition	EMAPA:25179	IAO:0000115	
WARN	missing_definition	EMAPA:25180	IAO:0000115	
WARN	missing_definition	EMAPA:25181	IAO:0000115	
WARN	missing_definition	EMAPA:25182	IAO:0000115	
WARN	missing_definition	EMAPA:25183	IAO:0000115	
WARN	missing_definition	EMAPA:25184	IAO:0000115	
WARN	missing_definition	EMAPA:25185	IAO:0000115	
WARN	missing_definition	EMAPA:25186	IAO:0000115	
WARN	missing_definition	EMAPA:25187	IAO:0000115	
WARN	missing_definition	EMAPA:25188	IAO:0000115	
WARN	missing_definition	EMAPA:25189	IAO:0000115	
WARN	missing_definition	EMAPA:25190	IAO:0000115	
WARN	missing_definition	EMAPA:25191	IAO:0000115	
WARN	missing_definition	EMAPA:25192	IAO:0000115	
WARN	missing_definition	EMAPA:25193	IAO:0000115	
WARN	missing_definition	EMAPA:25194	IAO:0000115	
WARN	missing_definition	EMAPA:25195	IAO:0000115	
WARN	missing_definition	EMAPA:25196	IAO:0000115	
WARN	missing_definition	EMAPA:25197	IAO:0000115	
WARN	missing_definition	EMAPA:25198	IAO:0000115	
WARN	missing_definition	EMAPA:25199	IAO:0000115	
WARN	missing_definition	EMAPA:25200	IAO:0000115	
WARN	missing_definition	EMAPA:25201	IAO:0000115	
WARN	missing_definition	EMAPA:25202	IAO:0000115	
WARN	missing_definition	EMAPA:25203	IAO:0000115	
WARN	missing_definition	EMAPA:25204	IAO:0000115	
WARN	missing_definition	EMAPA:25205	IAO:0000115	
WARN	missing_definition	EMAPA:25206	IAO:0000115	
WARN	missing_definition	EMAPA:25207	IAO:0000115	
WARN	missing_definition	EMAPA:25208	IAO:0000115	
WARN	missing_definition	EMAPA:25209	IAO:0000115	
WARN	missing_definition	EMAPA:25210	IAO:0000115	
WARN	missing_definition	EMAPA:25211	IAO:0000115	
WARN	missing_definition	EMAPA:25212	IAO:0000115	
WARN	missing_definition	EMAPA:25213	IAO:0000115	
WARN	missing_definition	EMAPA:25214	IAO:0000115	
WARN	missing_definition	EMAPA:25215	IAO:0000115	
WARN	missing_definition	EMAPA:25216	IAO:0000115	
WARN	missing_definition	EMAPA:25217	IAO:0000115	
WARN	missing_definition	EMAPA:25218	IAO:0000115	
WARN	missing_definition	EMAPA:25219	IAO:0000115	
WARN	missing_definition	EMAPA:25220	IAO:0000115	
WARN	missing_definition	EMAPA:25221	IAO:0000115	
WARN	missing_definition	EMAPA:25222	IAO:0000115	
WARN	missing_definition	EMAPA:25223	IAO:0000115	
WARN	missing_definition	EMAPA:25224	IAO:0000115	
WARN	missing_definition	EMAPA:25225	IAO:0000115	
WARN	missing_definition	EMAPA:25226	IAO:0000115	
WARN	missing_definition	EMAPA:25227	IAO:0000115	
WARN	missing_definition	EMAPA:25228	IAO:0000115	
WARN	missing_definition	EMAPA:25230	IAO:0000115	
WARN	missing_definition	EMAPA:25231	IAO:0000115	
WARN	missing_definition	EMAPA:25232	IAO:0000115	
WARN	missing_definition	EMAPA:25233	IAO:0000115	
WARN	missing_definition	EMAPA:25234	IAO:0000115	
WARN	missing_definition	EMAPA:25235	IAO:0000115	
WARN	missing_definition	EMAPA:25236	IAO:0000115	
WARN	missing_definition	EMAPA:25237	IAO:0000115	
WARN	missing_definition	EMAPA:25238	IAO:0000115	
WARN	missing_definition	EMAPA:25239	IAO:0000115	
WARN	missing_definition	EMAPA:25240	IAO:0000115	
WARN	missing_definition	EMAPA:25241	IAO:0000115	
WARN	missing_definition	EMAPA:25242	IAO:0000115	
WARN	missing_definition	EMAPA:25243	IAO:0000115	
WARN	missing_definition	EMAPA:25244	IAO:0000115	
WARN	missing_definition	EMAPA:25245	IAO:0000115	
WARN	missing_definition	EMAPA:25246	IAO:0000115	
WARN	missing_definition	EMAPA:25247	IAO:0000115	
WARN	missing_definition	EMAPA:25248	IAO:0000115	
WARN	missing_definition	EMAPA:25249	IAO:0000115	
WARN	missing_definition	EMAPA:25250	IAO:0000115	
WARN	missing_definition	EMAPA:25251	IAO:0000115	
WARN	missing_definition	EMAPA:25252	IAO:0000115	
WARN	missing_definition	EMAPA:25256	IAO:0000115	
WARN	missing_definition	EMAPA:25257	IAO:0000115	
WARN	missing_definition	EMAPA:25258	IAO:0000115	
WARN	missing_definition	EMAPA:25259	IAO:0000115	
WARN	missing_definition	EMAPA:25260	IAO:0000115	
WARN	missing_definition	EMAPA:25261	IAO:0000115	
WARN	missing_definition	EMAPA:25262	IAO:0000115	
WARN	missing_definition	EMAPA:25263	IAO:0000115	
WARN	missing_definition	EMAPA:25264	IAO:0000115	
WARN	missing_definition	EMAPA:25265	IAO:0000115	
WARN	missing_definition	EMAPA:25266	IAO:0000115	
WARN	missing_definition	EMAPA:25267	IAO:0000115	
WARN	missing_definition	EMAPA:25268	IAO:0000115	
WARN	missing_definition	EMAPA:25269	IAO:0000115	
WARN	missing_definition	EMAPA:25270	IAO:0000115	
WARN	missing_definition	EMAPA:25271	IAO:0000115	
WARN	missing_definition	EMAPA:25272	IAO:0000115	
WARN	missing_definition	EMAPA:25273	IAO:0000115	
WARN	missing_definition	EMAPA:25274	IAO:0000115	
WARN	missing_definition	EMAPA:25275	IAO:0000115	
WARN	missing_definition	EMAPA:25276	IAO:0000115	
WARN	missing_definition	EMAPA:25277	IAO:0000115	
WARN	missing_definition	EMAPA:25278	IAO:0000115	
WARN	missing_definition	EMAPA:25279	IAO:0000115	
WARN	missing_definition	EMAPA:25280	IAO:0000115	
WARN	missing_definition	EMAPA:25281	IAO:0000115	
WARN	missing_definition	EMAPA:25282	IAO:0000115	
WARN	missing_definition	EMAPA:25283	IAO:0000115	
WARN	missing_definition	EMAPA:25284	IAO:0000115	
WARN	missing_definition	EMAPA:25285	IAO:0000115	
WARN	missing_definition	EMAPA:25286	IAO:0000115	
WARN	missing_definition	EMAPA:25287	IAO:0000115	
WARN	missing_definition	EMAPA:25288	IAO:0000115	
WARN	missing_definition	EMAPA:25289	IAO:0000115	
WARN	missing_definition	EMAPA:25290	IAO:0000115	
WARN	missing_definition	EMAPA:25291	IAO:0000115	
WARN	missing_definition	EMAPA:25292	IAO:0000115	
WARN	missing_definition	EMAPA:25293	IAO:0000115	
WARN	missing_definition	EMAPA:25294	IAO:0000115	
WARN	missing_definition	EMAPA:25295	IAO:0000115	
WARN	missing_definition	EMAPA:25296	IAO:0000115	
WARN	missing_definition	EMAPA:25297	IAO:0000115	
WARN	missing_definition	EMAPA:25298	IAO:0000115	
WARN	missing_definition	EMAPA:25299	IAO:0000115	
WARN	missing_definition	EMAPA:25300	IAO:0000115	
WARN	missing_definition	EMAPA:25301	IAO:0000115	
WARN	missing_definition	EMAPA:25302	IAO:0000115	
WARN	missing_definition	EMAPA:25303	IAO:0000115	
WARN	missing_definition	EMAPA:25304	IAO:0000115	
WARN	missing_definition	EMAPA:25305	IAO:0000115	
WARN	missing_definition	EMAPA:25306	IAO:0000115	
WARN	missing_definition	EMAPA:25307	IAO:0000115	
WARN	missing_definition	EMAPA:25308	IAO:0000115	
WARN	missing_definition	EMAPA:25309	IAO:0000115	
WARN	missing_definition	EMAPA:25310	IAO:0000115	
WARN	missing_definition	EMAPA:25311	IAO:0000115	
WARN	missing_definition	EMAPA:25312	IAO:0000115	
WARN	missing_definition	EMAPA:25313	IAO:0000115	
WARN	missing_definition	EMAPA:25314	IAO:0000115	
WARN	missing_definition	EMAPA:25315	IAO:0000115	
WARN	missing_definition	EMAPA:25316	IAO:0000115	
WARN	missing_definition	EMAPA:25317	IAO:0000115	
WARN	missing_definition	EMAPA:25318	IAO:0000115	
WARN	missing_definition	EMAPA:25319	IAO:0000115	
WARN	missing_definition	EMAPA:25320	IAO:0000115	
WARN	missing_definition	EMAPA:25321	IAO:0000115	
WARN	missing_definition	EMAPA:25322	IAO:0000115	
WARN	missing_definition	EMAPA:25323	IAO:0000115	
WARN	missing_definition	EMAPA:25324	IAO:0000115	
WARN	missing_definition	EMAPA:25325	IAO:0000115	
WARN	missing_definition	EMAPA:25326	IAO:0000115	
WARN	missing_definition	EMAPA:25327	IAO:0000115	
WARN	missing_definition	EMAPA:25328	IAO:0000115	
WARN	missing_definition	EMAPA:25329	IAO:0000115	
WARN	missing_definition	EMAPA:25330	IAO:0000115	
WARN	missing_definition	EMAPA:25331	IAO:0000115	
WARN	missing_definition	EMAPA:25332	IAO:0000115	
WARN	missing_definition	EMAPA:25333	IAO:0000115	
WARN	missing_definition	EMAPA:25334	IAO:0000115	
WARN	missing_definition	EMAPA:25335	IAO:0000115	
WARN	missing_definition	EMAPA:25336	IAO:0000115	
WARN	missing_definition	EMAPA:25337	IAO:0000115	
WARN	missing_definition	EMAPA:25338	IAO:0000115	
WARN	missing_definition	EMAPA:25339	IAO:0000115	
WARN	missing_definition	EMAPA:25340	IAO:0000115	
WARN	missing_definition	EMAPA:25341	IAO:0000115	
WARN	missing_definition	EMAPA:25342	IAO:0000115	
WARN	missing_definition	EMAPA:25343	IAO:0000115	
WARN	missing_definition	EMAPA:25344	IAO:0000115	
WARN	missing_definition	EMAPA:25345	IAO:0000115	
WARN	missing_definition	EMAPA:25346	IAO:0000115	
WARN	missing_definition	EMAPA:25347	IAO:0000115	
WARN	missing_definition	EMAPA:25348	IAO:0000115	
WARN	missing_definition	EMAPA:25349	IAO:0000115	
WARN	missing_definition	EMAPA:25350	IAO:0000115	
WARN	missing_definition	EMAPA:25351	IAO:0000115	
WARN	missing_definition	EMAPA:25352	IAO:0000115	
WARN	missing_definition	EMAPA:25353	IAO:0000115	
WARN	missing_definition	EMAPA:25354	IAO:0000115	
WARN	missing_definition	EMAPA:25355	IAO:0000115	
WARN	missing_definition	EMAPA:25356	IAO:0000115	
WARN	missing_definition	EMAPA:25357	IAO:0000115	
WARN	missing_definition	EMAPA:25358	IAO:0000115	
WARN	missing_definition	EMAPA:25359	IAO:0000115	
WARN	missing_definition	EMAPA:25360	IAO:0000115	
WARN	missing_definition	EMAPA:25361	IAO:0000115	
WARN	missing_definition	EMAPA:25362	IAO:0000115	
WARN	missing_definition	EMAPA:25363	IAO:0000115	
WARN	missing_definition	EMAPA:25366	IAO:0000115	
WARN	missing_definition	EMAPA:25368	IAO:0000115	
WARN	missing_definition	EMAPA:25369	IAO:0000115	
WARN	missing_definition	EMAPA:25370	IAO:0000115	
WARN	missing_definition	EMAPA:25371	IAO:0000115	
WARN	missing_definition	EMAPA:25372	IAO:0000115	
WARN	missing_definition	EMAPA:25373	IAO:0000115	
WARN	missing_definition	EMAPA:25374	IAO:0000115	
WARN	missing_definition	EMAPA:25376	IAO:0000115	
WARN	missing_definition	EMAPA:25377	IAO:0000115	
WARN	missing_definition	EMAPA:25378	IAO:0000115	
WARN	missing_definition	EMAPA:25379	IAO:0000115	
WARN	missing_definition	EMAPA:25380	IAO:0000115	
WARN	missing_definition	EMAPA:25381	IAO:0000115	
WARN	missing_definition	EMAPA:25382	IAO:0000115	
WARN	missing_definition	EMAPA:25384	IAO:0000115	
WARN	missing_definition	EMAPA:25385	IAO:0000115	
WARN	missing_definition	EMAPA:25386	IAO:0000115	
WARN	missing_definition	EMAPA:25387	IAO:0000115	
WARN	missing_definition	EMAPA:25388	IAO:0000115	
WARN	missing_definition	EMAPA:25389	IAO:0000115	
WARN	missing_definition	EMAPA:25390	IAO:0000115	
WARN	missing_definition	EMAPA:25392	IAO:0000115	
WARN	missing_definition	EMAPA:25393	IAO:0000115	
WARN	missing_definition	EMAPA:25394	IAO:0000115	
WARN	missing_definition	EMAPA:25395	IAO:0000115	
WARN	missing_definition	EMAPA:25396	IAO:0000115	
WARN	missing_definition	EMAPA:25397	IAO:0000115	
WARN	missing_definition	EMAPA:25398	IAO:0000115	
WARN	missing_definition	EMAPA:25400	IAO:0000115	
WARN	missing_definition	EMAPA:25401	IAO:0000115	
WARN	missing_definition	EMAPA:25402	IAO:0000115	
WARN	missing_definition	EMAPA:25403	IAO:0000115	
WARN	missing_definition	EMAPA:25404	IAO:0000115	
WARN	missing_definition	EMAPA:25405	IAO:0000115	
WARN	missing_definition	EMAPA:25406	IAO:0000115	
WARN	missing_definition	EMAPA:25408	IAO:0000115	
WARN	missing_definition	EMAPA:25409	IAO:0000115	
WARN	missing_definition	EMAPA:25410	IAO:0000115	
WARN	missing_definition	EMAPA:25411	IAO:0000115	
WARN	missing_definition	EMAPA:25412	IAO:0000115	
WARN	missing_definition	EMAPA:25413	IAO:0000115	
WARN	missing_definition	EMAPA:25414	IAO:0000115	
WARN	missing_definition	EMAPA:25416	IAO:0000115	
WARN	missing_definition	EMAPA:25417	IAO:0000115	
WARN	missing_definition	EMAPA:25418	IAO:0000115	
WARN	missing_definition	EMAPA:25419	IAO:0000115	
WARN	missing_definition	EMAPA:25420	IAO:0000115	
WARN	missing_definition	EMAPA:25421	IAO:0000115	
WARN	missing_definition	EMAPA:25422	IAO:0000115	
WARN	missing_definition	EMAPA:25424	IAO:0000115	
WARN	missing_definition	EMAPA:25425	IAO:0000115	
WARN	missing_definition	EMAPA:25426	IAO:0000115	
WARN	missing_definition	EMAPA:25427	IAO:0000115	
WARN	missing_definition	EMAPA:25428	IAO:0000115	
WARN	missing_definition	EMAPA:25429	IAO:0000115	
WARN	missing_definition	EMAPA:25430	IAO:0000115	
WARN	missing_definition	EMAPA:25432	IAO:0000115	
WARN	missing_definition	EMAPA:25433	IAO:0000115	
WARN	missing_definition	EMAPA:25434	IAO:0000115	
WARN	missing_definition	EMAPA:25435	IAO:0000115	
WARN	missing_definition	EMAPA:25436	IAO:0000115	
WARN	missing_definition	EMAPA:25437	IAO:0000115	
WARN	missing_definition	EMAPA:25438	IAO:0000115	
WARN	missing_definition	EMAPA:25440	IAO:0000115	
WARN	missing_definition	EMAPA:25441	IAO:0000115	
WARN	missing_definition	EMAPA:25442	IAO:0000115	
WARN	missing_definition	EMAPA:25443	IAO:0000115	
WARN	missing_definition	EMAPA:25444	IAO:0000115	
WARN	missing_definition	EMAPA:25445	IAO:0000115	
WARN	missing_definition	EMAPA:25446	IAO:0000115	
WARN	missing_definition	EMAPA:25448	IAO:0000115	
WARN	missing_definition	EMAPA:25449	IAO:0000115	
WARN	missing_definition	EMAPA:25450	IAO:0000115	
WARN	missing_definition	EMAPA:25451	IAO:0000115	
WARN	missing_definition	EMAPA:25452	IAO:0000115	
WARN	missing_definition	EMAPA:25453	IAO:0000115	
WARN	missing_definition	EMAPA:25454	IAO:0000115	
WARN	missing_definition	EMAPA:25456	IAO:0000115	
WARN	missing_definition	EMAPA:25457	IAO:0000115	
WARN	missing_definition	EMAPA:25458	IAO:0000115	
WARN	missing_definition	EMAPA:25459	IAO:0000115	
WARN	missing_definition	EMAPA:25460	IAO:0000115	
WARN	missing_definition	EMAPA:25461	IAO:0000115	
WARN	missing_definition	EMAPA:25462	IAO:0000115	
WARN	missing_definition	EMAPA:25464	IAO:0000115	
WARN	missing_definition	EMAPA:25465	IAO:0000115	
WARN	missing_definition	EMAPA:25466	IAO:0000115	
WARN	missing_definition	EMAPA:25467	IAO:0000115	
WARN	missing_definition	EMAPA:25468	IAO:0000115	
WARN	missing_definition	EMAPA:25469	IAO:0000115	
WARN	missing_definition	EMAPA:25470	IAO:0000115	
WARN	missing_definition	EMAPA:25472	IAO:0000115	
WARN	missing_definition	EMAPA:25473	IAO:0000115	
WARN	missing_definition	EMAPA:25474	IAO:0000115	
WARN	missing_definition	EMAPA:25475	IAO:0000115	
WARN	missing_definition	EMAPA:25476	IAO:0000115	
WARN	missing_definition	EMAPA:25477	IAO:0000115	
WARN	missing_definition	EMAPA:25478	IAO:0000115	
WARN	missing_definition	EMAPA:25480	IAO:0000115	
WARN	missing_definition	EMAPA:25481	IAO:0000115	
WARN	missing_definition	EMAPA:25482	IAO:0000115	
WARN	missing_definition	EMAPA:25483	IAO:0000115	
WARN	missing_definition	EMAPA:25484	IAO:0000115	
WARN	missing_definition	EMAPA:25485	IAO:0000115	
WARN	missing_definition	EMAPA:25486	IAO:0000115	
WARN	missing_definition	EMAPA:25488	IAO:0000115	
WARN	missing_definition	EMAPA:25489	IAO:0000115	
WARN	missing_definition	EMAPA:25490	IAO:0000115	
WARN	missing_definition	EMAPA:25491	IAO:0000115	
WARN	missing_definition	EMAPA:25492	IAO:0000115	
WARN	missing_definition	EMAPA:25493	IAO:0000115	
WARN	missing_definition	EMAPA:25494	IAO:0000115	
WARN	missing_definition	EMAPA:25496	IAO:0000115	
WARN	missing_definition	EMAPA:25497	IAO:0000115	
WARN	missing_definition	EMAPA:25498	IAO:0000115	
WARN	missing_definition	EMAPA:25499	IAO:0000115	
WARN	missing_definition	EMAPA:25500	IAO:0000115	
WARN	missing_definition	EMAPA:25501	IAO:0000115	
WARN	missing_definition	EMAPA:25502	IAO:0000115	
WARN	missing_definition	EMAPA:25504	IAO:0000115	
WARN	missing_definition	EMAPA:25505	IAO:0000115	
WARN	missing_definition	EMAPA:25506	IAO:0000115	
WARN	missing_definition	EMAPA:25507	IAO:0000115	
WARN	missing_definition	EMAPA:25508	IAO:0000115	
WARN	missing_definition	EMAPA:25509	IAO:0000115	
WARN	missing_definition	EMAPA:25510	IAO:0000115	
WARN	missing_definition	EMAPA:25512	IAO:0000115	
WARN	missing_definition	EMAPA:25513	IAO:0000115	
WARN	missing_definition	EMAPA:25514	IAO:0000115	
WARN	missing_definition	EMAPA:25515	IAO:0000115	
WARN	missing_definition	EMAPA:25516	IAO:0000115	
WARN	missing_definition	EMAPA:25517	IAO:0000115	
WARN	missing_definition	EMAPA:25518	IAO:0000115	
WARN	missing_definition	EMAPA:25520	IAO:0000115	
WARN	missing_definition	EMAPA:25521	IAO:0000115	
WARN	missing_definition	EMAPA:25522	IAO:0000115	
WARN	missing_definition	EMAPA:25523	IAO:0000115	
WARN	missing_definition	EMAPA:25524	IAO:0000115	
WARN	missing_definition	EMAPA:25525	IAO:0000115	
WARN	missing_definition	EMAPA:25526	IAO:0000115	
WARN	missing_definition	EMAPA:25528	IAO:0000115	
WARN	missing_definition	EMAPA:25529	IAO:0000115	
WARN	missing_definition	EMAPA:25530	IAO:0000115	
WARN	missing_definition	EMAPA:25531	IAO:0000115	
WARN	missing_definition	EMAPA:25532	IAO:0000115	
WARN	missing_definition	EMAPA:25533	IAO:0000115	
WARN	missing_definition	EMAPA:25534	IAO:0000115	
WARN	missing_definition	EMAPA:25536	IAO:0000115	
WARN	missing_definition	EMAPA:25537	IAO:0000115	
WARN	missing_definition	EMAPA:25538	IAO:0000115	
WARN	missing_definition	EMAPA:25539	IAO:0000115	
WARN	missing_definition	EMAPA:25540	IAO:0000115	
WARN	missing_definition	EMAPA:25541	IAO:0000115	
WARN	missing_definition	EMAPA:25542	IAO:0000115	
WARN	missing_definition	EMAPA:25544	IAO:0000115	
WARN	missing_definition	EMAPA:25545	IAO:0000115	
WARN	missing_definition	EMAPA:25546	IAO:0000115	
WARN	missing_definition	EMAPA:25547	IAO:0000115	
WARN	missing_definition	EMAPA:25548	IAO:0000115	
WARN	missing_definition	EMAPA:25549	IAO:0000115	
WARN	missing_definition	EMAPA:25550	IAO:0000115	
WARN	missing_definition	EMAPA:25552	IAO:0000115	
WARN	missing_definition	EMAPA:25553	IAO:0000115	
WARN	missing_definition	EMAPA:25554	IAO:0000115	
WARN	missing_definition	EMAPA:25555	IAO:0000115	
WARN	missing_definition	EMAPA:25556	IAO:0000115	
WARN	missing_definition	EMAPA:25557	IAO:0000115	
WARN	missing_definition	EMAPA:25558	IAO:0000115	
WARN	missing_definition	EMAPA:25560	IAO:0000115	
WARN	missing_definition	EMAPA:25561	IAO:0000115	
WARN	missing_definition	EMAPA:25562	IAO:0000115	
WARN	missing_definition	EMAPA:25563	IAO:0000115	
WARN	missing_definition	EMAPA:25564	IAO:0000115	
WARN	missing_definition	EMAPA:25565	IAO:0000115	
WARN	missing_definition	EMAPA:25566	IAO:0000115	
WARN	missing_definition	EMAPA:25568	IAO:0000115	
WARN	missing_definition	EMAPA:25569	IAO:0000115	
WARN	missing_definition	EMAPA:25570	IAO:0000115	
WARN	missing_definition	EMAPA:25571	IAO:0000115	
WARN	missing_definition	EMAPA:25572	IAO:0000115	
WARN	missing_definition	EMAPA:25573	IAO:0000115	
WARN	missing_definition	EMAPA:25574	IAO:0000115	
WARN	missing_definition	EMAPA:25576	IAO:0000115	
WARN	missing_definition	EMAPA:25577	IAO:0000115	
WARN	missing_definition	EMAPA:25578	IAO:0000115	
WARN	missing_definition	EMAPA:25579	IAO:0000115	
WARN	missing_definition	EMAPA:25580	IAO:0000115	
WARN	missing_definition	EMAPA:25581	IAO:0000115	
WARN	missing_definition	EMAPA:25582	IAO:0000115	
WARN	missing_definition	EMAPA:25584	IAO:0000115	
WARN	missing_definition	EMAPA:25585	IAO:0000115	
WARN	missing_definition	EMAPA:25586	IAO:0000115	
WARN	missing_definition	EMAPA:25587	IAO:0000115	
WARN	missing_definition	EMAPA:25588	IAO:0000115	
WARN	missing_definition	EMAPA:25589	IAO:0000115	
WARN	missing_definition	EMAPA:25590	IAO:0000115	
WARN	missing_definition	EMAPA:25592	IAO:0000115	
WARN	missing_definition	EMAPA:25593	IAO:0000115	
WARN	missing_definition	EMAPA:25594	IAO:0000115	
WARN	missing_definition	EMAPA:25595	IAO:0000115	
WARN	missing_definition	EMAPA:25596	IAO:0000115	
WARN	missing_definition	EMAPA:25597	IAO:0000115	
WARN	missing_definition	EMAPA:25598	IAO:0000115	
WARN	missing_definition	EMAPA:25600	IAO:0000115	
WARN	missing_definition	EMAPA:25601	IAO:0000115	
WARN	missing_definition	EMAPA:25602	IAO:0000115	
WARN	missing_definition	EMAPA:25603	IAO:0000115	
WARN	missing_definition	EMAPA:25604	IAO:0000115	
WARN	missing_definition	EMAPA:25605	IAO:0000115	
WARN	missing_definition	EMAPA:25606	IAO:0000115	
WARN	missing_definition	EMAPA:25608	IAO:0000115	
WARN	missing_definition	EMAPA:25609	IAO:0000115	
WARN	missing_definition	EMAPA:25610	IAO:0000115	
WARN	missing_definition	EMAPA:25611	IAO:0000115	
WARN	missing_definition	EMAPA:25612	IAO:0000115	
WARN	missing_definition	EMAPA:25613	IAO:0000115	
WARN	missing_definition	EMAPA:25614	IAO:0000115	
WARN	missing_definition	EMAPA:25616	IAO:0000115	
WARN	missing_definition	EMAPA:25617	IAO:0000115	
WARN	missing_definition	EMAPA:25618	IAO:0000115	
WARN	missing_definition	EMAPA:25619	IAO:0000115	
WARN	missing_definition	EMAPA:25620	IAO:0000115	
WARN	missing_definition	EMAPA:25621	IAO:0000115	
WARN	missing_definition	EMAPA:25622	IAO:0000115	
WARN	missing_definition	EMAPA:25624	IAO:0000115	
WARN	missing_definition	EMAPA:25625	IAO:0000115	
WARN	missing_definition	EMAPA:25626	IAO:0000115	
WARN	missing_definition	EMAPA:25627	IAO:0000115	
WARN	missing_definition	EMAPA:25628	IAO:0000115	
WARN	missing_definition	EMAPA:25629	IAO:0000115	
WARN	missing_definition	EMAPA:25630	IAO:0000115	
WARN	missing_definition	EMAPA:25632	IAO:0000115	
WARN	missing_definition	EMAPA:25633	IAO:0000115	
WARN	missing_definition	EMAPA:25634	IAO:0000115	
WARN	missing_definition	EMAPA:25635	IAO:0000115	
WARN	missing_definition	EMAPA:25636	IAO:0000115	
WARN	missing_definition	EMAPA:25637	IAO:0000115	
WARN	missing_definition	EMAPA:25638	IAO:0000115	
WARN	missing_definition	EMAPA:25640	IAO:0000115	
WARN	missing_definition	EMAPA:25641	IAO:0000115	
WARN	missing_definition	EMAPA:25642	IAO:0000115	
WARN	missing_definition	EMAPA:25643	IAO:0000115	
WARN	missing_definition	EMAPA:25644	IAO:0000115	
WARN	missing_definition	EMAPA:25645	IAO:0000115	
WARN	missing_definition	EMAPA:25646	IAO:0000115	
WARN	missing_definition	EMAPA:25648	IAO:0000115	
WARN	missing_definition	EMAPA:25649	IAO:0000115	
WARN	missing_definition	EMAPA:25650	IAO:0000115	
WARN	missing_definition	EMAPA:25651	IAO:0000115	
WARN	missing_definition	EMAPA:25652	IAO:0000115	
WARN	missing_definition	EMAPA:25653	IAO:0000115	
WARN	missing_definition	EMAPA:25654	IAO:0000115	
WARN	missing_definition	EMAPA:25656	IAO:0000115	
WARN	missing_definition	EMAPA:25657	IAO:0000115	
WARN	missing_definition	EMAPA:25658	IAO:0000115	
WARN	missing_definition	EMAPA:25659	IAO:0000115	
WARN	missing_definition	EMAPA:25660	IAO:0000115	
WARN	missing_definition	EMAPA:25661	IAO:0000115	
WARN	missing_definition	EMAPA:25662	IAO:0000115	
WARN	missing_definition	EMAPA:25664	IAO:0000115	
WARN	missing_definition	EMAPA:25665	IAO:0000115	
WARN	missing_definition	EMAPA:25666	IAO:0000115	
WARN	missing_definition	EMAPA:25667	IAO:0000115	
WARN	missing_definition	EMAPA:25668	IAO:0000115	
WARN	missing_definition	EMAPA:25669	IAO:0000115	
WARN	missing_definition	EMAPA:25670	IAO:0000115	
WARN	missing_definition	EMAPA:25672	IAO:0000115	
WARN	missing_definition	EMAPA:25673	IAO:0000115	
WARN	missing_definition	EMAPA:25674	IAO:0000115	
WARN	missing_definition	EMAPA:25675	IAO:0000115	
WARN	missing_definition	EMAPA:25676	IAO:0000115	
WARN	missing_definition	EMAPA:25677	IAO:0000115	
WARN	missing_definition	EMAPA:25678	IAO:0000115	
WARN	missing_definition	EMAPA:25680	IAO:0000115	
WARN	missing_definition	EMAPA:25681	IAO:0000115	
WARN	missing_definition	EMAPA:25682	IAO:0000115	
WARN	missing_definition	EMAPA:25683	IAO:0000115	
WARN	missing_definition	EMAPA:25684	IAO:0000115	
WARN	missing_definition	EMAPA:25685	IAO:0000115	
WARN	missing_definition	EMAPA:25686	IAO:0000115	
WARN	missing_definition	EMAPA:25688	IAO:0000115	
WARN	missing_definition	EMAPA:25689	IAO:0000115	
WARN	missing_definition	EMAPA:25690	IAO:0000115	
WARN	missing_definition	EMAPA:25691	IAO:0000115	
WARN	missing_definition	EMAPA:25692	IAO:0000115	
WARN	missing_definition	EMAPA:25693	IAO:0000115	
WARN	missing_definition	EMAPA:25694	IAO:0000115	
WARN	missing_definition	EMAPA:25695	IAO:0000115	
WARN	missing_definition	EMAPA:25696	IAO:0000115	
WARN	missing_definition	EMAPA:25697	IAO:0000115	
WARN	missing_definition	EMAPA:25698	IAO:0000115	
WARN	missing_definition	EMAPA:25699	IAO:0000115	
WARN	missing_definition	EMAPA:25700	IAO:0000115	
WARN	missing_definition	EMAPA:25701	IAO:0000115	
WARN	missing_definition	EMAPA:25702	IAO:0000115	
WARN	missing_definition	EMAPA:25703	IAO:0000115	
WARN	missing_definition	EMAPA:25704	IAO:0000115	
WARN	missing_definition	EMAPA:25705	IAO:0000115	
WARN	missing_definition	EMAPA:25706	IAO:0000115	
WARN	missing_definition	EMAPA:25707	IAO:0000115	
WARN	missing_definition	EMAPA:25708	IAO:0000115	
WARN	missing_definition	EMAPA:25709	IAO:0000115	
WARN	missing_definition	EMAPA:25710	IAO:0000115	
WARN	missing_definition	EMAPA:25711	IAO:0000115	
WARN	missing_definition	EMAPA:25712	IAO:0000115	
WARN	missing_definition	EMAPA:25713	IAO:0000115	
WARN	missing_definition	EMAPA:25714	IAO:0000115	
WARN	missing_definition	EMAPA:25715	IAO:0000115	
WARN	missing_definition	EMAPA:25716	IAO:0000115	
WARN	missing_definition	EMAPA:25717	IAO:0000115	
WARN	missing_definition	EMAPA:25718	IAO:0000115	
WARN	missing_definition	EMAPA:25719	IAO:0000115	
WARN	missing_definition	EMAPA:25720	IAO:0000115	
WARN	missing_definition	EMAPA:25721	IAO:0000115	
WARN	missing_definition	EMAPA:25722	IAO:0000115	
WARN	missing_definition	EMAPA:25723	IAO:0000115	
WARN	missing_definition	EMAPA:25724	IAO:0000115	
WARN	missing_definition	EMAPA:25725	IAO:0000115	
WARN	missing_definition	EMAPA:25726	IAO:0000115	
WARN	missing_definition	EMAPA:25727	IAO:0000115	
WARN	missing_definition	EMAPA:25728	IAO:0000115	
WARN	missing_definition	EMAPA:25729	IAO:0000115	
WARN	missing_definition	EMAPA:25730	IAO:0000115	
WARN	missing_definition	EMAPA:25731	IAO:0000115	
WARN	missing_definition	EMAPA:25732	IAO:0000115	
WARN	missing_definition	EMAPA:25733	IAO:0000115	
WARN	missing_definition	EMAPA:25734	IAO:0000115	
WARN	missing_definition	EMAPA:25735	IAO:0000115	
WARN	missing_definition	EMAPA:25736	IAO:0000115	
WARN	missing_definition	EMAPA:25737	IAO:0000115	
WARN	missing_definition	EMAPA:25738	IAO:0000115	
WARN	missing_definition	EMAPA:25739	IAO:0000115	
WARN	missing_definition	EMAPA:25740	IAO:0000115	
WARN	missing_definition	EMAPA:25741	IAO:0000115	
WARN	missing_definition	EMAPA:25742	IAO:0000115	
WARN	missing_definition	EMAPA:25743	IAO:0000115	
WARN	missing_definition	EMAPA:25744	IAO:0000115	
WARN	missing_definition	EMAPA:25745	IAO:0000115	
WARN	missing_definition	EMAPA:25746	IAO:0000115	
WARN	missing_definition	EMAPA:25747	IAO:0000115	
WARN	missing_definition	EMAPA:25748	IAO:0000115	
WARN	missing_definition	EMAPA:25749	IAO:0000115	
WARN	missing_definition	EMAPA:25750	IAO:0000115	
WARN	missing_definition	EMAPA:25751	IAO:0000115	
WARN	missing_definition	EMAPA:25752	IAO:0000115	
WARN	missing_definition	EMAPA:25753	IAO:0000115	
WARN	missing_definition	EMAPA:25754	IAO:0000115	
WARN	missing_definition	EMAPA:25755	IAO:0000115	
WARN	missing_definition	EMAPA:25756	IAO:0000115	
WARN	missing_definition	EMAPA:25757	IAO:0000115	
WARN	missing_definition	EMAPA:25758	IAO:0000115	
WARN	missing_definition	EMAPA:25759	IAO:0000115	
WARN	missing_definition	EMAPA:25760	IAO:0000115	
WARN	missing_definition	EMAPA:25761	IAO:0000115	
WARN	missing_definition	EMAPA:25762	IAO:0000115	
WARN	missing_definition	EMAPA:25763	IAO:0000115	
WARN	missing_definition	EMAPA:25764	IAO:0000115	
WARN	missing_definition	EMAPA:25765	IAO:0000115	
WARN	missing_definition	EMAPA:26011	IAO:0000115	
WARN	missing_definition	EMAPA:26020	IAO:0000115	
WARN	missing_definition	EMAPA:26029	IAO:0000115	
WARN	missing_definition	EMAPA:26038	IAO:0000115	
WARN	missing_definition	EMAPA:26047	IAO:0000115	
WARN	missing_definition	EMAPA:26056	IAO:0000115	
WARN	missing_definition	EMAPA:26064	IAO:0000115	
WARN	missing_definition	EMAPA:26072	IAO:0000115	
WARN	missing_definition	EMAPA:26081	IAO:0000115	
WARN	missing_definition	EMAPA:26089	IAO:0000115	
WARN	missing_definition	EMAPA:26097	IAO:0000115	
WARN	missing_definition	EMAPA:26115	IAO:0000115	
WARN	missing_definition	EMAPA:26127	IAO:0000115	
WARN	missing_definition	EMAPA:26139	IAO:0000115	
WARN	missing_definition	EMAPA:26151	IAO:0000115	
WARN	missing_definition	EMAPA:26164	IAO:0000115	
WARN	missing_definition	EMAPA:26172	IAO:0000115	
WARN	missing_definition	EMAPA:26220	IAO:0000115	
WARN	missing_definition	EMAPA:26430	IAO:0000115	
WARN	missing_definition	EMAPA:26436	IAO:0000115	
WARN	missing_definition	EMAPA:26442	IAO:0000115	
WARN	missing_definition	EMAPA:26448	IAO:0000115	
WARN	missing_definition	EMAPA:26454	IAO:0000115	
WARN	missing_definition	EMAPA:26460	IAO:0000115	
WARN	missing_definition	EMAPA:26466	IAO:0000115	
WARN	missing_definition	EMAPA:26472	IAO:0000115	
WARN	missing_definition	EMAPA:26478	IAO:0000115	
WARN	missing_definition	EMAPA:26484	IAO:0000115	
WARN	missing_definition	EMAPA:26521	IAO:0000115	
WARN	missing_definition	EMAPA:26523	IAO:0000115	
WARN	missing_definition	EMAPA:26525	IAO:0000115	
WARN	missing_definition	EMAPA:26527	IAO:0000115	
WARN	missing_definition	EMAPA:26529	IAO:0000115	
WARN	missing_definition	EMAPA:26533	IAO:0000115	
WARN	missing_definition	EMAPA:26535	IAO:0000115	
WARN	missing_definition	EMAPA:26537	IAO:0000115	
WARN	missing_definition	EMAPA:26539	IAO:0000115	
WARN	missing_definition	EMAPA:26541	IAO:0000115	
WARN	missing_definition	EMAPA:26543	IAO:0000115	
WARN	missing_definition	EMAPA:26545	IAO:0000115	
WARN	missing_definition	EMAPA:26549	IAO:0000115	
WARN	missing_definition	EMAPA:26551	IAO:0000115	
WARN	missing_definition	EMAPA:26553	IAO:0000115	
WARN	missing_definition	EMAPA:26555	IAO:0000115	
WARN	missing_definition	EMAPA:26557	IAO:0000115	
WARN	missing_definition	EMAPA:26559	IAO:0000115	
WARN	missing_definition	EMAPA:26561	IAO:0000115	
WARN	missing_definition	EMAPA:26563	IAO:0000115	
WARN	missing_definition	EMAPA:26565	IAO:0000115	
WARN	missing_definition	EMAPA:26567	IAO:0000115	
WARN	missing_definition	EMAPA:26569	IAO:0000115	
WARN	missing_definition	EMAPA:26571	IAO:0000115	
WARN	missing_definition	EMAPA:26573	IAO:0000115	
WARN	missing_definition	EMAPA:26575	IAO:0000115	
WARN	missing_definition	EMAPA:26577	IAO:0000115	
WARN	missing_definition	EMAPA:26579	IAO:0000115	
WARN	missing_definition	EMAPA:26581	IAO:0000115	
WARN	missing_definition	EMAPA:26583	IAO:0000115	
WARN	missing_definition	EMAPA:26585	IAO:0000115	
WARN	missing_definition	EMAPA:26587	IAO:0000115	
WARN	missing_definition	EMAPA:26589	IAO:0000115	
WARN	missing_definition	EMAPA:26591	IAO:0000115	
WARN	missing_definition	EMAPA:26593	IAO:0000115	
WARN	missing_definition	EMAPA:26595	IAO:0000115	
WARN	missing_definition	EMAPA:26597	IAO:0000115	
WARN	missing_definition	EMAPA:26599	IAO:0000115	
WARN	missing_definition	EMAPA:26601	IAO:0000115	
WARN	missing_definition	EMAPA:26603	IAO:0000115	
WARN	missing_definition	EMAPA:26605	IAO:0000115	
WARN	missing_definition	EMAPA:26607	IAO:0000115	
WARN	missing_definition	EMAPA:26609	IAO:0000115	
WARN	missing_definition	EMAPA:26611	IAO:0000115	
WARN	missing_definition	EMAPA:26613	IAO:0000115	
WARN	missing_definition	EMAPA:26615	IAO:0000115	
WARN	missing_definition	EMAPA:26617	IAO:0000115	
WARN	missing_definition	EMAPA:26619	IAO:0000115	
WARN	missing_definition	EMAPA:26621	IAO:0000115	
WARN	missing_definition	EMAPA:26623	IAO:0000115	
WARN	missing_definition	EMAPA:26625	IAO:0000115	
WARN	missing_definition	EMAPA:26627	IAO:0000115	
WARN	missing_definition	EMAPA:26629	IAO:0000115	
WARN	missing_definition	EMAPA:26631	IAO:0000115	
WARN	missing_definition	EMAPA:26633	IAO:0000115	
WARN	missing_definition	EMAPA:26635	IAO:0000115	
WARN	missing_definition	EMAPA:26637	IAO:0000115	
WARN	missing_definition	EMAPA:26639	IAO:0000115	
WARN	missing_definition	EMAPA:26641	IAO:0000115	
WARN	missing_definition	EMAPA:26643	IAO:0000115	
WARN	missing_definition	EMAPA:26645	IAO:0000115	
WARN	missing_definition	EMAPA:26647	IAO:0000115	
WARN	missing_definition	EMAPA:26649	IAO:0000115	
WARN	missing_definition	EMAPA:26651	IAO:0000115	
WARN	missing_definition	EMAPA:26653	IAO:0000115	
WARN	missing_definition	EMAPA:26655	IAO:0000115	
WARN	missing_definition	EMAPA:26657	IAO:0000115	
WARN	missing_definition	EMAPA:26659	IAO:0000115	
WARN	missing_definition	EMAPA:26661	IAO:0000115	
WARN	missing_definition	EMAPA:26663	IAO:0000115	
WARN	missing_definition	EMAPA:26665	IAO:0000115	
WARN	missing_definition	EMAPA:26667	IAO:0000115	
WARN	missing_definition	EMAPA:26669	IAO:0000115	
WARN	missing_definition	EMAPA:26671	IAO:0000115	
WARN	missing_definition	EMAPA:26673	IAO:0000115	
WARN	missing_definition	EMAPA:26675	IAO:0000115	
WARN	missing_definition	EMAPA:26677	IAO:0000115	
WARN	missing_definition	EMAPA:26716	IAO:0000115	
WARN	missing_definition	EMAPA:26720	IAO:0000115	
WARN	missing_definition	EMAPA:26724	IAO:0000115	
WARN	missing_definition	EMAPA:26747	IAO:0000115	
WARN	missing_definition	EMAPA:26771	IAO:0000115	
WARN	missing_definition	EMAPA:26775	IAO:0000115	
WARN	missing_definition	EMAPA:26913	IAO:0000115	
WARN	missing_definition	EMAPA:26922	IAO:0000115	
WARN	missing_definition	EMAPA:26928	IAO:0000115	
WARN	missing_definition	EMAPA:26930	IAO:0000115	
WARN	missing_definition	EMAPA:26937	IAO:0000115	
WARN	missing_definition	EMAPA:26942	IAO:0000115	
WARN	missing_definition	EMAPA:26947	IAO:0000115	
WARN	missing_definition	EMAPA:26952	IAO:0000115	
WARN	missing_definition	EMAPA:26957	IAO:0000115	
WARN	missing_definition	EMAPA:26959	IAO:0000115	
WARN	missing_definition	EMAPA:26963	IAO:0000115	
WARN	missing_definition	EMAPA:26981	IAO:0000115	
WARN	missing_definition	EMAPA:26983	IAO:0000115	
WARN	missing_definition	EMAPA:26987	IAO:0000115	
WARN	missing_definition	EMAPA:26989	IAO:0000115	
WARN	missing_definition	EMAPA:27011	IAO:0000115	
WARN	missing_definition	EMAPA:27013	IAO:0000115	
WARN	missing_definition	EMAPA:27015	IAO:0000115	
WARN	missing_definition	EMAPA:27017	IAO:0000115	
WARN	missing_definition	EMAPA:27021	IAO:0000115	
WARN	missing_definition	EMAPA:27023	IAO:0000115	
WARN	missing_definition	EMAPA:27025	IAO:0000115	
WARN	missing_definition	EMAPA:27027	IAO:0000115	
WARN	missing_definition	EMAPA:27029	IAO:0000115	
WARN	missing_definition	EMAPA:27031	IAO:0000115	
WARN	missing_definition	EMAPA:27035	IAO:0000115	
WARN	missing_definition	EMAPA:27037	IAO:0000115	
WARN	missing_definition	EMAPA:27039	IAO:0000115	
WARN	missing_definition	EMAPA:27041	IAO:0000115	
WARN	missing_definition	EMAPA:27043	IAO:0000115	
WARN	missing_definition	EMAPA:27045	IAO:0000115	
WARN	missing_definition	EMAPA:27049	IAO:0000115	
WARN	missing_definition	EMAPA:27051	IAO:0000115	
WARN	missing_definition	EMAPA:27053	IAO:0000115	
WARN	missing_definition	EMAPA:27055	IAO:0000115	
WARN	missing_definition	EMAPA:27057	IAO:0000115	
WARN	missing_definition	EMAPA:27059	IAO:0000115	
WARN	missing_definition	EMAPA:27063	IAO:0000115	
WARN	missing_definition	EMAPA:27065	IAO:0000115	
WARN	missing_definition	EMAPA:27067	IAO:0000115	
WARN	missing_definition	EMAPA:27069	IAO:0000115	
WARN	missing_definition	EMAPA:27071	IAO:0000115	
WARN	missing_definition	EMAPA:27073	IAO:0000115	
WARN	missing_definition	EMAPA:27077	IAO:0000115	
WARN	missing_definition	EMAPA:27079	IAO:0000115	
WARN	missing_definition	EMAPA:27081	IAO:0000115	
WARN	missing_definition	EMAPA:27083	IAO:0000115	
WARN	missing_definition	EMAPA:27085	IAO:0000115	
WARN	missing_definition	EMAPA:27087	IAO:0000115	
WARN	missing_definition	EMAPA:27091	IAO:0000115	
WARN	missing_definition	EMAPA:27093	IAO:0000115	
WARN	missing_definition	EMAPA:27095	IAO:0000115	
WARN	missing_definition	EMAPA:27097	IAO:0000115	
WARN	missing_definition	EMAPA:27099	IAO:0000115	
WARN	missing_definition	EMAPA:27101	IAO:0000115	
WARN	missing_definition	EMAPA:27105	IAO:0000115	
WARN	missing_definition	EMAPA:27107	IAO:0000115	
WARN	missing_definition	EMAPA:27109	IAO:0000115	
WARN	missing_definition	EMAPA:27111	IAO:0000115	
WARN	missing_definition	EMAPA:27113	IAO:0000115	
WARN	missing_definition	EMAPA:27115	IAO:0000115	
WARN	missing_definition	EMAPA:27119	IAO:0000115	
WARN	missing_definition	EMAPA:27121	IAO:0000115	
WARN	missing_definition	EMAPA:27123	IAO:0000115	
WARN	missing_definition	EMAPA:27125	IAO:0000115	
WARN	missing_definition	EMAPA:27127	IAO:0000115	
WARN	missing_definition	EMAPA:27129	IAO:0000115	
WARN	missing_definition	EMAPA:27133	IAO:0000115	
WARN	missing_definition	EMAPA:27135	IAO:0000115	
WARN	missing_definition	EMAPA:27137	IAO:0000115	
WARN	missing_definition	EMAPA:27139	IAO:0000115	
WARN	missing_definition	EMAPA:27141	IAO:0000115	
WARN	missing_definition	EMAPA:27143	IAO:0000115	
WARN	missing_definition	EMAPA:27147	IAO:0000115	
WARN	missing_definition	EMAPA:27149	IAO:0000115	
WARN	missing_definition	EMAPA:27151	IAO:0000115	
WARN	missing_definition	EMAPA:27153	IAO:0000115	
WARN	missing_definition	EMAPA:27155	IAO:0000115	
WARN	missing_definition	EMAPA:27157	IAO:0000115	
WARN	missing_definition	EMAPA:27161	IAO:0000115	
WARN	missing_definition	EMAPA:27163	IAO:0000115	
WARN	missing_definition	EMAPA:27165	IAO:0000115	
WARN	missing_definition	EMAPA:27167	IAO:0000115	
WARN	missing_definition	EMAPA:27169	IAO:0000115	
WARN	missing_definition	EMAPA:27171	IAO:0000115	
WARN	missing_definition	EMAPA:27173	IAO:0000115	
WARN	missing_definition	EMAPA:27177	IAO:0000115	
WARN	missing_definition	EMAPA:27179	IAO:0000115	
WARN	missing_definition	EMAPA:27181	IAO:0000115	
WARN	missing_definition	EMAPA:27183	IAO:0000115	
WARN	missing_definition	EMAPA:27185	IAO:0000115	
WARN	missing_definition	EMAPA:27187	IAO:0000115	
WARN	missing_definition	EMAPA:27189	IAO:0000115	
WARN	missing_definition	EMAPA:27193	IAO:0000115	
WARN	missing_definition	EMAPA:27195	IAO:0000115	
WARN	missing_definition	EMAPA:27197	IAO:0000115	
WARN	missing_definition	EMAPA:27199	IAO:0000115	
WARN	missing_definition	EMAPA:27201	IAO:0000115	
WARN	missing_definition	EMAPA:27205	IAO:0000115	
WARN	missing_definition	EMAPA:27209	IAO:0000115	
WARN	missing_definition	EMAPA:27211	IAO:0000115	
WARN	missing_definition	EMAPA:27213	IAO:0000115	
WARN	missing_definition	EMAPA:27215	IAO:0000115	
WARN	missing_definition	EMAPA:27217	IAO:0000115	
WARN	missing_definition	EMAPA:27221	IAO:0000115	
WARN	missing_definition	EMAPA:27223	IAO:0000115	
WARN	missing_definition	EMAPA:27225	IAO:0000115	
WARN	missing_definition	EMAPA:27227	IAO:0000115	
WARN	missing_definition	EMAPA:27231	IAO:0000115	
WARN	missing_definition	EMAPA:27233	IAO:0000115	
WARN	missing_definition	EMAPA:27235	IAO:0000115	
WARN	missing_definition	EMAPA:27239	IAO:0000115	
WARN	missing_definition	EMAPA:27243	IAO:0000115	
WARN	missing_definition	EMAPA:27247	IAO:0000115	
WARN	missing_definition	EMAPA:27255	IAO:0000115	
WARN	missing_definition	EMAPA:27259	IAO:0000115	
WARN	missing_definition	EMAPA:27375	IAO:0000115	
WARN	missing_definition	EMAPA:27379	IAO:0000115	
WARN	missing_definition	EMAPA:27383	IAO:0000115	
WARN	missing_definition	EMAPA:27387	IAO:0000115	
WARN	missing_definition	EMAPA:27395	IAO:0000115	
WARN	missing_definition	EMAPA:27399	IAO:0000115	
WARN	missing_definition	EMAPA:27531	IAO:0000115	
WARN	missing_definition	EMAPA:27535	IAO:0000115	
WARN	missing_definition	EMAPA:27543	IAO:0000115	
WARN	missing_definition	EMAPA:27547	IAO:0000115	
WARN	missing_definition	EMAPA:27564	IAO:0000115	
WARN	missing_definition	EMAPA:27566	IAO:0000115	
WARN	missing_definition	EMAPA:27568	IAO:0000115	
WARN	missing_definition	EMAPA:27570	IAO:0000115	
WARN	missing_definition	EMAPA:27591	IAO:0000115	
WARN	missing_definition	EMAPA:27599	IAO:0000115	
WARN	missing_definition	EMAPA:27602	IAO:0000115	
WARN	missing_definition	EMAPA:27605	IAO:0000115	
WARN	missing_definition	EMAPA:27608	IAO:0000115	
WARN	missing_definition	EMAPA:27615	IAO:0000115	
WARN	missing_definition	EMAPA:27617	IAO:0000115	
WARN	missing_definition	EMAPA:27619	IAO:0000115	
WARN	missing_definition	EMAPA:27621	IAO:0000115	
WARN	missing_definition	EMAPA:27623	IAO:0000115	
WARN	missing_definition	EMAPA:27653	IAO:0000115	
WARN	missing_definition	EMAPA:27655	IAO:0000115	
WARN	missing_definition	EMAPA:27657	IAO:0000115	
WARN	missing_definition	EMAPA:27673	IAO:0000115	
WARN	missing_definition	EMAPA:27678	IAO:0000115	
WARN	missing_definition	EMAPA:27681	IAO:0000115	
WARN	missing_definition	EMAPA:27684	IAO:0000115	
WARN	missing_definition	EMAPA:27697	IAO:0000115	
WARN	missing_definition	EMAPA:27708	IAO:0000115	
WARN	missing_definition	EMAPA:27711	IAO:0000115	
WARN	missing_definition	EMAPA:27721	IAO:0000115	
WARN	missing_definition	EMAPA:27756	IAO:0000115	
WARN	missing_definition	EMAPA:27758	IAO:0000115	
WARN	missing_definition	EMAPA:27760	IAO:0000115	
WARN	missing_definition	EMAPA:27762	IAO:0000115	
WARN	missing_definition	EMAPA:27764	IAO:0000115	
WARN	missing_definition	EMAPA:27766	IAO:0000115	
WARN	missing_definition	EMAPA:27768	IAO:0000115	
WARN	missing_definition	EMAPA:27770	IAO:0000115	
WARN	missing_definition	EMAPA:27772	IAO:0000115	
WARN	missing_definition	EMAPA:27774	IAO:0000115	
WARN	missing_definition	EMAPA:27776	IAO:0000115	
WARN	missing_definition	EMAPA:27778	IAO:0000115	
WARN	missing_definition	EMAPA:27780	IAO:0000115	
WARN	missing_definition	EMAPA:27782	IAO:0000115	
WARN	missing_definition	EMAPA:27784	IAO:0000115	
WARN	missing_definition	EMAPA:27786	IAO:0000115	
WARN	missing_definition	EMAPA:27788	IAO:0000115	
WARN	missing_definition	EMAPA:27790	IAO:0000115	
WARN	missing_definition	EMAPA:27794	IAO:0000115	
WARN	missing_definition	EMAPA:27847	IAO:0000115	
WARN	missing_definition	EMAPA:27943	IAO:0000115	
WARN	missing_definition	EMAPA:27949	IAO:0000115	
WARN	missing_definition	EMAPA:27955	IAO:0000115	
WARN	missing_definition	EMAPA:27961	IAO:0000115	
WARN	missing_definition	EMAPA:27967	IAO:0000115	
WARN	missing_definition	EMAPA:27973	IAO:0000115	
WARN	missing_definition	EMAPA:27979	IAO:0000115	
WARN	missing_definition	EMAPA:27985	IAO:0000115	
WARN	missing_definition	EMAPA:27991	IAO:0000115	
WARN	missing_definition	EMAPA:28003	IAO:0000115	
WARN	missing_definition	EMAPA:28007	IAO:0000115	
WARN	missing_definition	EMAPA:28011	IAO:0000115	
WARN	missing_definition	EMAPA:28029	IAO:0000115	
WARN	missing_definition	EMAPA:28035	IAO:0000115	
WARN	missing_definition	EMAPA:28037	IAO:0000115	
WARN	missing_definition	EMAPA:28039	IAO:0000115	
WARN	missing_definition	EMAPA:28049	IAO:0000115	
WARN	missing_definition	EMAPA:28061	IAO:0000115	
WARN	missing_definition	EMAPA:28069	IAO:0000115	
WARN	missing_definition	EMAPA:28071	IAO:0000115	
WARN	missing_definition	EMAPA:28073	IAO:0000115	
WARN	missing_definition	EMAPA:28075	IAO:0000115	
WARN	missing_definition	EMAPA:28077	IAO:0000115	
WARN	missing_definition	EMAPA:28083	IAO:0000115	
WARN	missing_definition	EMAPA:28089	IAO:0000115	
WARN	missing_definition	EMAPA:28114	IAO:0000115	
WARN	missing_definition	EMAPA:28120	IAO:0000115	
WARN	missing_definition	EMAPA:28130	IAO:0000115	
WARN	missing_definition	EMAPA:28136	IAO:0000115	
WARN	missing_definition	EMAPA:28142	IAO:0000115	
WARN	missing_definition	EMAPA:28147	IAO:0000115	
WARN	missing_definition	EMAPA:28152	IAO:0000115	
WARN	missing_definition	EMAPA:28157	IAO:0000115	
WARN	missing_definition	EMAPA:28162	IAO:0000115	
WARN	missing_definition	EMAPA:28167	IAO:0000115	
WARN	missing_definition	EMAPA:28212	IAO:0000115	
WARN	missing_definition	EMAPA:28215	IAO:0000115	
WARN	missing_definition	EMAPA:28218	IAO:0000115	
WARN	missing_definition	EMAPA:28221	IAO:0000115	
WARN	missing_definition	EMAPA:28230	IAO:0000115	
WARN	missing_definition	EMAPA:28233	IAO:0000115	
WARN	missing_definition	EMAPA:28236	IAO:0000115	
WARN	missing_definition	EMAPA:28239	IAO:0000115	
WARN	missing_definition	EMAPA:28245	IAO:0000115	
WARN	missing_definition	EMAPA:28248	IAO:0000115	
WARN	missing_definition	EMAPA:28251	IAO:0000115	
WARN	missing_definition	EMAPA:28254	IAO:0000115	
WARN	missing_definition	EMAPA:28257	IAO:0000115	
WARN	missing_definition	EMAPA:28260	IAO:0000115	
WARN	missing_definition	EMAPA:28263	IAO:0000115	
WARN	missing_definition	EMAPA:28266	IAO:0000115	
WARN	missing_definition	EMAPA:28269	IAO:0000115	
WARN	missing_definition	EMAPA:28272	IAO:0000115	
WARN	missing_definition	EMAPA:28275	IAO:0000115	
WARN	missing_definition	EMAPA:28278	IAO:0000115	
WARN	missing_definition	EMAPA:28281	IAO:0000115	
WARN	missing_definition	EMAPA:28287	IAO:0000115	
WARN	missing_definition	EMAPA:28310	IAO:0000115	
WARN	missing_definition	EMAPA:28322	IAO:0000115	
WARN	missing_definition	EMAPA:28325	IAO:0000115	
WARN	missing_definition	EMAPA:28328	IAO:0000115	
WARN	missing_definition	EMAPA:28331	IAO:0000115	
WARN	missing_definition	EMAPA:28337	IAO:0000115	
WARN	missing_definition	EMAPA:28346	IAO:0000115	
WARN	missing_definition	EMAPA:28349	IAO:0000115	
WARN	missing_definition	EMAPA:28352	IAO:0000115	
WARN	missing_definition	EMAPA:28355	IAO:0000115	
WARN	missing_definition	EMAPA:28358	IAO:0000115	
WARN	missing_definition	EMAPA:28361	IAO:0000115	
WARN	missing_definition	EMAPA:28364	IAO:0000115	
WARN	missing_definition	EMAPA:28370	IAO:0000115	
WARN	missing_definition	EMAPA:28373	IAO:0000115	
WARN	missing_definition	EMAPA:28376	IAO:0000115	
WARN	missing_definition	EMAPA:28387	IAO:0000115	
WARN	missing_definition	EMAPA:28393	IAO:0000115	
WARN	missing_definition	EMAPA:28396	IAO:0000115	
WARN	missing_definition	EMAPA:28399	IAO:0000115	
WARN	missing_definition	EMAPA:28402	IAO:0000115	
WARN	missing_definition	EMAPA:28407	IAO:0000115	
WARN	missing_definition	EMAPA:28445	IAO:0000115	
WARN	missing_definition	EMAPA:28457	IAO:0000115	
WARN	missing_definition	EMAPA:28485	IAO:0000115	
WARN	missing_definition	EMAPA:28491	IAO:0000115	
WARN	missing_definition	EMAPA:28500	IAO:0000115	
WARN	missing_definition	EMAPA:28506	IAO:0000115	
WARN	missing_definition	EMAPA:28518	IAO:0000115	
WARN	missing_definition	EMAPA:28527	IAO:0000115	
WARN	missing_definition	EMAPA:28533	IAO:0000115	
WARN	missing_definition	EMAPA:28540	IAO:0000115	
WARN	missing_definition	EMAPA:28547	IAO:0000115	
WARN	missing_definition	EMAPA:28555	IAO:0000115	
WARN	missing_definition	EMAPA:28561	IAO:0000115	
WARN	missing_definition	EMAPA:28567	IAO:0000115	
WARN	missing_definition	EMAPA:28570	IAO:0000115	
WARN	missing_definition	EMAPA:28588	IAO:0000115	
WARN	missing_definition	EMAPA:28607	IAO:0000115	
WARN	missing_definition	EMAPA:28613	IAO:0000115	
WARN	missing_definition	EMAPA:28643	IAO:0000115	
WARN	missing_definition	EMAPA:28649	IAO:0000115	
WARN	missing_definition	EMAPA:28801	IAO:0000115	
WARN	missing_definition	EMAPA:28806	IAO:0000115	
WARN	missing_definition	EMAPA:28811	IAO:0000115	
WARN	missing_definition	EMAPA:28814	IAO:0000115	
WARN	missing_definition	EMAPA:28841	IAO:0000115	
WARN	missing_definition	EMAPA:28862	IAO:0000115	
WARN	missing_definition	EMAPA:28880	IAO:0000115	
WARN	missing_definition	EMAPA:28888	IAO:0000115	
WARN	missing_definition	EMAPA:28909	IAO:0000115	
WARN	missing_definition	EMAPA:28914	IAO:0000115	
WARN	missing_definition	EMAPA:28919	IAO:0000115	
WARN	missing_definition	EMAPA:28924	IAO:0000115	
WARN	missing_definition	EMAPA:28929	IAO:0000115	
WARN	missing_definition	EMAPA:28934	IAO:0000115	
WARN	missing_definition	EMAPA:28937	IAO:0000115	
WARN	missing_definition	EMAPA:28940	IAO:0000115	
WARN	missing_definition	EMAPA:28945	IAO:0000115	
WARN	missing_definition	EMAPA:28949	IAO:0000115	
WARN	missing_definition	EMAPA:28953	IAO:0000115	
WARN	missing_definition	EMAPA:28957	IAO:0000115	
WARN	missing_definition	EMAPA:28961	IAO:0000115	
WARN	missing_definition	EMAPA:28965	IAO:0000115	
WARN	missing_definition	EMAPA:28971	IAO:0000115	
WARN	missing_definition	EMAPA:28978	IAO:0000115	
WARN	missing_definition	EMAPA:28981	IAO:0000115	
WARN	missing_definition	EMAPA:29009	IAO:0000115	
WARN	missing_definition	EMAPA:29014	IAO:0000115	
WARN	missing_definition	EMAPA:29030	IAO:0000115	
WARN	missing_definition	EMAPA:29034	IAO:0000115	
WARN	missing_definition	EMAPA:29043	IAO:0000115	
WARN	missing_definition	EMAPA:29046	IAO:0000115	
WARN	missing_definition	EMAPA:29049	IAO:0000115	
WARN	missing_definition	EMAPA:29065	IAO:0000115	
WARN	missing_definition	EMAPA:29067	IAO:0000115	
WARN	missing_definition	EMAPA:29098	IAO:0000115	
WARN	missing_definition	EMAPA:29106	IAO:0000115	
WARN	missing_definition	EMAPA:29110	IAO:0000115	
WARN	missing_definition	EMAPA:29114	IAO:0000115	
WARN	missing_definition	EMAPA:29122	IAO:0000115	
WARN	missing_definition	EMAPA:29130	IAO:0000115	
WARN	missing_definition	EMAPA:29138	IAO:0000115	
WARN	missing_definition	EMAPA:29143	IAO:0000115	
WARN	missing_definition	EMAPA:29148	IAO:0000115	
WARN	missing_definition	EMAPA:29158	IAO:0000115	
WARN	missing_definition	EMAPA:29161	IAO:0000115	
WARN	missing_definition	EMAPA:29170	IAO:0000115	
WARN	missing_definition	EMAPA:29173	IAO:0000115	
WARN	missing_definition	EMAPA:29177	IAO:0000115	
WARN	missing_definition	EMAPA:29181	IAO:0000115	
WARN	missing_definition	EMAPA:29185	IAO:0000115	
WARN	missing_definition	EMAPA:29187	IAO:0000115	
WARN	missing_definition	EMAPA:29189	IAO:0000115	
WARN	missing_definition	EMAPA:29196	IAO:0000115	
WARN	missing_definition	EMAPA:29199	IAO:0000115	
WARN	missing_definition	EMAPA:29202	IAO:0000115	
WARN	missing_definition	EMAPA:29205	IAO:0000115	
WARN	missing_definition	EMAPA:29207	IAO:0000115	
WARN	missing_definition	EMAPA:29209	IAO:0000115	
WARN	missing_definition	EMAPA:29223	IAO:0000115	
WARN	missing_definition	EMAPA:29226	IAO:0000115	
WARN	missing_definition	EMAPA:29254	IAO:0000115	
WARN	missing_definition	EMAPA:29256	IAO:0000115	
WARN	missing_definition	EMAPA:29270	IAO:0000115	
WARN	missing_definition	EMAPA:29274	IAO:0000115	
WARN	missing_definition	EMAPA:29304	IAO:0000115	
WARN	missing_definition	EMAPA:29307	IAO:0000115	
WARN	missing_definition	EMAPA:29310	IAO:0000115	
WARN	missing_definition	EMAPA:29313	IAO:0000115	
WARN	missing_definition	EMAPA:29603	IAO:0000115	
WARN	missing_definition	EMAPA:29609	IAO:0000115	
WARN	missing_definition	EMAPA:29626	IAO:0000115	
WARN	missing_definition	EMAPA:29631	IAO:0000115	
WARN	missing_definition	EMAPA:29633	IAO:0000115	
WARN	missing_definition	EMAPA:29635	IAO:0000115	
WARN	missing_definition	EMAPA:29637	IAO:0000115	
WARN	missing_definition	EMAPA:29655	IAO:0000115	
WARN	missing_definition	EMAPA:29657	IAO:0000115	
WARN	missing_definition	EMAPA:29659	IAO:0000115	
WARN	missing_definition	EMAPA:29661	IAO:0000115	
WARN	missing_definition	EMAPA:29663	IAO:0000115	
WARN	missing_definition	EMAPA:29665	IAO:0000115	
WARN	missing_definition	EMAPA:29669	IAO:0000115	
WARN	missing_definition	EMAPA:29671	IAO:0000115	
WARN	missing_definition	EMAPA:29675	IAO:0000115	
WARN	missing_definition	EMAPA:29679	IAO:0000115	
WARN	missing_definition	EMAPA:29681	IAO:0000115	
WARN	missing_definition	EMAPA:29683	IAO:0000115	
WARN	missing_definition	EMAPA:29691	IAO:0000115	
WARN	missing_definition	EMAPA:29693	IAO:0000115	
WARN	missing_definition	EMAPA:29695	IAO:0000115	
WARN	missing_definition	EMAPA:29703	IAO:0000115	
WARN	missing_definition	EMAPA:29731	IAO:0000115	
WARN	missing_definition	EMAPA:29733	IAO:0000115	
WARN	missing_definition	EMAPA:29735	IAO:0000115	
WARN	missing_definition	EMAPA:29737	IAO:0000115	
WARN	missing_definition	EMAPA:29739	IAO:0000115	
WARN	missing_definition	EMAPA:29741	IAO:0000115	
WARN	missing_definition	EMAPA:29743	IAO:0000115	
WARN	missing_definition	EMAPA:29745	IAO:0000115	
WARN	missing_definition	EMAPA:29747	IAO:0000115	
WARN	missing_definition	EMAPA:29749	IAO:0000115	
WARN	missing_definition	EMAPA:29751	IAO:0000115	
WARN	missing_definition	EMAPA:29753	IAO:0000115	
WARN	missing_definition	EMAPA:29755	IAO:0000115	
WARN	missing_definition	EMAPA:29757	IAO:0000115	
WARN	missing_definition	EMAPA:29759	IAO:0000115	
WARN	missing_definition	EMAPA:29761	IAO:0000115	
WARN	missing_definition	EMAPA:29763	IAO:0000115	
WARN	missing_definition	EMAPA:29765	IAO:0000115	
WARN	missing_definition	EMAPA:29767	IAO:0000115	
WARN	missing_definition	EMAPA:29771	IAO:0000115	
WARN	missing_definition	EMAPA:29773	IAO:0000115	
WARN	missing_definition	EMAPA:29775	IAO:0000115	
WARN	missing_definition	EMAPA:29786	IAO:0000115	
WARN	missing_definition	EMAPA:29790	IAO:0000115	
WARN	missing_definition	EMAPA:29792	IAO:0000115	
WARN	missing_definition	EMAPA:29796	IAO:0000115	
WARN	missing_definition	EMAPA:29798	IAO:0000115	
WARN	missing_definition	EMAPA:29800	IAO:0000115	
WARN	missing_definition	EMAPA:29802	IAO:0000115	
WARN	missing_definition	EMAPA:29804	IAO:0000115	
WARN	missing_definition	EMAPA:29806	IAO:0000115	
WARN	missing_definition	EMAPA:29810	IAO:0000115	
WARN	missing_definition	EMAPA:29812	IAO:0000115	
WARN	missing_definition	EMAPA:29814	IAO:0000115	
WARN	missing_definition	EMAPA:29816	IAO:0000115	
WARN	missing_definition	EMAPA:29818	IAO:0000115	
WARN	missing_definition	EMAPA:29820	IAO:0000115	
WARN	missing_definition	EMAPA:29824	IAO:0000115	
WARN	missing_definition	EMAPA:29826	IAO:0000115	
WARN	missing_definition	EMAPA:29828	IAO:0000115	
WARN	missing_definition	EMAPA:29830	IAO:0000115	
WARN	missing_definition	EMAPA:29832	IAO:0000115	
WARN	missing_definition	EMAPA:29834	IAO:0000115	
WARN	missing_definition	EMAPA:29838	IAO:0000115	
WARN	missing_definition	EMAPA:29840	IAO:0000115	
WARN	missing_definition	EMAPA:29842	IAO:0000115	
WARN	missing_definition	EMAPA:29844	IAO:0000115	
WARN	missing_definition	EMAPA:29846	IAO:0000115	
WARN	missing_definition	EMAPA:29848	IAO:0000115	
WARN	missing_definition	EMAPA:29854	IAO:0000115	
WARN	missing_definition	EMAPA:29860	IAO:0000115	
WARN	missing_definition	EMAPA:29864	IAO:0000115	
WARN	missing_definition	EMAPA:29866	IAO:0000115	
WARN	missing_definition	EMAPA:29868	IAO:0000115	
WARN	missing_definition	EMAPA:29870	IAO:0000115	
WARN	missing_definition	EMAPA:29872	IAO:0000115	
WARN	missing_definition	EMAPA:29874	IAO:0000115	
WARN	missing_definition	EMAPA:29876	IAO:0000115	
WARN	missing_definition	EMAPA:29878	IAO:0000115	
WARN	missing_definition	EMAPA:29880	IAO:0000115	
WARN	missing_definition	EMAPA:29882	IAO:0000115	
WARN	missing_definition	EMAPA:29884	IAO:0000115	
WARN	missing_definition	EMAPA:29886	IAO:0000115	
WARN	missing_definition	EMAPA:29888	IAO:0000115	
WARN	missing_definition	EMAPA:29897	IAO:0000115	
WARN	missing_definition	EMAPA:29899	IAO:0000115	
WARN	missing_definition	EMAPA:29903	IAO:0000115	
WARN	missing_definition	EMAPA:29905	IAO:0000115	
WARN	missing_definition	EMAPA:29907	IAO:0000115	
WARN	missing_definition	EMAPA:29913	IAO:0000115	
WARN	missing_definition	EMAPA:29915	IAO:0000115	
WARN	missing_definition	EMAPA:29917	IAO:0000115	
WARN	missing_definition	EMAPA:29919	IAO:0000115	
WARN	missing_definition	EMAPA:29921	IAO:0000115	
WARN	missing_definition	EMAPA:29923	IAO:0000115	
WARN	missing_definition	EMAPA:29925	IAO:0000115	
WARN	missing_definition	EMAPA:29927	IAO:0000115	
WARN	missing_definition	EMAPA:29929	IAO:0000115	
WARN	missing_definition	EMAPA:29931	IAO:0000115	
WARN	missing_definition	EMAPA:29933	IAO:0000115	
WARN	missing_definition	EMAPA:29941	IAO:0000115	
WARN	missing_definition	EMAPA:29943	IAO:0000115	
WARN	missing_definition	EMAPA:29993	IAO:0000115	
WARN	missing_definition	EMAPA:29995	IAO:0000115	
WARN	missing_definition	EMAPA:30003	IAO:0000115	
WARN	missing_definition	EMAPA:30011	IAO:0000115	
WARN	missing_definition	EMAPA:30019	IAO:0000115	
WARN	missing_definition	EMAPA:30031	IAO:0000115	
WARN	missing_definition	EMAPA:30037	IAO:0000115	
WARN	missing_definition	EMAPA:30043	IAO:0000115	
WARN	missing_definition	EMAPA:30049	IAO:0000115	
WARN	missing_definition	EMAPA:30051	IAO:0000115	
WARN	missing_definition	EMAPA:30053	IAO:0000115	
WARN	missing_definition	EMAPA:30055	IAO:0000115	
WARN	missing_definition	EMAPA:30057	IAO:0000115	
WARN	missing_definition	EMAPA:30068	IAO:0000115	
WARN	missing_definition	EMAPA:30070	IAO:0000115	
WARN	missing_definition	EMAPA:30072	IAO:0000115	
WARN	missing_definition	EMAPA:30074	IAO:0000115	
WARN	missing_definition	EMAPA:30081	IAO:0000115	
WARN	missing_definition	EMAPA:30102	IAO:0000115	
WARN	missing_definition	EMAPA:30109	IAO:0000115	
WARN	missing_definition	EMAPA:30116	IAO:0000115	
WARN	missing_definition	EMAPA:30123	IAO:0000115	
WARN	missing_definition	EMAPA:30150	IAO:0000115	
WARN	missing_definition	EMAPA:30426	IAO:0000115	
WARN	missing_definition	EMAPA:30429	IAO:0000115	
WARN	missing_definition	EMAPA:30433	IAO:0000115	
WARN	missing_definition	EMAPA:30438	IAO:0000115	
WARN	missing_definition	EMAPA:30443	IAO:0000115	
WARN	missing_definition	EMAPA:30445	IAO:0000115	
WARN	missing_definition	EMAPA:30449	IAO:0000115	
WARN	missing_definition	EMAPA:30460	IAO:0000115	
WARN	missing_definition	EMAPA:30484	IAO:0000115	
WARN	missing_definition	EMAPA:30487	IAO:0000115	
WARN	missing_definition	EMAPA:30490	IAO:0000115	
WARN	missing_definition	EMAPA:30493	IAO:0000115	
WARN	missing_definition	EMAPA:30496	IAO:0000115	
WARN	missing_definition	EMAPA:30512	IAO:0000115	
WARN	missing_definition	EMAPA:30515	IAO:0000115	
WARN	missing_definition	EMAPA:30522	IAO:0000115	
WARN	missing_definition	EMAPA:30528	IAO:0000115	
WARN	missing_definition	EMAPA:30532	IAO:0000115	
WARN	missing_definition	EMAPA:30536	IAO:0000115	
WARN	missing_definition	EMAPA:30540	IAO:0000115	
WARN	missing_definition	EMAPA:30544	IAO:0000115	
WARN	missing_definition	EMAPA:30547	IAO:0000115	
WARN	missing_definition	EMAPA:30550	IAO:0000115	
WARN	missing_definition	EMAPA:30553	IAO:0000115	
WARN	missing_definition	EMAPA:30562	IAO:0000115	
WARN	missing_definition	EMAPA:30565	IAO:0000115	
WARN	missing_definition	EMAPA:30568	IAO:0000115	
WARN	missing_definition	EMAPA:30571	IAO:0000115	
WARN	missing_definition	EMAPA:30624	IAO:0000115	
WARN	missing_definition	EMAPA:30627	IAO:0000115	
WARN	missing_definition	EMAPA:30642	IAO:0000115	
WARN	missing_definition	EMAPA:30650	IAO:0000115	
WARN	missing_definition	EMAPA:30655	IAO:0000115	
WARN	missing_definition	EMAPA:30659	IAO:0000115	
WARN	missing_definition	EMAPA:30664	IAO:0000115	
WARN	missing_definition	EMAPA:30668	IAO:0000115	
WARN	missing_definition	EMAPA:30675	IAO:0000115	
WARN	missing_definition	EMAPA:30703	IAO:0000115	
WARN	missing_definition	EMAPA:30707	IAO:0000115	
WARN	missing_definition	EMAPA:30711	IAO:0000115	
WARN	missing_definition	EMAPA:30715	IAO:0000115	
WARN	missing_definition	EMAPA:30720	IAO:0000115	
WARN	missing_definition	EMAPA:30747	IAO:0000115	
WARN	missing_definition	EMAPA:30755	IAO:0000115	
WARN	missing_definition	EMAPA:30757	IAO:0000115	
WARN	missing_definition	EMAPA:30763	IAO:0000115	
WARN	missing_definition	EMAPA:30765	IAO:0000115	
WARN	missing_definition	EMAPA:30767	IAO:0000115	
WARN	missing_definition	EMAPA:30769	IAO:0000115	
WARN	missing_definition	EMAPA:30771	IAO:0000115	
WARN	missing_definition	EMAPA:30773	IAO:0000115	
WARN	missing_definition	EMAPA:30775	IAO:0000115	
WARN	missing_definition	EMAPA:30777	IAO:0000115	
WARN	missing_definition	EMAPA:30779	IAO:0000115	
WARN	missing_definition	EMAPA:30781	IAO:0000115	
WARN	missing_definition	EMAPA:30783	IAO:0000115	
WARN	missing_definition	EMAPA:30785	IAO:0000115	
WARN	missing_definition	EMAPA:30787	IAO:0000115	
WARN	missing_definition	EMAPA:30789	IAO:0000115	
WARN	missing_definition	EMAPA:30791	IAO:0000115	
WARN	missing_definition	EMAPA:30793	IAO:0000115	
WARN	missing_definition	EMAPA:30795	IAO:0000115	
WARN	missing_definition	EMAPA:30797	IAO:0000115	
WARN	missing_definition	EMAPA:30799	IAO:0000115	
WARN	missing_definition	EMAPA:30801	IAO:0000115	
WARN	missing_definition	EMAPA:30805	IAO:0000115	
WARN	missing_definition	EMAPA:30807	IAO:0000115	
WARN	missing_definition	EMAPA:30809	IAO:0000115	
WARN	missing_definition	EMAPA:30811	IAO:0000115	
WARN	missing_definition	EMAPA:30813	IAO:0000115	
WARN	missing_definition	EMAPA:30825	IAO:0000115	
WARN	missing_definition	EMAPA:30827	IAO:0000115	
WARN	missing_definition	EMAPA:30831	IAO:0000115	
WARN	missing_definition	EMAPA:30833	IAO:0000115	
WARN	missing_definition	EMAPA:30835	IAO:0000115	
WARN	missing_definition	EMAPA:30850	IAO:0000115	
WARN	missing_definition	EMAPA:30882	IAO:0000115	
WARN	missing_definition	EMAPA:30885	IAO:0000115	
WARN	missing_definition	EMAPA:30905	IAO:0000115	
WARN	missing_definition	EMAPA:30907	IAO:0000115	
WARN	missing_definition	EMAPA:30909	IAO:0000115	
WARN	missing_definition	EMAPA:30911	IAO:0000115	
WARN	missing_definition	EMAPA:30913	IAO:0000115	
WARN	missing_definition	EMAPA:30930	IAO:0000115	
WARN	missing_definition	EMAPA:30946	IAO:0000115	
WARN	missing_definition	EMAPA:30965	IAO:0000115	
WARN	missing_definition	EMAPA:30977	IAO:0000115	
WARN	missing_definition	EMAPA:30984	IAO:0000115	
WARN	missing_definition	EMAPA:30991	IAO:0000115	
WARN	missing_definition	EMAPA:31017	IAO:0000115	
WARN	missing_definition	EMAPA:31021	IAO:0000115	
WARN	missing_definition	EMAPA:31025	IAO:0000115	
WARN	missing_definition	EMAPA:31035	IAO:0000115	
WARN	missing_definition	EMAPA:31040	IAO:0000115	
WARN	missing_definition	EMAPA:31045	IAO:0000115	
WARN	missing_definition	EMAPA:31058	IAO:0000115	
WARN	missing_definition	EMAPA:31109	IAO:0000115	
WARN	missing_definition	EMAPA:31119	IAO:0000115	
WARN	missing_definition	EMAPA:31126	IAO:0000115	
WARN	missing_definition	EMAPA:31134	IAO:0000115	
WARN	missing_definition	EMAPA:31144	IAO:0000115	
WARN	missing_definition	EMAPA:31151	IAO:0000115	
WARN	missing_definition	EMAPA:31159	IAO:0000115	
WARN	missing_definition	EMAPA:31169	IAO:0000115	
WARN	missing_definition	EMAPA:31194	IAO:0000115	
WARN	missing_definition	EMAPA:31199	IAO:0000115	
WARN	missing_definition	EMAPA:31204	IAO:0000115	
WARN	missing_definition	EMAPA:31209	IAO:0000115	
WARN	missing_definition	EMAPA:31214	IAO:0000115	
WARN	missing_definition	EMAPA:31219	IAO:0000115	
WARN	missing_definition	EMAPA:31224	IAO:0000115	
WARN	missing_definition	EMAPA:31229	IAO:0000115	
WARN	missing_definition	EMAPA:31235	IAO:0000115	
WARN	missing_definition	EMAPA:31240	IAO:0000115	
WARN	missing_definition	EMAPA:31247	IAO:0000115	
WARN	missing_definition	EMAPA:31250	IAO:0000115	
WARN	missing_definition	EMAPA:31260	IAO:0000115	
WARN	missing_definition	EMAPA:31262	IAO:0000115	
WARN	missing_definition	EMAPA:31264	IAO:0000115	
WARN	missing_definition	EMAPA:31266	IAO:0000115	
WARN	missing_definition	EMAPA:31268	IAO:0000115	
WARN	missing_definition	EMAPA:31273	IAO:0000115	
WARN	missing_definition	EMAPA:31276	IAO:0000115	
WARN	missing_definition	EMAPA:31279	IAO:0000115	
WARN	missing_definition	EMAPA:31281	IAO:0000115	
WARN	missing_definition	EMAPA:31288	IAO:0000115	
WARN	missing_definition	EMAPA:31296	IAO:0000115	
WARN	missing_definition	EMAPA:31304	IAO:0000115	
WARN	missing_definition	EMAPA:31312	IAO:0000115	
WARN	missing_definition	EMAPA:31319	IAO:0000115	
WARN	missing_definition	EMAPA:31326	IAO:0000115	
WARN	missing_definition	EMAPA:31333	IAO:0000115	
WARN	missing_definition	EMAPA:31340	IAO:0000115	
WARN	missing_definition	EMAPA:31347	IAO:0000115	
WARN	missing_definition	EMAPA:31354	IAO:0000115	
WARN	missing_definition	EMAPA:31361	IAO:0000115	
WARN	missing_definition	EMAPA:31367	IAO:0000115	
WARN	missing_definition	EMAPA:31373	IAO:0000115	
WARN	missing_definition	EMAPA:31379	IAO:0000115	
WARN	missing_definition	EMAPA:31384	IAO:0000115	
WARN	missing_definition	EMAPA:31389	IAO:0000115	
WARN	missing_definition	EMAPA:31394	IAO:0000115	
WARN	missing_definition	EMAPA:31399	IAO:0000115	
WARN	missing_definition	EMAPA:31404	IAO:0000115	
WARN	missing_definition	EMAPA:31409	IAO:0000115	
WARN	missing_definition	EMAPA:31414	IAO:0000115	
WARN	missing_definition	EMAPA:31418	IAO:0000115	
WARN	missing_definition	EMAPA:31424	IAO:0000115	
WARN	missing_definition	EMAPA:31426	IAO:0000115	
WARN	missing_definition	EMAPA:31428	IAO:0000115	
WARN	missing_definition	EMAPA:31430	IAO:0000115	
WARN	missing_definition	EMAPA:31432	IAO:0000115	
WARN	missing_definition	EMAPA:31434	IAO:0000115	
WARN	missing_definition	EMAPA:31436	IAO:0000115	
WARN	missing_definition	EMAPA:31443	IAO:0000115	
WARN	missing_definition	EMAPA:31450	IAO:0000115	
WARN	missing_definition	EMAPA:31464	IAO:0000115	
WARN	missing_definition	EMAPA:31469	IAO:0000115	
WARN	missing_definition	EMAPA:31476	IAO:0000115	
WARN	missing_definition	EMAPA:31482	IAO:0000115	
WARN	missing_definition	EMAPA:31484	IAO:0000115	
WARN	missing_definition	EMAPA:31486	IAO:0000115	
WARN	missing_definition	EMAPA:31488	IAO:0000115	
WARN	missing_definition	EMAPA:31501	IAO:0000115	
WARN	missing_definition	EMAPA:31502	IAO:0000115	
WARN	missing_definition	EMAPA:31503	IAO:0000115	
WARN	missing_definition	EMAPA:31504	IAO:0000115	
WARN	missing_definition	EMAPA:31506	IAO:0000115	
WARN	missing_definition	EMAPA:31510	IAO:0000115	
WARN	missing_definition	EMAPA:31511	IAO:0000115	
WARN	missing_definition	EMAPA:31513	IAO:0000115	
WARN	missing_definition	EMAPA:31516	IAO:0000115	
WARN	missing_definition	EMAPA:31517	IAO:0000115	
WARN	missing_definition	EMAPA:31523	IAO:0000115	
WARN	missing_definition	EMAPA:31524	IAO:0000115	
WARN	missing_definition	EMAPA:31526	IAO:0000115	
WARN	missing_definition	EMAPA:31528	IAO:0000115	
WARN	missing_definition	EMAPA:31532	IAO:0000115	
WARN	missing_definition	EMAPA:31533	IAO:0000115	
WARN	missing_definition	EMAPA:31534	IAO:0000115	
WARN	missing_definition	EMAPA:31535	IAO:0000115	
WARN	missing_definition	EMAPA:31537	IAO:0000115	
WARN	missing_definition	EMAPA:31538	IAO:0000115	
WARN	missing_definition	EMAPA:31541	IAO:0000115	
WARN	missing_definition	EMAPA:31542	IAO:0000115	
WARN	missing_definition	EMAPA:31544	IAO:0000115	
WARN	missing_definition	EMAPA:31546	IAO:0000115	
WARN	missing_definition	EMAPA:31549	IAO:0000115	
WARN	missing_definition	EMAPA:31550	IAO:0000115	
WARN	missing_definition	EMAPA:31552	IAO:0000115	
WARN	missing_definition	EMAPA:31553	IAO:0000115	
WARN	missing_definition	EMAPA:31554	IAO:0000115	
WARN	missing_definition	EMAPA:31565	IAO:0000115	
WARN	missing_definition	EMAPA:31566	IAO:0000115	
WARN	missing_definition	EMAPA:31567	IAO:0000115	
WARN	missing_definition	EMAPA:31569	IAO:0000115	
WARN	missing_definition	EMAPA:31570	IAO:0000115	
WARN	missing_definition	EMAPA:31571	IAO:0000115	
WARN	missing_definition	EMAPA:31574	IAO:0000115	
WARN	missing_definition	EMAPA:31575	IAO:0000115	
WARN	missing_definition	EMAPA:31576	IAO:0000115	
WARN	missing_definition	EMAPA:31577	IAO:0000115	
WARN	missing_definition	EMAPA:31578	IAO:0000115	
WARN	missing_definition	EMAPA:31579	IAO:0000115	
WARN	missing_definition	EMAPA:31580	IAO:0000115	
WARN	missing_definition	EMAPA:31582	IAO:0000115	
WARN	missing_definition	EMAPA:31857	IAO:0000115	
WARN	missing_definition	EMAPA:31858	IAO:0000115	
WARN	missing_definition	EMAPA:31859	IAO:0000115	
WARN	missing_definition	EMAPA:31860	IAO:0000115	
WARN	missing_definition	EMAPA:31861	IAO:0000115	
WARN	missing_definition	EMAPA:31862	IAO:0000115	
WARN	missing_definition	EMAPA:31863	IAO:0000115	
WARN	missing_definition	EMAPA:31864	IAO:0000115	
WARN	missing_definition	EMAPA:31865	IAO:0000115	
WARN	missing_definition	EMAPA:31866	IAO:0000115	
WARN	missing_definition	EMAPA:31867	IAO:0000115	
WARN	missing_definition	EMAPA:31868	IAO:0000115	
WARN	missing_definition	EMAPA:31870	IAO:0000115	
WARN	missing_definition	EMAPA:31871	IAO:0000115	
WARN	missing_definition	EMAPA:31872	IAO:0000115	
WARN	missing_definition	EMAPA:31873	IAO:0000115	
WARN	missing_definition	EMAPA:31875	IAO:0000115	
WARN	missing_definition	EMAPA:31876	IAO:0000115	
WARN	missing_definition	EMAPA:31877	IAO:0000115	
WARN	missing_definition	EMAPA:31878	IAO:0000115	
WARN	missing_definition	EMAPA:32258	IAO:0000115	
WARN	missing_definition	EMAPA:32260	IAO:0000115	
WARN	missing_definition	EMAPA:32261	IAO:0000115	
WARN	missing_definition	EMAPA:32262	IAO:0000115	
WARN	missing_definition	EMAPA:32263	IAO:0000115	
WARN	missing_definition	EMAPA:32264	IAO:0000115	
WARN	missing_definition	EMAPA:32265	IAO:0000115	
WARN	missing_definition	EMAPA:32266	IAO:0000115	
WARN	missing_definition	EMAPA:32267	IAO:0000115	
WARN	missing_definition	EMAPA:32268	IAO:0000115	
WARN	missing_definition	EMAPA:32270	IAO:0000115	
WARN	missing_definition	EMAPA:32271	IAO:0000115	
WARN	missing_definition	EMAPA:32279	IAO:0000115	
WARN	missing_definition	EMAPA:32281	IAO:0000115	
WARN	missing_definition	EMAPA:32282	IAO:0000115	
WARN	missing_definition	EMAPA:32283	IAO:0000115	
WARN	missing_definition	EMAPA:32284	IAO:0000115	
WARN	missing_definition	EMAPA:32285	IAO:0000115	
WARN	missing_definition	EMAPA:32289	IAO:0000115	
WARN	missing_definition	EMAPA:32291	IAO:0000115	
WARN	missing_definition	EMAPA:32292	IAO:0000115	
WARN	missing_definition	EMAPA:32299	IAO:0000115	
WARN	missing_definition	EMAPA:32300	IAO:0000115	
WARN	missing_definition	EMAPA:32305	IAO:0000115	
WARN	missing_definition	EMAPA:32306	IAO:0000115	
WARN	missing_definition	EMAPA:32307	IAO:0000115	
WARN	missing_definition	EMAPA:32314	IAO:0000115	
WARN	missing_definition	EMAPA:32609	IAO:0000115	
WARN	missing_definition	EMAPA:32610	IAO:0000115	
WARN	missing_definition	EMAPA:32611	IAO:0000115	
WARN	missing_definition	EMAPA:32612	IAO:0000115	
WARN	missing_definition	EMAPA:32613	IAO:0000115	
WARN	missing_definition	EMAPA:32614	IAO:0000115	
WARN	missing_definition	EMAPA:32615	IAO:0000115	
WARN	missing_definition	EMAPA:32616	IAO:0000115	
WARN	missing_definition	EMAPA:32617	IAO:0000115	
WARN	missing_definition	EMAPA:32618	IAO:0000115	
WARN	missing_definition	EMAPA:32619	IAO:0000115	
WARN	missing_definition	EMAPA:32620	IAO:0000115	
WARN	missing_definition	EMAPA:32621	IAO:0000115	
WARN	missing_definition	EMAPA:32622	IAO:0000115	
WARN	missing_definition	EMAPA:32623	IAO:0000115	
WARN	missing_definition	EMAPA:32624	IAO:0000115	
WARN	missing_definition	EMAPA:32625	IAO:0000115	
WARN	missing_definition	EMAPA:32626	IAO:0000115	
WARN	missing_definition	EMAPA:32627	IAO:0000115	
WARN	missing_definition	EMAPA:32628	IAO:0000115	
WARN	missing_definition	EMAPA:32629	IAO:0000115	
WARN	missing_definition	EMAPA:32630	IAO:0000115	
WARN	missing_definition	EMAPA:32631	IAO:0000115	
WARN	missing_definition	EMAPA:32632	IAO:0000115	
WARN	missing_definition	EMAPA:32633	IAO:0000115	
WARN	missing_definition	EMAPA:32634	IAO:0000115	
WARN	missing_definition	EMAPA:32635	IAO:0000115	
WARN	missing_definition	EMAPA:32636	IAO:0000115	
WARN	missing_definition	EMAPA:32637	IAO:0000115	
WARN	missing_definition	EMAPA:32638	IAO:0000115	
WARN	missing_definition	EMAPA:32639	IAO:0000115	
WARN	missing_definition	EMAPA:32640	IAO:0000115	
WARN	missing_definition	EMAPA:32641	IAO:0000115	
WARN	missing_definition	EMAPA:32642	IAO:0000115	
WARN	missing_definition	EMAPA:32643	IAO:0000115	
WARN	missing_definition	EMAPA:32644	IAO:0000115	
WARN	missing_definition	EMAPA:32645	IAO:0000115	
WARN	missing_definition	EMAPA:32646	IAO:0000115	
WARN	missing_definition	EMAPA:32647	IAO:0000115	
WARN	missing_definition	EMAPA:32648	IAO:0000115	
WARN	missing_definition	EMAPA:32649	IAO:0000115	
WARN	missing_definition	EMAPA:32650	IAO:0000115	
WARN	missing_definition	EMAPA:32651	IAO:0000115	
WARN	missing_definition	EMAPA:32652	IAO:0000115	
WARN	missing_definition	EMAPA:32653	IAO:0000115	
WARN	missing_definition	EMAPA:32654	IAO:0000115	
WARN	missing_definition	EMAPA:32655	IAO:0000115	
WARN	missing_definition	EMAPA:32656	IAO:0000115	
WARN	missing_definition	EMAPA:32657	IAO:0000115	
WARN	missing_definition	EMAPA:32658	IAO:0000115	
WARN	missing_definition	EMAPA:32659	IAO:0000115	
WARN	missing_definition	EMAPA:32660	IAO:0000115	
WARN	missing_definition	EMAPA:32661	IAO:0000115	
WARN	missing_definition	EMAPA:32662	IAO:0000115	
WARN	missing_definition	EMAPA:32663	IAO:0000115	
WARN	missing_definition	EMAPA:32664	IAO:0000115	
WARN	missing_definition	EMAPA:32665	IAO:0000115	
WARN	missing_definition	EMAPA:32666	IAO:0000115	
WARN	missing_definition	EMAPA:32667	IAO:0000115	
WARN	missing_definition	EMAPA:32668	IAO:0000115	
WARN	missing_definition	EMAPA:32669	IAO:0000115	
WARN	missing_definition	EMAPA:32670	IAO:0000115	
WARN	missing_definition	EMAPA:32671	IAO:0000115	
WARN	missing_definition	EMAPA:32672	IAO:0000115	
WARN	missing_definition	EMAPA:32673	IAO:0000115	
WARN	missing_definition	EMAPA:32674	IAO:0000115	
WARN	missing_definition	EMAPA:32676	IAO:0000115	
WARN	missing_definition	EMAPA:32677	IAO:0000115	
WARN	missing_definition	EMAPA:32678	IAO:0000115	
WARN	missing_definition	EMAPA:32679	IAO:0000115	
WARN	missing_definition	EMAPA:32680	IAO:0000115	
WARN	missing_definition	EMAPA:32681	IAO:0000115	
WARN	missing_definition	EMAPA:32682	IAO:0000115	
WARN	missing_definition	EMAPA:32683	IAO:0000115	
WARN	missing_definition	EMAPA:32684	IAO:0000115	
WARN	missing_definition	EMAPA:32685	IAO:0000115	
WARN	missing_definition	EMAPA:32686	IAO:0000115	
WARN	missing_definition	EMAPA:32687	IAO:0000115	
WARN	missing_definition	EMAPA:32688	IAO:0000115	
WARN	missing_definition	EMAPA:32689	IAO:0000115	
WARN	missing_definition	EMAPA:32690	IAO:0000115	
WARN	missing_definition	EMAPA:32691	IAO:0000115	
WARN	missing_definition	EMAPA:32692	IAO:0000115	
WARN	missing_definition	EMAPA:32693	IAO:0000115	
WARN	missing_definition	EMAPA:32694	IAO:0000115	
WARN	missing_definition	EMAPA:32695	IAO:0000115	
WARN	missing_definition	EMAPA:32696	IAO:0000115	
WARN	missing_definition	EMAPA:32697	IAO:0000115	
WARN	missing_definition	EMAPA:32698	IAO:0000115	
WARN	missing_definition	EMAPA:32699	IAO:0000115	
WARN	missing_definition	EMAPA:32700	IAO:0000115	
WARN	missing_definition	EMAPA:32701	IAO:0000115	
WARN	missing_definition	EMAPA:32702	IAO:0000115	
WARN	missing_definition	EMAPA:32703	IAO:0000115	
WARN	missing_definition	EMAPA:32704	IAO:0000115	
WARN	missing_definition	EMAPA:32705	IAO:0000115	
WARN	missing_definition	EMAPA:32706	IAO:0000115	
WARN	missing_definition	EMAPA:32707	IAO:0000115	
WARN	missing_definition	EMAPA:32708	IAO:0000115	
WARN	missing_definition	EMAPA:32709	IAO:0000115	
WARN	missing_definition	EMAPA:32710	IAO:0000115	
WARN	missing_definition	EMAPA:32711	IAO:0000115	
WARN	missing_definition	EMAPA:32712	IAO:0000115	
WARN	missing_definition	EMAPA:32713	IAO:0000115	
WARN	missing_definition	EMAPA:32714	IAO:0000115	
WARN	missing_definition	EMAPA:32715	IAO:0000115	
WARN	missing_definition	EMAPA:32716	IAO:0000115	
WARN	missing_definition	EMAPA:32717	IAO:0000115	
WARN	missing_definition	EMAPA:32718	IAO:0000115	
WARN	missing_definition	EMAPA:32719	IAO:0000115	
WARN	missing_definition	EMAPA:32720	IAO:0000115	
WARN	missing_definition	EMAPA:32721	IAO:0000115	
WARN	missing_definition	EMAPA:32722	IAO:0000115	
WARN	missing_definition	EMAPA:32723	IAO:0000115	
WARN	missing_definition	EMAPA:32724	IAO:0000115	
WARN	missing_definition	EMAPA:32725	IAO:0000115	
WARN	missing_definition	EMAPA:32726	IAO:0000115	
WARN	missing_definition	EMAPA:32727	IAO:0000115	
WARN	missing_definition	EMAPA:32728	IAO:0000115	
WARN	missing_definition	EMAPA:32729	IAO:0000115	
WARN	missing_definition	EMAPA:32730	IAO:0000115	
WARN	missing_definition	EMAPA:32731	IAO:0000115	
WARN	missing_definition	EMAPA:32732	IAO:0000115	
WARN	missing_definition	EMAPA:32734	IAO:0000115	
WARN	missing_definition	EMAPA:32735	IAO:0000115	
WARN	missing_definition	EMAPA:32736	IAO:0000115	
WARN	missing_definition	EMAPA:32737	IAO:0000115	
WARN	missing_definition	EMAPA:32738	IAO:0000115	
WARN	missing_definition	EMAPA:32739	IAO:0000115	
WARN	missing_definition	EMAPA:32740	IAO:0000115	
WARN	missing_definition	EMAPA:32741	IAO:0000115	
WARN	missing_definition	EMAPA:32742	IAO:0000115	
WARN	missing_definition	EMAPA:32743	IAO:0000115	
WARN	missing_definition	EMAPA:32744	IAO:0000115	
WARN	missing_definition	EMAPA:32745	IAO:0000115	
WARN	missing_definition	EMAPA:32746	IAO:0000115	
WARN	missing_definition	EMAPA:32747	IAO:0000115	
WARN	missing_definition	EMAPA:32748	IAO:0000115	
WARN	missing_definition	EMAPA:32749	IAO:0000115	
WARN	missing_definition	EMAPA:32750	IAO:0000115	
WARN	missing_definition	EMAPA:32751	IAO:0000115	
WARN	missing_definition	EMAPA:32752	IAO:0000115	
WARN	missing_definition	EMAPA:32753	IAO:0000115	
WARN	missing_definition	EMAPA:32754	IAO:0000115	
WARN	missing_definition	EMAPA:32755	IAO:0000115	
WARN	missing_definition	EMAPA:32756	IAO:0000115	
WARN	missing_definition	EMAPA:32757	IAO:0000115	
WARN	missing_definition	EMAPA:32758	IAO:0000115	
WARN	missing_definition	EMAPA:32759	IAO:0000115	
WARN	missing_definition	EMAPA:32760	IAO:0000115	
WARN	missing_definition	EMAPA:32761	IAO:0000115	
WARN	missing_definition	EMAPA:32762	IAO:0000115	
WARN	missing_definition	EMAPA:32763	IAO:0000115	
WARN	missing_definition	EMAPA:32764	IAO:0000115	
WARN	missing_definition	EMAPA:32765	IAO:0000115	
WARN	missing_definition	EMAPA:32766	IAO:0000115	
WARN	missing_definition	EMAPA:32767	IAO:0000115	
WARN	missing_definition	EMAPA:32768	IAO:0000115	
WARN	missing_definition	EMAPA:32769	IAO:0000115	
WARN	missing_definition	EMAPA:32770	IAO:0000115	
WARN	missing_definition	EMAPA:32771	IAO:0000115	
WARN	missing_definition	EMAPA:32772	IAO:0000115	
WARN	missing_definition	EMAPA:32773	IAO:0000115	
WARN	missing_definition	EMAPA:32774	IAO:0000115	
WARN	missing_definition	EMAPA:32775	IAO:0000115	
WARN	missing_definition	EMAPA:32776	IAO:0000115	
WARN	missing_definition	EMAPA:32777	IAO:0000115	
WARN	missing_definition	EMAPA:32778	IAO:0000115	
WARN	missing_definition	EMAPA:32779	IAO:0000115	
WARN	missing_definition	EMAPA:32780	IAO:0000115	
WARN	missing_definition	EMAPA:32781	IAO:0000115	
WARN	missing_definition	EMAPA:32782	IAO:0000115	
WARN	missing_definition	EMAPA:32783	IAO:0000115	
WARN	missing_definition	EMAPA:32784	IAO:0000115	
WARN	missing_definition	EMAPA:32785	IAO:0000115	
WARN	missing_definition	EMAPA:32786	IAO:0000115	
WARN	missing_definition	EMAPA:32787	IAO:0000115	
WARN	missing_definition	EMAPA:32788	IAO:0000115	
WARN	missing_definition	EMAPA:32789	IAO:0000115	
WARN	missing_definition	EMAPA:32790	IAO:0000115	
WARN	missing_definition	EMAPA:32791	IAO:0000115	
WARN	missing_definition	EMAPA:32792	IAO:0000115	
WARN	missing_definition	EMAPA:32793	IAO:0000115	
WARN	missing_definition	EMAPA:32794	IAO:0000115	
WARN	missing_definition	EMAPA:32795	IAO:0000115	
WARN	missing_definition	EMAPA:32796	IAO:0000115	
WARN	missing_definition	EMAPA:32797	IAO:0000115	
WARN	missing_definition	EMAPA:32798	IAO:0000115	
WARN	missing_definition	EMAPA:32799	IAO:0000115	
WARN	missing_definition	EMAPA:32800	IAO:0000115	
WARN	missing_definition	EMAPA:32801	IAO:0000115	
WARN	missing_definition	EMAPA:32802	IAO:0000115	
WARN	missing_definition	EMAPA:32804	IAO:0000115	
WARN	missing_definition	EMAPA:32805	IAO:0000115	
WARN	missing_definition	EMAPA:32806	IAO:0000115	
WARN	missing_definition	EMAPA:32807	IAO:0000115	
WARN	missing_definition	EMAPA:32808	IAO:0000115	
WARN	missing_definition	EMAPA:32809	IAO:0000115	
WARN	missing_definition	EMAPA:32810	IAO:0000115	
WARN	missing_definition	EMAPA:32811	IAO:0000115	
WARN	missing_definition	EMAPA:32812	IAO:0000115	
WARN	missing_definition	EMAPA:32813	IAO:0000115	
WARN	missing_definition	EMAPA:32814	IAO:0000115	
WARN	missing_definition	EMAPA:32815	IAO:0000115	
WARN	missing_definition	EMAPA:32816	IAO:0000115	
WARN	missing_definition	EMAPA:32817	IAO:0000115	
WARN	missing_definition	EMAPA:32818	IAO:0000115	
WARN	missing_definition	EMAPA:32819	IAO:0000115	
WARN	missing_definition	EMAPA:32820	IAO:0000115	
WARN	missing_definition	EMAPA:32822	IAO:0000115	
WARN	missing_definition	EMAPA:32823	IAO:0000115	
WARN	missing_definition	EMAPA:32824	IAO:0000115	
WARN	missing_definition	EMAPA:32825	IAO:0000115	
WARN	missing_definition	EMAPA:32826	IAO:0000115	
WARN	missing_definition	EMAPA:32827	IAO:0000115	
WARN	missing_definition	EMAPA:32828	IAO:0000115	
WARN	missing_definition	EMAPA:32829	IAO:0000115	
WARN	missing_definition	EMAPA:32830	IAO:0000115	
WARN	missing_definition	EMAPA:32831	IAO:0000115	
WARN	missing_definition	EMAPA:32832	IAO:0000115	
WARN	missing_definition	EMAPA:32834	IAO:0000115	
WARN	missing_definition	EMAPA:32837	IAO:0000115	
WARN	missing_definition	EMAPA:32838	IAO:0000115	
WARN	missing_definition	EMAPA:32839	IAO:0000115	
WARN	missing_definition	EMAPA:32840	IAO:0000115	
WARN	missing_definition	EMAPA:32841	IAO:0000115	
WARN	missing_definition	EMAPA:32842	IAO:0000115	
WARN	missing_definition	EMAPA:32843	IAO:0000115	
WARN	missing_definition	EMAPA:32844	IAO:0000115	
WARN	missing_definition	EMAPA:32845	IAO:0000115	
WARN	missing_definition	EMAPA:32846	IAO:0000115	
WARN	missing_definition	EMAPA:32847	IAO:0000115	
WARN	missing_definition	EMAPA:32848	IAO:0000115	
WARN	missing_definition	EMAPA:32849	IAO:0000115	
WARN	missing_definition	EMAPA:32850	IAO:0000115	
WARN	missing_definition	EMAPA:32851	IAO:0000115	
WARN	missing_definition	EMAPA:32852	IAO:0000115	
WARN	missing_definition	EMAPA:32855	IAO:0000115	
WARN	missing_definition	EMAPA:32856	IAO:0000115	
WARN	missing_definition	EMAPA:32857	IAO:0000115	
WARN	missing_definition	EMAPA:32858	IAO:0000115	
WARN	missing_definition	EMAPA:32859	IAO:0000115	
WARN	missing_definition	EMAPA:32860	IAO:0000115	
WARN	missing_definition	EMAPA:32861	IAO:0000115	
WARN	missing_definition	EMAPA:32862	IAO:0000115	
WARN	missing_definition	EMAPA:32863	IAO:0000115	
WARN	missing_definition	EMAPA:32864	IAO:0000115	
WARN	missing_definition	EMAPA:32865	IAO:0000115	
WARN	missing_definition	EMAPA:32866	IAO:0000115	
WARN	missing_definition	EMAPA:32867	IAO:0000115	
WARN	missing_definition	EMAPA:32868	IAO:0000115	
WARN	missing_definition	EMAPA:32869	IAO:0000115	
WARN	missing_definition	EMAPA:32870	IAO:0000115	
WARN	missing_definition	EMAPA:32871	IAO:0000115	
WARN	missing_definition	EMAPA:32872	IAO:0000115	
WARN	missing_definition	EMAPA:32873	IAO:0000115	
WARN	missing_definition	EMAPA:32874	IAO:0000115	
WARN	missing_definition	EMAPA:32875	IAO:0000115	
WARN	missing_definition	EMAPA:32876	IAO:0000115	
WARN	missing_definition	EMAPA:32877	IAO:0000115	
WARN	missing_definition	EMAPA:32878	IAO:0000115	
WARN	missing_definition	EMAPA:32879	IAO:0000115	
WARN	missing_definition	EMAPA:32880	IAO:0000115	
WARN	missing_definition	EMAPA:32881	IAO:0000115	
WARN	missing_definition	EMAPA:32882	IAO:0000115	
WARN	missing_definition	EMAPA:32883	IAO:0000115	
WARN	missing_definition	EMAPA:32884	IAO:0000115	
WARN	missing_definition	EMAPA:32885	IAO:0000115	
WARN	missing_definition	EMAPA:32886	IAO:0000115	
WARN	missing_definition	EMAPA:32887	IAO:0000115	
WARN	missing_definition	EMAPA:32888	IAO:0000115	
WARN	missing_definition	EMAPA:32889	IAO:0000115	
WARN	missing_definition	EMAPA:32890	IAO:0000115	
WARN	missing_definition	EMAPA:32891	IAO:0000115	
WARN	missing_definition	EMAPA:32892	IAO:0000115	
WARN	missing_definition	EMAPA:32893	IAO:0000115	
WARN	missing_definition	EMAPA:32894	IAO:0000115	
WARN	missing_definition	EMAPA:32895	IAO:0000115	
WARN	missing_definition	EMAPA:32896	IAO:0000115	
WARN	missing_definition	EMAPA:32897	IAO:0000115	
WARN	missing_definition	EMAPA:32898	IAO:0000115	
WARN	missing_definition	EMAPA:32899	IAO:0000115	
WARN	missing_definition	EMAPA:32900	IAO:0000115	
WARN	missing_definition	EMAPA:32901	IAO:0000115	
WARN	missing_definition	EMAPA:32902	IAO:0000115	
WARN	missing_definition	EMAPA:32903	IAO:0000115	
WARN	missing_definition	EMAPA:32904	IAO:0000115	
WARN	missing_definition	EMAPA:32905	IAO:0000115	
WARN	missing_definition	EMAPA:32906	IAO:0000115	
WARN	missing_definition	EMAPA:32907	IAO:0000115	
WARN	missing_definition	EMAPA:32908	IAO:0000115	
WARN	missing_definition	EMAPA:32909	IAO:0000115	
WARN	missing_definition	EMAPA:32910	IAO:0000115	
WARN	missing_definition	EMAPA:32911	IAO:0000115	
WARN	missing_definition	EMAPA:32912	IAO:0000115	
WARN	missing_definition	EMAPA:32913	IAO:0000115	
WARN	missing_definition	EMAPA:32914	IAO:0000115	
WARN	missing_definition	EMAPA:32915	IAO:0000115	
WARN	missing_definition	EMAPA:32916	IAO:0000115	
WARN	missing_definition	EMAPA:32917	IAO:0000115	
WARN	missing_definition	EMAPA:32918	IAO:0000115	
WARN	missing_definition	EMAPA:32919	IAO:0000115	
WARN	missing_definition	EMAPA:32920	IAO:0000115	
WARN	missing_definition	EMAPA:32921	IAO:0000115	
WARN	missing_definition	EMAPA:32922	IAO:0000115	
WARN	missing_definition	EMAPA:32923	IAO:0000115	
WARN	missing_definition	EMAPA:32925	IAO:0000115	
WARN	missing_definition	EMAPA:32927	IAO:0000115	
WARN	missing_definition	EMAPA:32928	IAO:0000115	
WARN	missing_definition	EMAPA:32930	IAO:0000115	
WARN	missing_definition	EMAPA:32935	IAO:0000115	
WARN	missing_definition	EMAPA:32937	IAO:0000115	
WARN	missing_definition	EMAPA:32938	IAO:0000115	
WARN	missing_definition	EMAPA:32939	IAO:0000115	
WARN	missing_definition	EMAPA:32940	IAO:0000115	
WARN	missing_definition	EMAPA:32941	IAO:0000115	
WARN	missing_definition	EMAPA:32942	IAO:0000115	
WARN	missing_definition	EMAPA:32943	IAO:0000115	
WARN	missing_definition	EMAPA:32944	IAO:0000115	
WARN	missing_definition	EMAPA:32945	IAO:0000115	
WARN	missing_definition	EMAPA:32946	IAO:0000115	
WARN	missing_definition	EMAPA:32947	IAO:0000115	
WARN	missing_definition	EMAPA:32948	IAO:0000115	
WARN	missing_definition	EMAPA:32949	IAO:0000115	
WARN	missing_definition	EMAPA:32950	IAO:0000115	
WARN	missing_definition	EMAPA:32951	IAO:0000115	
WARN	missing_definition	EMAPA:32952	IAO:0000115	
WARN	missing_definition	EMAPA:32953	IAO:0000115	
WARN	missing_definition	EMAPA:32955	IAO:0000115	
WARN	missing_definition	EMAPA:32956	IAO:0000115	
WARN	missing_definition	EMAPA:32957	IAO:0000115	
WARN	missing_definition	EMAPA:35041	IAO:0000115	
WARN	missing_definition	EMAPA:35042	IAO:0000115	
WARN	missing_definition	EMAPA:35044	IAO:0000115	
WARN	missing_definition	EMAPA:35046	IAO:0000115	
WARN	missing_definition	EMAPA:35047	IAO:0000115	
WARN	missing_definition	EMAPA:35048	IAO:0000115	
WARN	missing_definition	EMAPA:35049	IAO:0000115	
WARN	missing_definition	EMAPA:35050	IAO:0000115	
WARN	missing_definition	EMAPA:35051	IAO:0000115	
WARN	missing_definition	EMAPA:35052	IAO:0000115	
WARN	missing_definition	EMAPA:35053	IAO:0000115	
WARN	missing_definition	EMAPA:35054	IAO:0000115	
WARN	missing_definition	EMAPA:35055	IAO:0000115	
WARN	missing_definition	EMAPA:35057	IAO:0000115	
WARN	missing_definition	EMAPA:35058	IAO:0000115	
WARN	missing_definition	EMAPA:35059	IAO:0000115	
WARN	missing_definition	EMAPA:35100	IAO:0000115	
WARN	missing_definition	EMAPA:35101	IAO:0000115	
WARN	missing_definition	EMAPA:35102	IAO:0000115	
WARN	missing_definition	EMAPA:35103	IAO:0000115	
WARN	missing_definition	EMAPA:35104	IAO:0000115	
WARN	missing_definition	EMAPA:35105	IAO:0000115	
WARN	missing_definition	EMAPA:35106	IAO:0000115	
WARN	missing_definition	EMAPA:35107	IAO:0000115	
WARN	missing_definition	EMAPA:35108	IAO:0000115	
WARN	missing_definition	EMAPA:35109	IAO:0000115	
WARN	missing_definition	EMAPA:35110	IAO:0000115	
WARN	missing_definition	EMAPA:35111	IAO:0000115	
WARN	missing_definition	EMAPA:35112	IAO:0000115	
WARN	missing_definition	EMAPA:35113	IAO:0000115	
WARN	missing_definition	EMAPA:35114	IAO:0000115	
WARN	missing_definition	EMAPA:35115	IAO:0000115	
WARN	missing_definition	EMAPA:35116	IAO:0000115	
WARN	missing_definition	EMAPA:35117	IAO:0000115	
WARN	missing_definition	EMAPA:35118	IAO:0000115	
WARN	missing_definition	EMAPA:35119	IAO:0000115	
WARN	missing_definition	EMAPA:35120	IAO:0000115	
WARN	missing_definition	EMAPA:35121	IAO:0000115	
WARN	missing_definition	EMAPA:35122	IAO:0000115	
WARN	missing_definition	EMAPA:35123	IAO:0000115	
WARN	missing_definition	EMAPA:35124	IAO:0000115	
WARN	missing_definition	EMAPA:35125	IAO:0000115	
WARN	missing_definition	EMAPA:35126	IAO:0000115	
WARN	missing_definition	EMAPA:35127	IAO:0000115	
WARN	missing_definition	EMAPA:35128	IAO:0000115	
WARN	missing_definition	EMAPA:35129	IAO:0000115	
WARN	missing_definition	EMAPA:35130	IAO:0000115	
WARN	missing_definition	EMAPA:35131	IAO:0000115	
WARN	missing_definition	EMAPA:35132	IAO:0000115	
WARN	missing_definition	EMAPA:35133	IAO:0000115	
WARN	missing_definition	EMAPA:35134	IAO:0000115	
WARN	missing_definition	EMAPA:35135	IAO:0000115	
WARN	missing_definition	EMAPA:35136	IAO:0000115	
WARN	missing_definition	EMAPA:35137	IAO:0000115	
WARN	missing_definition	EMAPA:35138	IAO:0000115	
WARN	missing_definition	EMAPA:35139	IAO:0000115	
WARN	missing_definition	EMAPA:35140	IAO:0000115	
WARN	missing_definition	EMAPA:35141	IAO:0000115	
WARN	missing_definition	EMAPA:35142	IAO:0000115	
WARN	missing_definition	EMAPA:35143	IAO:0000115	
WARN	missing_definition	EMAPA:35144	IAO:0000115	
WARN	missing_definition	EMAPA:35145	IAO:0000115	
WARN	missing_definition	EMAPA:35146	IAO:0000115	
WARN	missing_definition	EMAPA:35147	IAO:0000115	
WARN	missing_definition	EMAPA:35148	IAO:0000115	
WARN	missing_definition	EMAPA:35149	IAO:0000115	
WARN	missing_definition	EMAPA:35150	IAO:0000115	
WARN	missing_definition	EMAPA:35151	IAO:0000115	
WARN	missing_definition	EMAPA:35152	IAO:0000115	
WARN	missing_definition	EMAPA:35153	IAO:0000115	
WARN	missing_definition	EMAPA:35154	IAO:0000115	
WARN	missing_definition	EMAPA:35155	IAO:0000115	
WARN	missing_definition	EMAPA:35156	IAO:0000115	
WARN	missing_definition	EMAPA:35158	IAO:0000115	
WARN	missing_definition	EMAPA:35159	IAO:0000115	
WARN	missing_definition	EMAPA:35160	IAO:0000115	
WARN	missing_definition	EMAPA:35161	IAO:0000115	
WARN	missing_definition	EMAPA:35162	IAO:0000115	
WARN	missing_definition	EMAPA:35163	IAO:0000115	
WARN	missing_definition	EMAPA:35164	IAO:0000115	
WARN	missing_definition	EMAPA:35165	IAO:0000115	
WARN	missing_definition	EMAPA:35166	IAO:0000115	
WARN	missing_definition	EMAPA:35167	IAO:0000115	
WARN	missing_definition	EMAPA:35168	IAO:0000115	
WARN	missing_definition	EMAPA:35169	IAO:0000115	
WARN	missing_definition	EMAPA:35170	IAO:0000115	
WARN	missing_definition	EMAPA:35171	IAO:0000115	
WARN	missing_definition	EMAPA:35172	IAO:0000115	
WARN	missing_definition	EMAPA:35175	IAO:0000115	
WARN	missing_definition	EMAPA:35176	IAO:0000115	
WARN	missing_definition	EMAPA:35177	IAO:0000115	
WARN	missing_definition	EMAPA:35178	IAO:0000115	
WARN	missing_definition	EMAPA:35179	IAO:0000115	
WARN	missing_definition	EMAPA:35182	IAO:0000115	
WARN	missing_definition	EMAPA:35183	IAO:0000115	
WARN	missing_definition	EMAPA:35184	IAO:0000115	
WARN	missing_definition	EMAPA:35185	IAO:0000115	
WARN	missing_definition	EMAPA:35186	IAO:0000115	
WARN	missing_definition	EMAPA:35187	IAO:0000115	
WARN	missing_definition	EMAPA:35188	IAO:0000115	
WARN	missing_definition	EMAPA:35189	IAO:0000115	
WARN	missing_definition	EMAPA:35190	IAO:0000115	
WARN	missing_definition	EMAPA:35191	IAO:0000115	
WARN	missing_definition	EMAPA:35192	IAO:0000115	
WARN	missing_definition	EMAPA:35193	IAO:0000115	
WARN	missing_definition	EMAPA:35194	IAO:0000115	
WARN	missing_definition	EMAPA:35195	IAO:0000115	
WARN	missing_definition	EMAPA:35196	IAO:0000115	
WARN	missing_definition	EMAPA:35197	IAO:0000115	
WARN	missing_definition	EMAPA:35198	IAO:0000115	
WARN	missing_definition	EMAPA:35201	IAO:0000115	
WARN	missing_definition	EMAPA:35202	IAO:0000115	
WARN	missing_definition	EMAPA:35203	IAO:0000115	
WARN	missing_definition	EMAPA:35204	IAO:0000115	
WARN	missing_definition	EMAPA:35205	IAO:0000115	
WARN	missing_definition	EMAPA:35206	IAO:0000115	
WARN	missing_definition	EMAPA:35207	IAO:0000115	
WARN	missing_definition	EMAPA:35208	IAO:0000115	
WARN	missing_definition	EMAPA:35209	IAO:0000115	
WARN	missing_definition	EMAPA:35210	IAO:0000115	
WARN	missing_definition	EMAPA:35211	IAO:0000115	
WARN	missing_definition	EMAPA:35212	IAO:0000115	
WARN	missing_definition	EMAPA:35213	IAO:0000115	
WARN	missing_definition	EMAPA:35214	IAO:0000115	
WARN	missing_definition	EMAPA:35215	IAO:0000115	
WARN	missing_definition	EMAPA:35216	IAO:0000115	
WARN	missing_definition	EMAPA:35217	IAO:0000115	
WARN	missing_definition	EMAPA:35218	IAO:0000115	
WARN	missing_definition	EMAPA:35219	IAO:0000115	
WARN	missing_definition	EMAPA:35220	IAO:0000115	
WARN	missing_definition	EMAPA:35221	IAO:0000115	
WARN	missing_definition	EMAPA:35222	IAO:0000115	
WARN	missing_definition	EMAPA:35223	IAO:0000115	
WARN	missing_definition	EMAPA:35224	IAO:0000115	
WARN	missing_definition	EMAPA:35225	IAO:0000115	
WARN	missing_definition	EMAPA:35226	IAO:0000115	
WARN	missing_definition	EMAPA:35227	IAO:0000115	
WARN	missing_definition	EMAPA:35228	IAO:0000115	
WARN	missing_definition	EMAPA:35229	IAO:0000115	
WARN	missing_definition	EMAPA:35230	IAO:0000115	
WARN	missing_definition	EMAPA:35231	IAO:0000115	
WARN	missing_definition	EMAPA:35232	IAO:0000115	
WARN	missing_definition	EMAPA:35233	IAO:0000115	
WARN	missing_definition	EMAPA:35234	IAO:0000115	
WARN	missing_definition	EMAPA:35235	IAO:0000115	
WARN	missing_definition	EMAPA:35236	IAO:0000115	
WARN	missing_definition	EMAPA:35237	IAO:0000115	
WARN	missing_definition	EMAPA:35238	IAO:0000115	
WARN	missing_definition	EMAPA:35239	IAO:0000115	
WARN	missing_definition	EMAPA:35240	IAO:0000115	
WARN	missing_definition	EMAPA:35241	IAO:0000115	
WARN	missing_definition	EMAPA:35242	IAO:0000115	
WARN	missing_definition	EMAPA:35243	IAO:0000115	
WARN	missing_definition	EMAPA:35244	IAO:0000115	
WARN	missing_definition	EMAPA:35246	IAO:0000115	
WARN	missing_definition	EMAPA:35247	IAO:0000115	
WARN	missing_definition	EMAPA:35248	IAO:0000115	
WARN	missing_definition	EMAPA:35249	IAO:0000115	
WARN	missing_definition	EMAPA:35250	IAO:0000115	
WARN	missing_definition	EMAPA:35251	IAO:0000115	
WARN	missing_definition	EMAPA:35252	IAO:0000115	
WARN	missing_definition	EMAPA:35253	IAO:0000115	
WARN	missing_definition	EMAPA:35254	IAO:0000115	
WARN	missing_definition	EMAPA:35255	IAO:0000115	
WARN	missing_definition	EMAPA:35256	IAO:0000115	
WARN	missing_definition	EMAPA:35257	IAO:0000115	
WARN	missing_definition	EMAPA:35258	IAO:0000115	
WARN	missing_definition	EMAPA:35259	IAO:0000115	
WARN	missing_definition	EMAPA:35260	IAO:0000115	
WARN	missing_definition	EMAPA:35261	IAO:0000115	
WARN	missing_definition	EMAPA:35262	IAO:0000115	
WARN	missing_definition	EMAPA:35263	IAO:0000115	
WARN	missing_definition	EMAPA:35264	IAO:0000115	
WARN	missing_definition	EMAPA:35266	IAO:0000115	
WARN	missing_definition	EMAPA:35267	IAO:0000115	
WARN	missing_definition	EMAPA:35268	IAO:0000115	
WARN	missing_definition	EMAPA:35269	IAO:0000115	
WARN	missing_definition	EMAPA:35270	IAO:0000115	
WARN	missing_definition	EMAPA:35271	IAO:0000115	
WARN	missing_definition	EMAPA:35272	IAO:0000115	
WARN	missing_definition	EMAPA:35273	IAO:0000115	
WARN	missing_definition	EMAPA:35274	IAO:0000115	
WARN	missing_definition	EMAPA:35275	IAO:0000115	
WARN	missing_definition	EMAPA:35276	IAO:0000115	
WARN	missing_definition	EMAPA:35277	IAO:0000115	
WARN	missing_definition	EMAPA:35278	IAO:0000115	
WARN	missing_definition	EMAPA:35279	IAO:0000115	
WARN	missing_definition	EMAPA:35280	IAO:0000115	
WARN	missing_definition	EMAPA:35281	IAO:0000115	
WARN	missing_definition	EMAPA:35282	IAO:0000115	
WARN	missing_definition	EMAPA:35283	IAO:0000115	
WARN	missing_definition	EMAPA:35285	IAO:0000115	
WARN	missing_definition	EMAPA:35286	IAO:0000115	
WARN	missing_definition	EMAPA:35287	IAO:0000115	
WARN	missing_definition	EMAPA:35288	IAO:0000115	
WARN	missing_definition	EMAPA:35289	IAO:0000115	
WARN	missing_definition	EMAPA:35290	IAO:0000115	
WARN	missing_definition	EMAPA:35291	IAO:0000115	
WARN	missing_definition	EMAPA:35292	IAO:0000115	
WARN	missing_definition	EMAPA:35293	IAO:0000115	
WARN	missing_definition	EMAPA:35294	IAO:0000115	
WARN	missing_definition	EMAPA:35295	IAO:0000115	
WARN	missing_definition	EMAPA:35296	IAO:0000115	
WARN	missing_definition	EMAPA:35297	IAO:0000115	
WARN	missing_definition	EMAPA:35301	IAO:0000115	
WARN	missing_definition	EMAPA:35302	IAO:0000115	
WARN	missing_definition	EMAPA:35303	IAO:0000115	
WARN	missing_definition	EMAPA:35304	IAO:0000115	
WARN	missing_definition	EMAPA:35305	IAO:0000115	
WARN	missing_definition	EMAPA:35306	IAO:0000115	
WARN	missing_definition	EMAPA:35307	IAO:0000115	
WARN	missing_definition	EMAPA:35308	IAO:0000115	
WARN	missing_definition	EMAPA:35309	IAO:0000115	
WARN	missing_definition	EMAPA:35310	IAO:0000115	
WARN	missing_definition	EMAPA:35311	IAO:0000115	
WARN	missing_definition	EMAPA:35312	IAO:0000115	
WARN	missing_definition	EMAPA:35313	IAO:0000115	
WARN	missing_definition	EMAPA:35314	IAO:0000115	
WARN	missing_definition	EMAPA:35315	IAO:0000115	
WARN	missing_definition	EMAPA:35316	IAO:0000115	
WARN	missing_definition	EMAPA:35317	IAO:0000115	
WARN	missing_definition	EMAPA:35318	IAO:0000115	
WARN	missing_definition	EMAPA:35319	IAO:0000115	
WARN	missing_definition	EMAPA:35320	IAO:0000115	
WARN	missing_definition	EMAPA:35321	IAO:0000115	
WARN	missing_definition	EMAPA:35322	IAO:0000115	
WARN	missing_definition	EMAPA:35323	IAO:0000115	
WARN	missing_definition	EMAPA:35324	IAO:0000115	
WARN	missing_definition	EMAPA:35325	IAO:0000115	
WARN	missing_definition	EMAPA:35326	IAO:0000115	
WARN	missing_definition	EMAPA:35327	IAO:0000115	
WARN	missing_definition	EMAPA:35328	IAO:0000115	
WARN	missing_definition	EMAPA:35329	IAO:0000115	
WARN	missing_definition	EMAPA:35330	IAO:0000115	
WARN	missing_definition	EMAPA:35331	IAO:0000115	
WARN	missing_definition	EMAPA:35332	IAO:0000115	
WARN	missing_definition	EMAPA:35334	IAO:0000115	
WARN	missing_definition	EMAPA:35335	IAO:0000115	
WARN	missing_definition	EMAPA:35336	IAO:0000115	
WARN	missing_definition	EMAPA:35337	IAO:0000115	
WARN	missing_definition	EMAPA:35338	IAO:0000115	
WARN	missing_definition	EMAPA:35339	IAO:0000115	
WARN	missing_definition	EMAPA:35340	IAO:0000115	
WARN	missing_definition	EMAPA:35342	IAO:0000115	
WARN	missing_definition	EMAPA:35343	IAO:0000115	
WARN	missing_definition	EMAPA:35344	IAO:0000115	
WARN	missing_definition	EMAPA:35345	IAO:0000115	
WARN	missing_definition	EMAPA:35346	IAO:0000115	
WARN	missing_definition	EMAPA:35347	IAO:0000115	
WARN	missing_definition	EMAPA:35348	IAO:0000115	
WARN	missing_definition	EMAPA:35349	IAO:0000115	
WARN	missing_definition	EMAPA:35350	IAO:0000115	
WARN	missing_definition	EMAPA:35352	IAO:0000115	
WARN	missing_definition	EMAPA:35353	IAO:0000115	
WARN	missing_definition	EMAPA:35354	IAO:0000115	
WARN	missing_definition	EMAPA:35355	IAO:0000115	
WARN	missing_definition	EMAPA:35356	IAO:0000115	
WARN	missing_definition	EMAPA:35357	IAO:0000115	
WARN	missing_definition	EMAPA:35359	IAO:0000115	
WARN	missing_definition	EMAPA:35360	IAO:0000115	
WARN	missing_definition	EMAPA:35361	IAO:0000115	
WARN	missing_definition	EMAPA:35362	IAO:0000115	
WARN	missing_definition	EMAPA:35364	IAO:0000115	
WARN	missing_definition	EMAPA:35367	IAO:0000115	
WARN	missing_definition	EMAPA:35368	IAO:0000115	
WARN	missing_definition	EMAPA:35369	IAO:0000115	
WARN	missing_definition	EMAPA:35370	IAO:0000115	
WARN	missing_definition	EMAPA:35371	IAO:0000115	
WARN	missing_definition	EMAPA:35372	IAO:0000115	
WARN	missing_definition	EMAPA:35373	IAO:0000115	
WARN	missing_definition	EMAPA:35374	IAO:0000115	
WARN	missing_definition	EMAPA:35375	IAO:0000115	
WARN	missing_definition	EMAPA:35376	IAO:0000115	
WARN	missing_definition	EMAPA:35377	IAO:0000115	
WARN	missing_definition	EMAPA:35378	IAO:0000115	
WARN	missing_definition	EMAPA:35379	IAO:0000115	
WARN	missing_definition	EMAPA:35380	IAO:0000115	
WARN	missing_definition	EMAPA:35382	IAO:0000115	
WARN	missing_definition	EMAPA:35384	IAO:0000115	
WARN	missing_definition	EMAPA:35385	IAO:0000115	
WARN	missing_definition	EMAPA:35386	IAO:0000115	
WARN	missing_definition	EMAPA:35387	IAO:0000115	
WARN	missing_definition	EMAPA:35388	IAO:0000115	
WARN	missing_definition	EMAPA:35389	IAO:0000115	
WARN	missing_definition	EMAPA:35390	IAO:0000115	
WARN	missing_definition	EMAPA:35391	IAO:0000115	
WARN	missing_definition	EMAPA:35392	IAO:0000115	
WARN	missing_definition	EMAPA:35393	IAO:0000115	
WARN	missing_definition	EMAPA:35395	IAO:0000115	
WARN	missing_definition	EMAPA:35397	IAO:0000115	
WARN	missing_definition	EMAPA:35399	IAO:0000115	
WARN	missing_definition	EMAPA:35400	IAO:0000115	
WARN	missing_definition	EMAPA:35401	IAO:0000115	
WARN	missing_definition	EMAPA:35402	IAO:0000115	
WARN	missing_definition	EMAPA:35403	IAO:0000115	
WARN	missing_definition	EMAPA:35404	IAO:0000115	
WARN	missing_definition	EMAPA:35405	IAO:0000115	
WARN	missing_definition	EMAPA:35406	IAO:0000115	
WARN	missing_definition	EMAPA:35407	IAO:0000115	
WARN	missing_definition	EMAPA:35408	IAO:0000115	
WARN	missing_definition	EMAPA:35409	IAO:0000115	
WARN	missing_definition	EMAPA:35410	IAO:0000115	
WARN	missing_definition	EMAPA:35411	IAO:0000115	
WARN	missing_definition	EMAPA:35412	IAO:0000115	
WARN	missing_definition	EMAPA:35413	IAO:0000115	
WARN	missing_definition	EMAPA:35414	IAO:0000115	
WARN	missing_definition	EMAPA:35415	IAO:0000115	
WARN	missing_definition	EMAPA:35416	IAO:0000115	
WARN	missing_definition	EMAPA:35417	IAO:0000115	
WARN	missing_definition	EMAPA:35418	IAO:0000115	
WARN	missing_definition	EMAPA:35419	IAO:0000115	
WARN	missing_definition	EMAPA:35420	IAO:0000115	
WARN	missing_definition	EMAPA:35421	IAO:0000115	
WARN	missing_definition	EMAPA:35422	IAO:0000115	
WARN	missing_definition	EMAPA:35423	IAO:0000115	
WARN	missing_definition	EMAPA:35424	IAO:0000115	
WARN	missing_definition	EMAPA:35425	IAO:0000115	
WARN	missing_definition	EMAPA:35426	IAO:0000115	
WARN	missing_definition	EMAPA:35427	IAO:0000115	
WARN	missing_definition	EMAPA:35428	IAO:0000115	
WARN	missing_definition	EMAPA:35429	IAO:0000115	
WARN	missing_definition	EMAPA:35430	IAO:0000115	
WARN	missing_definition	EMAPA:35431	IAO:0000115	
WARN	missing_definition	EMAPA:35432	IAO:0000115	
WARN	missing_definition	EMAPA:35433	IAO:0000115	
WARN	missing_definition	EMAPA:35434	IAO:0000115	
WARN	missing_definition	EMAPA:35435	IAO:0000115	
WARN	missing_definition	EMAPA:35437	IAO:0000115	
WARN	missing_definition	EMAPA:35438	IAO:0000115	
WARN	missing_definition	EMAPA:35439	IAO:0000115	
WARN	missing_definition	EMAPA:35440	IAO:0000115	
WARN	missing_definition	EMAPA:35441	IAO:0000115	
WARN	missing_definition	EMAPA:35442	IAO:0000115	
WARN	missing_definition	EMAPA:35443	IAO:0000115	
WARN	missing_definition	EMAPA:35444	IAO:0000115	
WARN	missing_definition	EMAPA:35445	IAO:0000115	
WARN	missing_definition	EMAPA:35446	IAO:0000115	
WARN	missing_definition	EMAPA:35447	IAO:0000115	
WARN	missing_definition	EMAPA:35448	IAO:0000115	
WARN	missing_definition	EMAPA:35449	IAO:0000115	
WARN	missing_definition	EMAPA:35451	IAO:0000115	
WARN	missing_definition	EMAPA:35452	IAO:0000115	
WARN	missing_definition	EMAPA:35453	IAO:0000115	
WARN	missing_definition	EMAPA:35454	IAO:0000115	
WARN	missing_definition	EMAPA:35455	IAO:0000115	
WARN	missing_definition	EMAPA:35456	IAO:0000115	
WARN	missing_definition	EMAPA:35457	IAO:0000115	
WARN	missing_definition	EMAPA:35458	IAO:0000115	
WARN	missing_definition	EMAPA:35460	IAO:0000115	
WARN	missing_definition	EMAPA:35461	IAO:0000115	
WARN	missing_definition	EMAPA:35462	IAO:0000115	
WARN	missing_definition	EMAPA:35463	IAO:0000115	
WARN	missing_definition	EMAPA:35464	IAO:0000115	
WARN	missing_definition	EMAPA:35465	IAO:0000115	
WARN	missing_definition	EMAPA:35466	IAO:0000115	
WARN	missing_definition	EMAPA:35467	IAO:0000115	
WARN	missing_definition	EMAPA:35468	IAO:0000115	
WARN	missing_definition	EMAPA:35469	IAO:0000115	
WARN	missing_definition	EMAPA:35470	IAO:0000115	
WARN	missing_definition	EMAPA:35471	IAO:0000115	
WARN	missing_definition	EMAPA:35472	IAO:0000115	
WARN	missing_definition	EMAPA:35473	IAO:0000115	
WARN	missing_definition	EMAPA:35474	IAO:0000115	
WARN	missing_definition	EMAPA:35475	IAO:0000115	
WARN	missing_definition	EMAPA:35476	IAO:0000115	
WARN	missing_definition	EMAPA:35477	IAO:0000115	
WARN	missing_definition	EMAPA:35478	IAO:0000115	
WARN	missing_definition	EMAPA:35479	IAO:0000115	
WARN	missing_definition	EMAPA:35480	IAO:0000115	
WARN	missing_definition	EMAPA:35481	IAO:0000115	
WARN	missing_definition	EMAPA:35482	IAO:0000115	
WARN	missing_definition	EMAPA:35483	IAO:0000115	
WARN	missing_definition	EMAPA:35484	IAO:0000115	
WARN	missing_definition	EMAPA:35485	IAO:0000115	
WARN	missing_definition	EMAPA:35486	IAO:0000115	
WARN	missing_definition	EMAPA:35487	IAO:0000115	
WARN	missing_definition	EMAPA:35488	IAO:0000115	
WARN	missing_definition	EMAPA:35489	IAO:0000115	
WARN	missing_definition	EMAPA:35490	IAO:0000115	
WARN	missing_definition	EMAPA:35491	IAO:0000115	
WARN	missing_definition	EMAPA:35492	IAO:0000115	
WARN	missing_definition	EMAPA:35493	IAO:0000115	
WARN	missing_definition	EMAPA:35494	IAO:0000115	
WARN	missing_definition	EMAPA:35495	IAO:0000115	
WARN	missing_definition	EMAPA:35496	IAO:0000115	
WARN	missing_definition	EMAPA:35497	IAO:0000115	
WARN	missing_definition	EMAPA:35498	IAO:0000115	
WARN	missing_definition	EMAPA:35499	IAO:0000115	
WARN	missing_definition	EMAPA:35501	IAO:0000115	
WARN	missing_definition	EMAPA:35502	IAO:0000115	
WARN	missing_definition	EMAPA:35503	IAO:0000115	
WARN	missing_definition	EMAPA:35504	IAO:0000115	
WARN	missing_definition	EMAPA:35505	IAO:0000115	
WARN	missing_definition	EMAPA:35506	IAO:0000115	
WARN	missing_definition	EMAPA:35507	IAO:0000115	
WARN	missing_definition	EMAPA:35508	IAO:0000115	
WARN	missing_definition	EMAPA:35509	IAO:0000115	
WARN	missing_definition	EMAPA:35510	IAO:0000115	
WARN	missing_definition	EMAPA:35511	IAO:0000115	
WARN	missing_definition	EMAPA:35512	IAO:0000115	
WARN	missing_definition	EMAPA:35513	IAO:0000115	
WARN	missing_definition	EMAPA:35514	IAO:0000115	
WARN	missing_definition	EMAPA:35515	IAO:0000115	
WARN	missing_definition	EMAPA:35516	IAO:0000115	
WARN	missing_definition	EMAPA:35517	IAO:0000115	
WARN	missing_definition	EMAPA:35518	IAO:0000115	
WARN	missing_definition	EMAPA:35519	IAO:0000115	
WARN	missing_definition	EMAPA:35520	IAO:0000115	
WARN	missing_definition	EMAPA:35521	IAO:0000115	
WARN	missing_definition	EMAPA:35522	IAO:0000115	
WARN	missing_definition	EMAPA:35523	IAO:0000115	
WARN	missing_definition	EMAPA:35524	IAO:0000115	
WARN	missing_definition	EMAPA:35525	IAO:0000115	
WARN	missing_definition	EMAPA:35526	IAO:0000115	
WARN	missing_definition	EMAPA:35527	IAO:0000115	
WARN	missing_definition	EMAPA:35528	IAO:0000115	
WARN	missing_definition	EMAPA:35529	IAO:0000115	
WARN	missing_definition	EMAPA:35530	IAO:0000115	
WARN	missing_definition	EMAPA:35531	IAO:0000115	
WARN	missing_definition	EMAPA:35532	IAO:0000115	
WARN	missing_definition	EMAPA:35533	IAO:0000115	
WARN	missing_definition	EMAPA:35534	IAO:0000115	
WARN	missing_definition	EMAPA:35535	IAO:0000115	
WARN	missing_definition	EMAPA:35536	IAO:0000115	
WARN	missing_definition	EMAPA:35537	IAO:0000115	
WARN	missing_definition	EMAPA:35538	IAO:0000115	
WARN	missing_definition	EMAPA:35539	IAO:0000115	
WARN	missing_definition	EMAPA:35541	IAO:0000115	
WARN	missing_definition	EMAPA:35542	IAO:0000115	
WARN	missing_definition	EMAPA:35543	IAO:0000115	
WARN	missing_definition	EMAPA:35544	IAO:0000115	
WARN	missing_definition	EMAPA:35545	IAO:0000115	
WARN	missing_definition	EMAPA:35546	IAO:0000115	
WARN	missing_definition	EMAPA:35547	IAO:0000115	
WARN	missing_definition	EMAPA:35548	IAO:0000115	
WARN	missing_definition	EMAPA:35549	IAO:0000115	
WARN	missing_definition	EMAPA:35550	IAO:0000115	
WARN	missing_definition	EMAPA:35551	IAO:0000115	
WARN	missing_definition	EMAPA:35552	IAO:0000115	
WARN	missing_definition	EMAPA:35553	IAO:0000115	
WARN	missing_definition	EMAPA:35554	IAO:0000115	
WARN	missing_definition	EMAPA:35555	IAO:0000115	
WARN	missing_definition	EMAPA:35556	IAO:0000115	
WARN	missing_definition	EMAPA:35557	IAO:0000115	
WARN	missing_definition	EMAPA:35558	IAO:0000115	
WARN	missing_definition	EMAPA:35559	IAO:0000115	
WARN	missing_definition	EMAPA:35560	IAO:0000115	
WARN	missing_definition	EMAPA:35561	IAO:0000115	
WARN	missing_definition	EMAPA:35562	IAO:0000115	
WARN	missing_definition	EMAPA:35567	IAO:0000115	
WARN	missing_definition	EMAPA:35568	IAO:0000115	
WARN	missing_definition	EMAPA:35570	IAO:0000115	
WARN	missing_definition	EMAPA:35571	IAO:0000115	
WARN	missing_definition	EMAPA:35572	IAO:0000115	
WARN	missing_definition	EMAPA:35573	IAO:0000115	
WARN	missing_definition	EMAPA:35574	IAO:0000115	
WARN	missing_definition	EMAPA:35575	IAO:0000115	
WARN	missing_definition	EMAPA:35576	IAO:0000115	
WARN	missing_definition	EMAPA:35577	IAO:0000115	
WARN	missing_definition	EMAPA:35578	IAO:0000115	
WARN	missing_definition	EMAPA:35580	IAO:0000115	
WARN	missing_definition	EMAPA:35581	IAO:0000115	
WARN	missing_definition	EMAPA:35582	IAO:0000115	
WARN	missing_definition	EMAPA:35583	IAO:0000115	
WARN	missing_definition	EMAPA:35584	IAO:0000115	
WARN	missing_definition	EMAPA:35585	IAO:0000115	
WARN	missing_definition	EMAPA:35586	IAO:0000115	
WARN	missing_definition	EMAPA:35587	IAO:0000115	
WARN	missing_definition	EMAPA:35588	IAO:0000115	
WARN	missing_definition	EMAPA:35589	IAO:0000115	
WARN	missing_definition	EMAPA:35592	IAO:0000115	
WARN	missing_definition	EMAPA:35593	IAO:0000115	
WARN	missing_definition	EMAPA:35594	IAO:0000115	
WARN	missing_definition	EMAPA:35595	IAO:0000115	
WARN	missing_definition	EMAPA:35596	IAO:0000115	
WARN	missing_definition	EMAPA:35597	IAO:0000115	
WARN	missing_definition	EMAPA:35598	IAO:0000115	
WARN	missing_definition	EMAPA:35599	IAO:0000115	
WARN	missing_definition	EMAPA:35600	IAO:0000115	
WARN	missing_definition	EMAPA:35601	IAO:0000115	
WARN	missing_definition	EMAPA:35602	IAO:0000115	
WARN	missing_definition	EMAPA:35603	IAO:0000115	
WARN	missing_definition	EMAPA:35604	IAO:0000115	
WARN	missing_definition	EMAPA:35605	IAO:0000115	
WARN	missing_definition	EMAPA:35607	IAO:0000115	
WARN	missing_definition	EMAPA:35608	IAO:0000115	
WARN	missing_definition	EMAPA:35609	IAO:0000115	
WARN	missing_definition	EMAPA:35610	IAO:0000115	
WARN	missing_definition	EMAPA:35611	IAO:0000115	
WARN	missing_definition	EMAPA:35612	IAO:0000115	
WARN	missing_definition	EMAPA:35613	IAO:0000115	
WARN	missing_definition	EMAPA:35614	IAO:0000115	
WARN	missing_definition	EMAPA:35615	IAO:0000115	
WARN	missing_definition	EMAPA:35616	IAO:0000115	
WARN	missing_definition	EMAPA:35617	IAO:0000115	
WARN	missing_definition	EMAPA:35618	IAO:0000115	
WARN	missing_definition	EMAPA:35619	IAO:0000115	
WARN	missing_definition	EMAPA:35620	IAO:0000115	
WARN	missing_definition	EMAPA:35621	IAO:0000115	
WARN	missing_definition	EMAPA:35622	IAO:0000115	
WARN	missing_definition	EMAPA:35623	IAO:0000115	
WARN	missing_definition	EMAPA:35624	IAO:0000115	
WARN	missing_definition	EMAPA:35625	IAO:0000115	
WARN	missing_definition	EMAPA:35626	IAO:0000115	
WARN	missing_definition	EMAPA:35627	IAO:0000115	
WARN	missing_definition	EMAPA:35628	IAO:0000115	
WARN	missing_definition	EMAPA:35630	IAO:0000115	
WARN	missing_definition	EMAPA:35631	IAO:0000115	
WARN	missing_definition	EMAPA:35632	IAO:0000115	
WARN	missing_definition	EMAPA:35633	IAO:0000115	
WARN	missing_definition	EMAPA:35636	IAO:0000115	
WARN	missing_definition	EMAPA:35637	IAO:0000115	
WARN	missing_definition	EMAPA:35638	IAO:0000115	
WARN	missing_definition	EMAPA:35639	IAO:0000115	
WARN	missing_definition	EMAPA:35640	IAO:0000115	
WARN	missing_definition	EMAPA:35641	IAO:0000115	
WARN	missing_definition	EMAPA:35642	IAO:0000115	
WARN	missing_definition	EMAPA:35643	IAO:0000115	
WARN	missing_definition	EMAPA:35644	IAO:0000115	
WARN	missing_definition	EMAPA:35645	IAO:0000115	
WARN	missing_definition	EMAPA:35647	IAO:0000115	
WARN	missing_definition	EMAPA:35648	IAO:0000115	
WARN	missing_definition	EMAPA:35649	IAO:0000115	
WARN	missing_definition	EMAPA:35650	IAO:0000115	
WARN	missing_definition	EMAPA:35651	IAO:0000115	
WARN	missing_definition	EMAPA:35653	IAO:0000115	
WARN	missing_definition	EMAPA:35654	IAO:0000115	
WARN	missing_definition	EMAPA:35655	IAO:0000115	
WARN	missing_definition	EMAPA:35656	IAO:0000115	
WARN	missing_definition	EMAPA:35657	IAO:0000115	
WARN	missing_definition	EMAPA:35658	IAO:0000115	
WARN	missing_definition	EMAPA:35659	IAO:0000115	
WARN	missing_definition	EMAPA:35662	IAO:0000115	
WARN	missing_definition	EMAPA:35663	IAO:0000115	
WARN	missing_definition	EMAPA:35664	IAO:0000115	
WARN	missing_definition	EMAPA:35665	IAO:0000115	
WARN	missing_definition	EMAPA:35666	IAO:0000115	
WARN	missing_definition	EMAPA:35667	IAO:0000115	
WARN	missing_definition	EMAPA:35668	IAO:0000115	
WARN	missing_definition	EMAPA:35669	IAO:0000115	
WARN	missing_definition	EMAPA:35670	IAO:0000115	
WARN	missing_definition	EMAPA:35671	IAO:0000115	
WARN	missing_definition	EMAPA:35672	IAO:0000115	
WARN	missing_definition	EMAPA:35673	IAO:0000115	
WARN	missing_definition	EMAPA:35674	IAO:0000115	
WARN	missing_definition	EMAPA:35675	IAO:0000115	
WARN	missing_definition	EMAPA:35676	IAO:0000115	
WARN	missing_definition	EMAPA:35677	IAO:0000115	
WARN	missing_definition	EMAPA:35678	IAO:0000115	
WARN	missing_definition	EMAPA:35679	IAO:0000115	
WARN	missing_definition	EMAPA:35680	IAO:0000115	
WARN	missing_definition	EMAPA:35681	IAO:0000115	
WARN	missing_definition	EMAPA:35682	IAO:0000115	
WARN	missing_definition	EMAPA:35683	IAO:0000115	
WARN	missing_definition	EMAPA:35684	IAO:0000115	
WARN	missing_definition	EMAPA:35686	IAO:0000115	
WARN	missing_definition	EMAPA:35687	IAO:0000115	
WARN	missing_definition	EMAPA:35688	IAO:0000115	
WARN	missing_definition	EMAPA:35689	IAO:0000115	
WARN	missing_definition	EMAPA:35690	IAO:0000115	
WARN	missing_definition	EMAPA:35691	IAO:0000115	
WARN	missing_definition	EMAPA:35692	IAO:0000115	
WARN	missing_definition	EMAPA:35693	IAO:0000115	
WARN	missing_definition	EMAPA:35694	IAO:0000115	
WARN	missing_definition	EMAPA:35695	IAO:0000115	
WARN	missing_definition	EMAPA:35696	IAO:0000115	
WARN	missing_definition	EMAPA:35697	IAO:0000115	
WARN	missing_definition	EMAPA:35698	IAO:0000115	
WARN	missing_definition	EMAPA:35699	IAO:0000115	
WARN	missing_definition	EMAPA:35700	IAO:0000115	
WARN	missing_definition	EMAPA:35701	IAO:0000115	
WARN	missing_definition	EMAPA:35702	IAO:0000115	
WARN	missing_definition	EMAPA:35703	IAO:0000115	
WARN	missing_definition	EMAPA:35704	IAO:0000115	
WARN	missing_definition	EMAPA:35705	IAO:0000115	
WARN	missing_definition	EMAPA:35706	IAO:0000115	
WARN	missing_definition	EMAPA:35707	IAO:0000115	
WARN	missing_definition	EMAPA:35708	IAO:0000115	
WARN	missing_definition	EMAPA:35709	IAO:0000115	
WARN	missing_definition	EMAPA:35710	IAO:0000115	
WARN	missing_definition	EMAPA:35711	IAO:0000115	
WARN	missing_definition	EMAPA:35712	IAO:0000115	
WARN	missing_definition	EMAPA:35713	IAO:0000115	
WARN	missing_definition	EMAPA:35714	IAO:0000115	
WARN	missing_definition	EMAPA:35715	IAO:0000115	
WARN	missing_definition	EMAPA:35716	IAO:0000115	
WARN	missing_definition	EMAPA:35717	IAO:0000115	
WARN	missing_definition	EMAPA:35718	IAO:0000115	
WARN	missing_definition	EMAPA:35719	IAO:0000115	
WARN	missing_definition	EMAPA:35720	IAO:0000115	
WARN	missing_definition	EMAPA:35721	IAO:0000115	
WARN	missing_definition	EMAPA:35722	IAO:0000115	
WARN	missing_definition	EMAPA:35724	IAO:0000115	
WARN	missing_definition	EMAPA:35725	IAO:0000115	
WARN	missing_definition	EMAPA:35726	IAO:0000115	
WARN	missing_definition	EMAPA:35727	IAO:0000115	
WARN	missing_definition	EMAPA:35728	IAO:0000115	
WARN	missing_definition	EMAPA:35729	IAO:0000115	
WARN	missing_definition	EMAPA:35730	IAO:0000115	
WARN	missing_definition	EMAPA:35731	IAO:0000115	
WARN	missing_definition	EMAPA:35732	IAO:0000115	
WARN	missing_definition	EMAPA:35733	IAO:0000115	
WARN	missing_definition	EMAPA:35734	IAO:0000115	
WARN	missing_definition	EMAPA:35735	IAO:0000115	
WARN	missing_definition	EMAPA:35736	IAO:0000115	
WARN	missing_definition	EMAPA:35737	IAO:0000115	
WARN	missing_definition	EMAPA:35738	IAO:0000115	
WARN	missing_definition	EMAPA:35739	IAO:0000115	
WARN	missing_definition	EMAPA:35741	IAO:0000115	
WARN	missing_definition	EMAPA:35742	IAO:0000115	
WARN	missing_definition	EMAPA:35744	IAO:0000115	
WARN	missing_definition	EMAPA:35745	IAO:0000115	
WARN	missing_definition	EMAPA:35747	IAO:0000115	
WARN	missing_definition	EMAPA:35748	IAO:0000115	
WARN	missing_definition	EMAPA:35749	IAO:0000115	
WARN	missing_definition	EMAPA:35750	IAO:0000115	
WARN	missing_definition	EMAPA:35751	IAO:0000115	
WARN	missing_definition	EMAPA:35752	IAO:0000115	
WARN	missing_definition	EMAPA:35753	IAO:0000115	
WARN	missing_definition	EMAPA:35754	IAO:0000115	
WARN	missing_definition	EMAPA:35755	IAO:0000115	
WARN	missing_definition	EMAPA:35756	IAO:0000115	
WARN	missing_definition	EMAPA:35757	IAO:0000115	
WARN	missing_definition	EMAPA:35758	IAO:0000115	
WARN	missing_definition	EMAPA:35759	IAO:0000115	
WARN	missing_definition	EMAPA:35760	IAO:0000115	
WARN	missing_definition	EMAPA:35761	IAO:0000115	
WARN	missing_definition	EMAPA:35762	IAO:0000115	
WARN	missing_definition	EMAPA:35763	IAO:0000115	
WARN	missing_definition	EMAPA:35764	IAO:0000115	
WARN	missing_definition	EMAPA:35765	IAO:0000115	
WARN	missing_definition	EMAPA:35766	IAO:0000115	
WARN	missing_definition	EMAPA:35767	IAO:0000115	
WARN	missing_definition	EMAPA:35768	IAO:0000115	
WARN	missing_definition	EMAPA:35769	IAO:0000115	
WARN	missing_definition	EMAPA:35770	IAO:0000115	
WARN	missing_definition	EMAPA:35771	IAO:0000115	
WARN	missing_definition	EMAPA:35772	IAO:0000115	
WARN	missing_definition	EMAPA:35773	IAO:0000115	
WARN	missing_definition	EMAPA:35774	IAO:0000115	
WARN	missing_definition	EMAPA:35775	IAO:0000115	
WARN	missing_definition	EMAPA:35776	IAO:0000115	
WARN	missing_definition	EMAPA:35777	IAO:0000115	
WARN	missing_definition	EMAPA:35778	IAO:0000115	
WARN	missing_definition	EMAPA:35779	IAO:0000115	
WARN	missing_definition	EMAPA:35780	IAO:0000115	
WARN	missing_definition	EMAPA:35781	IAO:0000115	
WARN	missing_definition	EMAPA:35782	IAO:0000115	
WARN	missing_definition	EMAPA:35783	IAO:0000115	
WARN	missing_definition	EMAPA:35784	IAO:0000115	
WARN	missing_definition	EMAPA:35785	IAO:0000115	
WARN	missing_definition	EMAPA:35786	IAO:0000115	
WARN	missing_definition	EMAPA:35787	IAO:0000115	
WARN	missing_definition	EMAPA:35788	IAO:0000115	
WARN	missing_definition	EMAPA:35789	IAO:0000115	
WARN	missing_definition	EMAPA:35790	IAO:0000115	
WARN	missing_definition	EMAPA:35791	IAO:0000115	
WARN	missing_definition	EMAPA:35792	IAO:0000115	
WARN	missing_definition	EMAPA:35793	IAO:0000115	
WARN	missing_definition	EMAPA:35794	IAO:0000115	
WARN	missing_definition	EMAPA:35795	IAO:0000115	
WARN	missing_definition	EMAPA:35796	IAO:0000115	
WARN	missing_definition	EMAPA:35797	IAO:0000115	
WARN	missing_definition	EMAPA:35798	IAO:0000115	
WARN	missing_definition	EMAPA:35799	IAO:0000115	
WARN	missing_definition	EMAPA:35800	IAO:0000115	
WARN	missing_definition	EMAPA:35801	IAO:0000115	
WARN	missing_definition	EMAPA:35802	IAO:0000115	
WARN	missing_definition	EMAPA:35803	IAO:0000115	
WARN	missing_definition	EMAPA:35804	IAO:0000115	
WARN	missing_definition	EMAPA:35805	IAO:0000115	
WARN	missing_definition	EMAPA:35806	IAO:0000115	
WARN	missing_definition	EMAPA:35807	IAO:0000115	
WARN	missing_definition	EMAPA:35808	IAO:0000115	
WARN	missing_definition	EMAPA:35809	IAO:0000115	
WARN	missing_definition	EMAPA:35810	IAO:0000115	
WARN	missing_definition	EMAPA:35811	IAO:0000115	
WARN	missing_definition	EMAPA:35814	IAO:0000115	
WARN	missing_definition	EMAPA:35817	IAO:0000115	
WARN	missing_definition	EMAPA:35818	IAO:0000115	
WARN	missing_definition	EMAPA:35819	IAO:0000115	
WARN	missing_definition	EMAPA:35821	IAO:0000115	
WARN	missing_definition	EMAPA:35822	IAO:0000115	
WARN	missing_definition	EMAPA:35823	IAO:0000115	
WARN	missing_definition	EMAPA:35824	IAO:0000115	
WARN	missing_definition	EMAPA:35825	IAO:0000115	
WARN	missing_definition	EMAPA:35826	IAO:0000115	
WARN	missing_definition	EMAPA:35827	IAO:0000115	
WARN	missing_definition	EMAPA:35828	IAO:0000115	
WARN	missing_definition	EMAPA:35829	IAO:0000115	
WARN	missing_definition	EMAPA:35830	IAO:0000115	
WARN	missing_definition	EMAPA:35831	IAO:0000115	
WARN	missing_definition	EMAPA:35832	IAO:0000115	
WARN	missing_definition	EMAPA:35833	IAO:0000115	
WARN	missing_definition	EMAPA:35834	IAO:0000115	
WARN	missing_definition	EMAPA:35835	IAO:0000115	
WARN	missing_definition	EMAPA:35836	IAO:0000115	
WARN	missing_definition	EMAPA:35837	IAO:0000115	
WARN	missing_definition	EMAPA:35838	IAO:0000115	
WARN	missing_definition	EMAPA:35839	IAO:0000115	
WARN	missing_definition	EMAPA:35840	IAO:0000115	
WARN	missing_definition	EMAPA:35841	IAO:0000115	
WARN	missing_definition	EMAPA:35842	IAO:0000115	
WARN	missing_definition	EMAPA:35843	IAO:0000115	
WARN	missing_definition	EMAPA:35844	IAO:0000115	
WARN	missing_definition	EMAPA:35845	IAO:0000115	
WARN	missing_definition	EMAPA:35846	IAO:0000115	
WARN	missing_definition	EMAPA:35847	IAO:0000115	
WARN	missing_definition	EMAPA:35848	IAO:0000115	
WARN	missing_definition	EMAPA:35849	IAO:0000115	
WARN	missing_definition	EMAPA:35850	IAO:0000115	
WARN	missing_definition	EMAPA:35851	IAO:0000115	
WARN	missing_definition	EMAPA:35852	IAO:0000115	
WARN	missing_definition	EMAPA:35853	IAO:0000115	
WARN	missing_definition	EMAPA:35854	IAO:0000115	
WARN	missing_definition	EMAPA:35855	IAO:0000115	
WARN	missing_definition	EMAPA:35856	IAO:0000115	
WARN	missing_definition	EMAPA:35857	IAO:0000115	
WARN	missing_definition	EMAPA:35858	IAO:0000115	
WARN	missing_definition	EMAPA:35859	IAO:0000115	
WARN	missing_definition	EMAPA:35860	IAO:0000115	
WARN	missing_definition	EMAPA:35861	IAO:0000115	
WARN	missing_definition	EMAPA:35862	IAO:0000115	
WARN	missing_definition	EMAPA:35863	IAO:0000115	
WARN	missing_definition	EMAPA:35864	IAO:0000115	
WARN	missing_definition	EMAPA:35865	IAO:0000115	
WARN	missing_definition	EMAPA:35866	IAO:0000115	
WARN	missing_definition	EMAPA:35867	IAO:0000115	
WARN	missing_definition	EMAPA:35868	IAO:0000115	
WARN	missing_definition	EMAPA:35869	IAO:0000115	
WARN	missing_definition	EMAPA:35870	IAO:0000115	
WARN	missing_definition	EMAPA:35871	IAO:0000115	
WARN	missing_definition	EMAPA:35872	IAO:0000115	
WARN	missing_definition	EMAPA:35873	IAO:0000115	
WARN	missing_definition	EMAPA:35874	IAO:0000115	
WARN	missing_definition	EMAPA:35875	IAO:0000115	
WARN	missing_definition	EMAPA:35876	IAO:0000115	
WARN	missing_definition	EMAPA:35877	IAO:0000115	
WARN	missing_definition	EMAPA:35878	IAO:0000115	
WARN	missing_definition	EMAPA:35879	IAO:0000115	
WARN	missing_definition	EMAPA:35880	IAO:0000115	
WARN	missing_definition	EMAPA:35881	IAO:0000115	
WARN	missing_definition	EMAPA:35882	IAO:0000115	
WARN	missing_definition	EMAPA:35883	IAO:0000115	
WARN	missing_definition	EMAPA:35884	IAO:0000115	
WARN	missing_definition	EMAPA:35885	IAO:0000115	
WARN	missing_definition	EMAPA:35886	IAO:0000115	
WARN	missing_definition	EMAPA:35887	IAO:0000115	
WARN	missing_definition	EMAPA:35888	IAO:0000115	
WARN	missing_definition	EMAPA:35889	IAO:0000115	
WARN	missing_definition	EMAPA:35890	IAO:0000115	
WARN	missing_definition	EMAPA:35892	IAO:0000115	
WARN	missing_definition	EMAPA:35893	IAO:0000115	
WARN	missing_definition	EMAPA:35894	IAO:0000115	
WARN	missing_definition	EMAPA:35895	IAO:0000115	
WARN	missing_definition	EMAPA:35896	IAO:0000115	
WARN	missing_definition	EMAPA:35897	IAO:0000115	
WARN	missing_definition	EMAPA:35898	IAO:0000115	
WARN	missing_definition	EMAPA:35899	IAO:0000115	
WARN	missing_definition	EMAPA:35900	IAO:0000115	
WARN	missing_definition	EMAPA:35901	IAO:0000115	
WARN	missing_definition	EMAPA:35903	IAO:0000115	
WARN	missing_definition	EMAPA:35904	IAO:0000115	
WARN	missing_definition	EMAPA:35905	IAO:0000115	
WARN	missing_definition	EMAPA:35906	IAO:0000115	
WARN	missing_definition	EMAPA:35907	IAO:0000115	
WARN	missing_definition	EMAPA:35908	IAO:0000115	
WARN	missing_definition	EMAPA:35909	IAO:0000115	
WARN	missing_definition	EMAPA:35910	IAO:0000115	
WARN	missing_definition	EMAPA:35911	IAO:0000115	
WARN	missing_definition	EMAPA:35912	IAO:0000115	
WARN	missing_definition	EMAPA:35913	IAO:0000115	
WARN	missing_definition	EMAPA:35914	IAO:0000115	
WARN	missing_definition	EMAPA:35915	IAO:0000115	
WARN	missing_definition	EMAPA:35916	IAO:0000115	
WARN	missing_definition	EMAPA:35917	IAO:0000115	
WARN	missing_definition	EMAPA:35918	IAO:0000115	
WARN	missing_definition	EMAPA:35919	IAO:0000115	
WARN	missing_definition	EMAPA:35921	IAO:0000115	
WARN	missing_definition	EMAPA:35922	IAO:0000115	
WARN	missing_definition	EMAPA:35923	IAO:0000115	
WARN	missing_definition	EMAPA:35924	IAO:0000115	
WARN	missing_definition	EMAPA:35925	IAO:0000115	
WARN	missing_definition	EMAPA:35926	IAO:0000115	
WARN	missing_definition	EMAPA:35927	IAO:0000115	
WARN	missing_definition	EMAPA:35928	IAO:0000115	
WARN	missing_definition	EMAPA:35929	IAO:0000115	
WARN	missing_definition	EMAPA:35930	IAO:0000115	
WARN	missing_definition	EMAPA:35931	IAO:0000115	
WARN	missing_definition	EMAPA:35932	IAO:0000115	
WARN	missing_definition	EMAPA:35933	IAO:0000115	
WARN	missing_definition	EMAPA:35934	IAO:0000115	
WARN	missing_definition	EMAPA:35935	IAO:0000115	
WARN	missing_definition	EMAPA:35936	IAO:0000115	
WARN	missing_definition	EMAPA:35937	IAO:0000115	
WARN	missing_definition	EMAPA:35938	IAO:0000115	
WARN	missing_definition	EMAPA:35939	IAO:0000115	
WARN	missing_definition	EMAPA:35940	IAO:0000115	
WARN	missing_definition	EMAPA:35941	IAO:0000115	
WARN	missing_definition	EMAPA:35942	IAO:0000115	
WARN	missing_definition	EMAPA:35944	IAO:0000115	
WARN	missing_definition	EMAPA:35945	IAO:0000115	
WARN	missing_definition	EMAPA:35946	IAO:0000115	
WARN	missing_definition	EMAPA:35947	IAO:0000115	
WARN	missing_definition	EMAPA:35948	IAO:0000115	
WARN	missing_definition	EMAPA:35949	IAO:0000115	
WARN	missing_definition	EMAPA:35950	IAO:0000115	
WARN	missing_definition	EMAPA:35951	IAO:0000115	
WARN	missing_definition	EMAPA:35952	IAO:0000115	
WARN	missing_definition	EMAPA:35953	IAO:0000115	
WARN	missing_definition	EMAPA:35954	IAO:0000115	
WARN	missing_definition	EMAPA:35955	IAO:0000115	
WARN	missing_definition	EMAPA:35956	IAO:0000115	
WARN	missing_definition	EMAPA:35957	IAO:0000115	
WARN	missing_definition	EMAPA:35958	IAO:0000115	
WARN	missing_definition	EMAPA:35959	IAO:0000115	
WARN	missing_definition	EMAPA:35960	IAO:0000115	
WARN	missing_definition	EMAPA:35961	IAO:0000115	
WARN	missing_definition	EMAPA:35962	IAO:0000115	
WARN	missing_definition	EMAPA:35963	IAO:0000115	
WARN	missing_definition	EMAPA:35964	IAO:0000115	
WARN	missing_definition	EMAPA:35965	IAO:0000115	
WARN	missing_definition	EMAPA:35966	IAO:0000115	
WARN	missing_definition	EMAPA:35967	IAO:0000115	
WARN	missing_definition	EMAPA:35968	IAO:0000115	
WARN	missing_definition	EMAPA:35969	IAO:0000115	
WARN	missing_definition	EMAPA:35970	IAO:0000115	
WARN	missing_definition	EMAPA:35971	IAO:0000115	
WARN	missing_definition	EMAPA:35972	IAO:0000115	
WARN	missing_definition	EMAPA:35973	IAO:0000115	
WARN	missing_definition	EMAPA:35974	IAO:0000115	
WARN	missing_definition	EMAPA:35975	IAO:0000115	
WARN	missing_definition	EMAPA:35976	IAO:0000115	
WARN	missing_definition	EMAPA:35977	IAO:0000115	
WARN	missing_definition	EMAPA:35978	IAO:0000115	
WARN	missing_definition	EMAPA:35979	IAO:0000115	
WARN	missing_definition	EMAPA:35980	IAO:0000115	
WARN	missing_definition	EMAPA:35981	IAO:0000115	
WARN	missing_definition	EMAPA:35982	IAO:0000115	
WARN	missing_definition	EMAPA:35983	IAO:0000115	
WARN	missing_definition	EMAPA:35984	IAO:0000115	
WARN	missing_definition	EMAPA:35985	IAO:0000115	
WARN	missing_definition	EMAPA:35986	IAO:0000115	
WARN	missing_definition	EMAPA:35987	IAO:0000115	
WARN	missing_definition	EMAPA:35988	IAO:0000115	
WARN	missing_definition	EMAPA:35989	IAO:0000115	
WARN	missing_definition	EMAPA:35990	IAO:0000115	
WARN	missing_definition	EMAPA:35991	IAO:0000115	
WARN	missing_definition	EMAPA:35992	IAO:0000115	
WARN	missing_definition	EMAPA:35993	IAO:0000115	
WARN	missing_definition	EMAPA:35994	IAO:0000115	
WARN	missing_definition	EMAPA:35995	IAO:0000115	
WARN	missing_definition	EMAPA:35996	IAO:0000115	
WARN	missing_definition	EMAPA:35997	IAO:0000115	
WARN	missing_definition	EMAPA:35998	IAO:0000115	
WARN	missing_definition	EMAPA:35999	IAO:0000115	
WARN	missing_definition	EMAPA:36000	IAO:0000115	
WARN	missing_definition	EMAPA:36001	IAO:0000115	
WARN	missing_definition	EMAPA:36002	IAO:0000115	
WARN	missing_definition	EMAPA:36003	IAO:0000115	
WARN	missing_definition	EMAPA:36004	IAO:0000115	
WARN	missing_definition	EMAPA:36005	IAO:0000115	
WARN	missing_definition	EMAPA:36006	IAO:0000115	
WARN	missing_definition	EMAPA:36007	IAO:0000115	
WARN	missing_definition	EMAPA:36008	IAO:0000115	
WARN	missing_definition	EMAPA:36009	IAO:0000115	
WARN	missing_definition	EMAPA:36010	IAO:0000115	
WARN	missing_definition	EMAPA:36012	IAO:0000115	
WARN	missing_definition	EMAPA:36013	IAO:0000115	
WARN	missing_definition	EMAPA:36014	IAO:0000115	
WARN	missing_definition	EMAPA:36015	IAO:0000115	
WARN	missing_definition	EMAPA:36016	IAO:0000115	
WARN	missing_definition	EMAPA:36017	IAO:0000115	
WARN	missing_definition	EMAPA:36018	IAO:0000115	
WARN	missing_definition	EMAPA:36019	IAO:0000115	
WARN	missing_definition	EMAPA:36020	IAO:0000115	
WARN	missing_definition	EMAPA:36021	IAO:0000115	
WARN	missing_definition	EMAPA:36022	IAO:0000115	
WARN	missing_definition	EMAPA:36023	IAO:0000115	
WARN	missing_definition	EMAPA:36024	IAO:0000115	
WARN	missing_definition	EMAPA:36025	IAO:0000115	
WARN	missing_definition	EMAPA:36026	IAO:0000115	
WARN	missing_definition	EMAPA:36027	IAO:0000115	
WARN	missing_definition	EMAPA:36028	IAO:0000115	
WARN	missing_definition	EMAPA:36029	IAO:0000115	
WARN	missing_definition	EMAPA:36030	IAO:0000115	
WARN	missing_definition	EMAPA:36031	IAO:0000115	
WARN	missing_definition	EMAPA:36032	IAO:0000115	
WARN	missing_definition	EMAPA:36033	IAO:0000115	
WARN	missing_definition	EMAPA:36034	IAO:0000115	
WARN	missing_definition	EMAPA:36035	IAO:0000115	
WARN	missing_definition	EMAPA:36036	IAO:0000115	
WARN	missing_definition	EMAPA:36037	IAO:0000115	
WARN	missing_definition	EMAPA:36038	IAO:0000115	
WARN	missing_definition	EMAPA:36039	IAO:0000115	
WARN	missing_definition	EMAPA:36040	IAO:0000115	
WARN	missing_definition	EMAPA:36041	IAO:0000115	
WARN	missing_definition	EMAPA:36042	IAO:0000115	
WARN	missing_definition	EMAPA:36043	IAO:0000115	
WARN	missing_definition	EMAPA:36044	IAO:0000115	
WARN	missing_definition	EMAPA:36045	IAO:0000115	
WARN	missing_definition	EMAPA:36046	IAO:0000115	
WARN	missing_definition	EMAPA:36047	IAO:0000115	
WARN	missing_definition	EMAPA:36048	IAO:0000115	
WARN	missing_definition	EMAPA:36049	IAO:0000115	
WARN	missing_definition	EMAPA:36050	IAO:0000115	
WARN	missing_definition	EMAPA:36051	IAO:0000115	
WARN	missing_definition	EMAPA:36052	IAO:0000115	
WARN	missing_definition	EMAPA:36053	IAO:0000115	
WARN	missing_definition	EMAPA:36054	IAO:0000115	
WARN	missing_definition	EMAPA:36055	IAO:0000115	
WARN	missing_definition	EMAPA:36056	IAO:0000115	
WARN	missing_definition	EMAPA:36057	IAO:0000115	
WARN	missing_definition	EMAPA:36058	IAO:0000115	
WARN	missing_definition	EMAPA:36059	IAO:0000115	
WARN	missing_definition	EMAPA:36060	IAO:0000115	
WARN	missing_definition	EMAPA:36061	IAO:0000115	
WARN	missing_definition	EMAPA:36062	IAO:0000115	
WARN	missing_definition	EMAPA:36063	IAO:0000115	
WARN	missing_definition	EMAPA:36064	IAO:0000115	
WARN	missing_definition	EMAPA:36065	IAO:0000115	
WARN	missing_definition	EMAPA:36067	IAO:0000115	
WARN	missing_definition	EMAPA:36068	IAO:0000115	
WARN	missing_definition	EMAPA:36069	IAO:0000115	
WARN	missing_definition	EMAPA:36070	IAO:0000115	
WARN	missing_definition	EMAPA:36071	IAO:0000115	
WARN	missing_definition	EMAPA:36080	IAO:0000115	
WARN	missing_definition	EMAPA:36081	IAO:0000115	
WARN	missing_definition	EMAPA:36082	IAO:0000115	
WARN	missing_definition	EMAPA:36083	IAO:0000115	
WARN	missing_definition	EMAPA:36084	IAO:0000115	
WARN	missing_definition	EMAPA:36097	IAO:0000115	
WARN	missing_definition	EMAPA:36098	IAO:0000115	
WARN	missing_definition	EMAPA:36100	IAO:0000115	
WARN	missing_definition	EMAPA:36102	IAO:0000115	
WARN	missing_definition	EMAPA:36103	IAO:0000115	
WARN	missing_definition	EMAPA:36104	IAO:0000115	
WARN	missing_definition	EMAPA:36105	IAO:0000115	
WARN	missing_definition	EMAPA:36106	IAO:0000115	
WARN	missing_definition	EMAPA:36107	IAO:0000115	
WARN	missing_definition	EMAPA:36109	IAO:0000115	
WARN	missing_definition	EMAPA:36119	IAO:0000115	
WARN	missing_definition	EMAPA:36120	IAO:0000115	
WARN	missing_definition	EMAPA:36121	IAO:0000115	
WARN	missing_definition	EMAPA:36122	IAO:0000115	
WARN	missing_definition	EMAPA:36124	IAO:0000115	
WARN	missing_definition	EMAPA:36136	IAO:0000115	
WARN	missing_definition	EMAPA:36138	IAO:0000115	
WARN	missing_definition	EMAPA:36139	IAO:0000115	
WARN	missing_definition	EMAPA:36142	IAO:0000115	
WARN	missing_definition	EMAPA:36143	IAO:0000115	
WARN	missing_definition	EMAPA:36144	IAO:0000115	
WARN	missing_definition	EMAPA:36145	IAO:0000115	
WARN	missing_definition	EMAPA:36146	IAO:0000115	
WARN	missing_definition	EMAPA:36147	IAO:0000115	
WARN	missing_definition	EMAPA:36148	IAO:0000115	
WARN	missing_definition	EMAPA:36149	IAO:0000115	
WARN	missing_definition	EMAPA:36150	IAO:0000115	
WARN	missing_definition	EMAPA:36151	IAO:0000115	
WARN	missing_definition	EMAPA:36152	IAO:0000115	
WARN	missing_definition	EMAPA:36153	IAO:0000115	
WARN	missing_definition	EMAPA:36154	IAO:0000115	
WARN	missing_definition	EMAPA:36155	IAO:0000115	
WARN	missing_definition	EMAPA:36156	IAO:0000115	
WARN	missing_definition	EMAPA:36157	IAO:0000115	
WARN	missing_definition	EMAPA:36158	IAO:0000115	
WARN	missing_definition	EMAPA:36159	IAO:0000115	
WARN	missing_definition	EMAPA:36160	IAO:0000115	
WARN	missing_definition	EMAPA:36161	IAO:0000115	
WARN	missing_definition	EMAPA:36162	IAO:0000115	
WARN	missing_definition	EMAPA:36163	IAO:0000115	
WARN	missing_definition	EMAPA:36164	IAO:0000115	
WARN	missing_definition	EMAPA:36165	IAO:0000115	
WARN	missing_definition	EMAPA:36166	IAO:0000115	
WARN	missing_definition	EMAPA:36167	IAO:0000115	
WARN	missing_definition	EMAPA:36168	IAO:0000115	
WARN	missing_definition	EMAPA:36169	IAO:0000115	
WARN	missing_definition	EMAPA:36170	IAO:0000115	
WARN	missing_definition	EMAPA:36171	IAO:0000115	
WARN	missing_definition	EMAPA:36172	IAO:0000115	
WARN	missing_definition	EMAPA:36173	IAO:0000115	
WARN	missing_definition	EMAPA:36174	IAO:0000115	
WARN	missing_definition	EMAPA:36175	IAO:0000115	
WARN	missing_definition	EMAPA:36176	IAO:0000115	
WARN	missing_definition	EMAPA:36177	IAO:0000115	
WARN	missing_definition	EMAPA:36178	IAO:0000115	
WARN	missing_definition	EMAPA:36179	IAO:0000115	
WARN	missing_definition	EMAPA:36180	IAO:0000115	
WARN	missing_definition	EMAPA:36181	IAO:0000115	
WARN	missing_definition	EMAPA:36182	IAO:0000115	
WARN	missing_definition	EMAPA:36183	IAO:0000115	
WARN	missing_definition	EMAPA:36184	IAO:0000115	
WARN	missing_definition	EMAPA:36185	IAO:0000115	
WARN	missing_definition	EMAPA:36186	IAO:0000115	
WARN	missing_definition	EMAPA:36187	IAO:0000115	
WARN	missing_definition	EMAPA:36188	IAO:0000115	
WARN	missing_definition	EMAPA:36189	IAO:0000115	
WARN	missing_definition	EMAPA:36190	IAO:0000115	
WARN	missing_definition	EMAPA:36191	IAO:0000115	
WARN	missing_definition	EMAPA:36192	IAO:0000115	
WARN	missing_definition	EMAPA:36193	IAO:0000115	
WARN	missing_definition	EMAPA:36194	IAO:0000115	
WARN	missing_definition	EMAPA:36195	IAO:0000115	
WARN	missing_definition	EMAPA:36196	IAO:0000115	
WARN	missing_definition	EMAPA:36197	IAO:0000115	
WARN	missing_definition	EMAPA:36198	IAO:0000115	
WARN	missing_definition	EMAPA:36199	IAO:0000115	
WARN	missing_definition	EMAPA:36200	IAO:0000115	
WARN	missing_definition	EMAPA:36201	IAO:0000115	
WARN	missing_definition	EMAPA:36202	IAO:0000115	
WARN	missing_definition	EMAPA:36203	IAO:0000115	
WARN	missing_definition	EMAPA:36204	IAO:0000115	
WARN	missing_definition	EMAPA:36205	IAO:0000115	
WARN	missing_definition	EMAPA:36206	IAO:0000115	
WARN	missing_definition	EMAPA:36207	IAO:0000115	
WARN	missing_definition	EMAPA:36208	IAO:0000115	
WARN	missing_definition	EMAPA:36209	IAO:0000115	
WARN	missing_definition	EMAPA:36210	IAO:0000115	
WARN	missing_definition	EMAPA:36211	IAO:0000115	
WARN	missing_definition	EMAPA:36212	IAO:0000115	
WARN	missing_definition	EMAPA:36213	IAO:0000115	
WARN	missing_definition	EMAPA:36214	IAO:0000115	
WARN	missing_definition	EMAPA:36215	IAO:0000115	
WARN	missing_definition	EMAPA:36216	IAO:0000115	
WARN	missing_definition	EMAPA:36217	IAO:0000115	
WARN	missing_definition	EMAPA:36218	IAO:0000115	
WARN	missing_definition	EMAPA:36219	IAO:0000115	
WARN	missing_definition	EMAPA:36220	IAO:0000115	
WARN	missing_definition	EMAPA:36221	IAO:0000115	
WARN	missing_definition	EMAPA:36223	IAO:0000115	
WARN	missing_definition	EMAPA:36224	IAO:0000115	
WARN	missing_definition	EMAPA:36225	IAO:0000115	
WARN	missing_definition	EMAPA:36226	IAO:0000115	
WARN	missing_definition	EMAPA:36227	IAO:0000115	
WARN	missing_definition	EMAPA:36228	IAO:0000115	
WARN	missing_definition	EMAPA:36229	IAO:0000115	
WARN	missing_definition	EMAPA:36230	IAO:0000115	
WARN	missing_definition	EMAPA:36231	IAO:0000115	
WARN	missing_definition	EMAPA:36232	IAO:0000115	
WARN	missing_definition	EMAPA:36233	IAO:0000115	
WARN	missing_definition	EMAPA:36235	IAO:0000115	
WARN	missing_definition	EMAPA:36236	IAO:0000115	
WARN	missing_definition	EMAPA:36237	IAO:0000115	
WARN	missing_definition	EMAPA:36238	IAO:0000115	
WARN	missing_definition	EMAPA:36239	IAO:0000115	
WARN	missing_definition	EMAPA:36240	IAO:0000115	
WARN	missing_definition	EMAPA:36241	IAO:0000115	
WARN	missing_definition	EMAPA:36242	IAO:0000115	
WARN	missing_definition	EMAPA:36243	IAO:0000115	
WARN	missing_definition	EMAPA:36244	IAO:0000115	
WARN	missing_definition	EMAPA:36245	IAO:0000115	
WARN	missing_definition	EMAPA:36246	IAO:0000115	
WARN	missing_definition	EMAPA:36247	IAO:0000115	
WARN	missing_definition	EMAPA:36248	IAO:0000115	
WARN	missing_definition	EMAPA:36249	IAO:0000115	
WARN	missing_definition	EMAPA:36250	IAO:0000115	
WARN	missing_definition	EMAPA:36251	IAO:0000115	
WARN	missing_definition	EMAPA:36252	IAO:0000115	
WARN	missing_definition	EMAPA:36253	IAO:0000115	
WARN	missing_definition	EMAPA:36254	IAO:0000115	
WARN	missing_definition	EMAPA:36255	IAO:0000115	
WARN	missing_definition	EMAPA:36256	IAO:0000115	
WARN	missing_definition	EMAPA:36257	IAO:0000115	
WARN	missing_definition	EMAPA:36258	IAO:0000115	
WARN	missing_definition	EMAPA:36259	IAO:0000115	
WARN	missing_definition	EMAPA:36260	IAO:0000115	
WARN	missing_definition	EMAPA:36261	IAO:0000115	
WARN	missing_definition	EMAPA:36262	IAO:0000115	
WARN	missing_definition	EMAPA:36263	IAO:0000115	
WARN	missing_definition	EMAPA:36264	IAO:0000115	
WARN	missing_definition	EMAPA:36265	IAO:0000115	
WARN	missing_definition	EMAPA:36266	IAO:0000115	
WARN	missing_definition	EMAPA:36267	IAO:0000115	
WARN	missing_definition	EMAPA:36268	IAO:0000115	
WARN	missing_definition	EMAPA:36269	IAO:0000115	
WARN	missing_definition	EMAPA:36270	IAO:0000115	
WARN	missing_definition	EMAPA:36271	IAO:0000115	
WARN	missing_definition	EMAPA:36272	IAO:0000115	
WARN	missing_definition	EMAPA:36273	IAO:0000115	
WARN	missing_definition	EMAPA:36274	IAO:0000115	
WARN	missing_definition	EMAPA:36275	IAO:0000115	
WARN	missing_definition	EMAPA:36276	IAO:0000115	
WARN	missing_definition	EMAPA:36277	IAO:0000115	
WARN	missing_definition	EMAPA:36278	IAO:0000115	
WARN	missing_definition	EMAPA:36279	IAO:0000115	
WARN	missing_definition	EMAPA:36280	IAO:0000115	
WARN	missing_definition	EMAPA:36281	IAO:0000115	
WARN	missing_definition	EMAPA:36282	IAO:0000115	
WARN	missing_definition	EMAPA:36283	IAO:0000115	
WARN	missing_definition	EMAPA:36284	IAO:0000115	
WARN	missing_definition	EMAPA:36285	IAO:0000115	
WARN	missing_definition	EMAPA:36286	IAO:0000115	
WARN	missing_definition	EMAPA:36287	IAO:0000115	
WARN	missing_definition	EMAPA:36288	IAO:0000115	
WARN	missing_definition	EMAPA:36289	IAO:0000115	
WARN	missing_definition	EMAPA:36290	IAO:0000115	
WARN	missing_definition	EMAPA:36291	IAO:0000115	
WARN	missing_definition	EMAPA:36292	IAO:0000115	
WARN	missing_definition	EMAPA:36293	IAO:0000115	
WARN	missing_definition	EMAPA:36294	IAO:0000115	
WARN	missing_definition	EMAPA:36295	IAO:0000115	
WARN	missing_definition	EMAPA:36296	IAO:0000115	
WARN	missing_definition	EMAPA:36297	IAO:0000115	
WARN	missing_definition	EMAPA:36298	IAO:0000115	
WARN	missing_definition	EMAPA:36299	IAO:0000115	
WARN	missing_definition	EMAPA:36300	IAO:0000115	
WARN	missing_definition	EMAPA:36301	IAO:0000115	
WARN	missing_definition	EMAPA:36302	IAO:0000115	
WARN	missing_definition	EMAPA:36303	IAO:0000115	
WARN	missing_definition	EMAPA:36304	IAO:0000115	
WARN	missing_definition	EMAPA:36305	IAO:0000115	
WARN	missing_definition	EMAPA:36306	IAO:0000115	
WARN	missing_definition	EMAPA:36307	IAO:0000115	
WARN	missing_definition	EMAPA:36308	IAO:0000115	
WARN	missing_definition	EMAPA:36309	IAO:0000115	
WARN	missing_definition	EMAPA:36310	IAO:0000115	
WARN	missing_definition	EMAPA:36311	IAO:0000115	
WARN	missing_definition	EMAPA:36312	IAO:0000115	
WARN	missing_definition	EMAPA:36313	IAO:0000115	
WARN	missing_definition	EMAPA:36314	IAO:0000115	
WARN	missing_definition	EMAPA:36315	IAO:0000115	
WARN	missing_definition	EMAPA:36316	IAO:0000115	
WARN	missing_definition	EMAPA:36317	IAO:0000115	
WARN	missing_definition	EMAPA:36318	IAO:0000115	
WARN	missing_definition	EMAPA:36319	IAO:0000115	
WARN	missing_definition	EMAPA:36320	IAO:0000115	
WARN	missing_definition	EMAPA:36321	IAO:0000115	
WARN	missing_definition	EMAPA:36323	IAO:0000115	
WARN	missing_definition	EMAPA:36324	IAO:0000115	
WARN	missing_definition	EMAPA:36325	IAO:0000115	
WARN	missing_definition	EMAPA:36326	IAO:0000115	
WARN	missing_definition	EMAPA:36327	IAO:0000115	
WARN	missing_definition	EMAPA:36328	IAO:0000115	
WARN	missing_definition	EMAPA:36329	IAO:0000115	
WARN	missing_definition	EMAPA:36330	IAO:0000115	
WARN	missing_definition	EMAPA:36335	IAO:0000115	
WARN	missing_definition	EMAPA:36336	IAO:0000115	
WARN	missing_definition	EMAPA:36337	IAO:0000115	
WARN	missing_definition	EMAPA:36338	IAO:0000115	
WARN	missing_definition	EMAPA:36339	IAO:0000115	
WARN	missing_definition	EMAPA:36340	IAO:0000115	
WARN	missing_definition	EMAPA:36341	IAO:0000115	
WARN	missing_definition	EMAPA:36342	IAO:0000115	
WARN	missing_definition	EMAPA:36343	IAO:0000115	
WARN	missing_definition	EMAPA:36344	IAO:0000115	
WARN	missing_definition	EMAPA:36345	IAO:0000115	
WARN	missing_definition	EMAPA:36346	IAO:0000115	
WARN	missing_definition	EMAPA:36347	IAO:0000115	
WARN	missing_definition	EMAPA:36348	IAO:0000115	
WARN	missing_definition	EMAPA:36349	IAO:0000115	
WARN	missing_definition	EMAPA:36350	IAO:0000115	
WARN	missing_definition	EMAPA:36351	IAO:0000115	
WARN	missing_definition	EMAPA:36352	IAO:0000115	
WARN	missing_definition	EMAPA:36355	IAO:0000115	
WARN	missing_definition	EMAPA:36356	IAO:0000115	
WARN	missing_definition	EMAPA:36357	IAO:0000115	
WARN	missing_definition	EMAPA:36358	IAO:0000115	
WARN	missing_definition	EMAPA:36365	IAO:0000115	
WARN	missing_definition	EMAPA:36366	IAO:0000115	
WARN	missing_definition	EMAPA:36367	IAO:0000115	
WARN	missing_definition	EMAPA:36368	IAO:0000115	
WARN	missing_definition	EMAPA:36375	IAO:0000115	
WARN	missing_definition	EMAPA:36376	IAO:0000115	
WARN	missing_definition	EMAPA:36377	IAO:0000115	
WARN	missing_definition	EMAPA:36378	IAO:0000115	
WARN	missing_definition	EMAPA:36383	IAO:0000115	
WARN	missing_definition	EMAPA:36384	IAO:0000115	
WARN	missing_definition	EMAPA:36385	IAO:0000115	
WARN	missing_definition	EMAPA:36386	IAO:0000115	
WARN	missing_definition	EMAPA:36387	IAO:0000115	
WARN	missing_definition	EMAPA:36388	IAO:0000115	
WARN	missing_definition	EMAPA:36389	IAO:0000115	
WARN	missing_definition	EMAPA:36390	IAO:0000115	
WARN	missing_definition	EMAPA:36391	IAO:0000115	
WARN	missing_definition	EMAPA:36392	IAO:0000115	
WARN	missing_definition	EMAPA:36393	IAO:0000115	
WARN	missing_definition	EMAPA:36394	IAO:0000115	
WARN	missing_definition	EMAPA:36395	IAO:0000115	
WARN	missing_definition	EMAPA:36396	IAO:0000115	
WARN	missing_definition	EMAPA:36399	IAO:0000115	
WARN	missing_definition	EMAPA:36400	IAO:0000115	
WARN	missing_definition	EMAPA:36401	IAO:0000115	
WARN	missing_definition	EMAPA:36402	IAO:0000115	
WARN	missing_definition	EMAPA:36403	IAO:0000115	
WARN	missing_definition	EMAPA:36405	IAO:0000115	
WARN	missing_definition	EMAPA:36409	IAO:0000115	
WARN	missing_definition	EMAPA:36410	IAO:0000115	
WARN	missing_definition	EMAPA:36411	IAO:0000115	
WARN	missing_definition	EMAPA:36412	IAO:0000115	
WARN	missing_definition	EMAPA:36413	IAO:0000115	
WARN	missing_definition	EMAPA:36414	IAO:0000115	
WARN	missing_definition	EMAPA:36415	IAO:0000115	
WARN	missing_definition	EMAPA:36416	IAO:0000115	
WARN	missing_definition	EMAPA:36417	IAO:0000115	
WARN	missing_definition	EMAPA:36418	IAO:0000115	
WARN	missing_definition	EMAPA:36419	IAO:0000115	
WARN	missing_definition	EMAPA:36420	IAO:0000115	
WARN	missing_definition	EMAPA:36422	IAO:0000115	
WARN	missing_definition	EMAPA:36426	IAO:0000115	
WARN	missing_definition	EMAPA:36427	IAO:0000115	
WARN	missing_definition	EMAPA:36428	IAO:0000115	
WARN	missing_definition	EMAPA:36430	IAO:0000115	
WARN	missing_definition	EMAPA:36431	IAO:0000115	
WARN	missing_definition	EMAPA:36432	IAO:0000115	
WARN	missing_definition	EMAPA:36437	IAO:0000115	
WARN	missing_definition	EMAPA:36438	IAO:0000115	
WARN	missing_definition	EMAPA:36439	IAO:0000115	
WARN	missing_definition	EMAPA:36440	IAO:0000115	
WARN	missing_definition	EMAPA:36441	IAO:0000115	
WARN	missing_definition	EMAPA:36442	IAO:0000115	
WARN	missing_definition	EMAPA:36443	IAO:0000115	
WARN	missing_definition	EMAPA:36444	IAO:0000115	
WARN	missing_definition	EMAPA:36445	IAO:0000115	
WARN	missing_definition	EMAPA:36446	IAO:0000115	
WARN	missing_definition	EMAPA:36447	IAO:0000115	
WARN	missing_definition	EMAPA:36448	IAO:0000115	
WARN	missing_definition	EMAPA:36449	IAO:0000115	
WARN	missing_definition	EMAPA:36450	IAO:0000115	
WARN	missing_definition	EMAPA:36454	IAO:0000115	
WARN	missing_definition	EMAPA:36455	IAO:0000115	
WARN	missing_definition	EMAPA:36456	IAO:0000115	
WARN	missing_definition	EMAPA:36457	IAO:0000115	
WARN	missing_definition	EMAPA:36458	IAO:0000115	
WARN	missing_definition	EMAPA:36459	IAO:0000115	
WARN	missing_definition	EMAPA:36460	IAO:0000115	
WARN	missing_definition	EMAPA:36461	IAO:0000115	
WARN	missing_definition	EMAPA:36462	IAO:0000115	
WARN	missing_definition	EMAPA:36463	IAO:0000115	
WARN	missing_definition	EMAPA:36464	IAO:0000115	
WARN	missing_definition	EMAPA:36465	IAO:0000115	
WARN	missing_definition	EMAPA:36466	IAO:0000115	
WARN	missing_definition	EMAPA:36467	IAO:0000115	
WARN	missing_definition	EMAPA:36468	IAO:0000115	
WARN	missing_definition	EMAPA:36469	IAO:0000115	
WARN	missing_definition	EMAPA:36470	IAO:0000115	
WARN	missing_definition	EMAPA:36471	IAO:0000115	
WARN	missing_definition	EMAPA:36472	IAO:0000115	
WARN	missing_definition	EMAPA:36473	IAO:0000115	
WARN	missing_definition	EMAPA:36474	IAO:0000115	
WARN	missing_definition	EMAPA:36475	IAO:0000115	
WARN	missing_definition	EMAPA:36476	IAO:0000115	
WARN	missing_definition	EMAPA:36477	IAO:0000115	
WARN	missing_definition	EMAPA:36478	IAO:0000115	
WARN	missing_definition	EMAPA:36479	IAO:0000115	
WARN	missing_definition	EMAPA:36480	IAO:0000115	
WARN	missing_definition	EMAPA:36481	IAO:0000115	
WARN	missing_definition	EMAPA:36482	IAO:0000115	
WARN	missing_definition	EMAPA:36483	IAO:0000115	
WARN	missing_definition	EMAPA:36484	IAO:0000115	
WARN	missing_definition	EMAPA:36485	IAO:0000115	
WARN	missing_definition	EMAPA:36486	IAO:0000115	
WARN	missing_definition	EMAPA:36487	IAO:0000115	
WARN	missing_definition	EMAPA:36488	IAO:0000115	
WARN	missing_definition	EMAPA:36489	IAO:0000115	
WARN	missing_definition	EMAPA:36490	IAO:0000115	
WARN	missing_definition	EMAPA:36491	IAO:0000115	
WARN	missing_definition	EMAPA:36492	IAO:0000115	
WARN	missing_definition	EMAPA:36493	IAO:0000115	
WARN	missing_definition	EMAPA:36494	IAO:0000115	
WARN	missing_definition	EMAPA:36495	IAO:0000115	
WARN	missing_definition	EMAPA:36496	IAO:0000115	
WARN	missing_definition	EMAPA:36497	IAO:0000115	
WARN	missing_definition	EMAPA:36498	IAO:0000115	
WARN	missing_definition	EMAPA:36499	IAO:0000115	
WARN	missing_definition	EMAPA:36500	IAO:0000115	
WARN	missing_definition	EMAPA:36501	IAO:0000115	
WARN	missing_definition	EMAPA:36502	IAO:0000115	
WARN	missing_definition	EMAPA:36503	IAO:0000115	
WARN	missing_definition	EMAPA:36504	IAO:0000115	
WARN	missing_definition	EMAPA:36505	IAO:0000115	
WARN	missing_definition	EMAPA:36506	IAO:0000115	
WARN	missing_definition	EMAPA:36507	IAO:0000115	
WARN	missing_definition	EMAPA:36508	IAO:0000115	
WARN	missing_definition	EMAPA:36509	IAO:0000115	
WARN	missing_definition	EMAPA:36510	IAO:0000115	
WARN	missing_definition	EMAPA:36511	IAO:0000115	
WARN	missing_definition	EMAPA:36512	IAO:0000115	
WARN	missing_definition	EMAPA:36513	IAO:0000115	
WARN	missing_definition	EMAPA:36514	IAO:0000115	
WARN	missing_definition	EMAPA:36515	IAO:0000115	
WARN	missing_definition	EMAPA:36516	IAO:0000115	
WARN	missing_definition	EMAPA:36517	IAO:0000115	
WARN	missing_definition	EMAPA:36518	IAO:0000115	
WARN	missing_definition	EMAPA:36519	IAO:0000115	
WARN	missing_definition	EMAPA:36520	IAO:0000115	
WARN	missing_definition	EMAPA:36521	IAO:0000115	
WARN	missing_definition	EMAPA:36522	IAO:0000115	
WARN	missing_definition	EMAPA:36523	IAO:0000115	
WARN	missing_definition	EMAPA:36524	IAO:0000115	
WARN	missing_definition	EMAPA:36525	IAO:0000115	
WARN	missing_definition	EMAPA:36526	IAO:0000115	
WARN	missing_definition	EMAPA:36527	IAO:0000115	
WARN	missing_definition	EMAPA:36528	IAO:0000115	
WARN	missing_definition	EMAPA:36529	IAO:0000115	
WARN	missing_definition	EMAPA:36530	IAO:0000115	
WARN	missing_definition	EMAPA:36531	IAO:0000115	
WARN	missing_definition	EMAPA:36532	IAO:0000115	
WARN	missing_definition	EMAPA:36533	IAO:0000115	
WARN	missing_definition	EMAPA:36534	IAO:0000115	
WARN	missing_definition	EMAPA:36535	IAO:0000115	
WARN	missing_definition	EMAPA:36536	IAO:0000115	
WARN	missing_definition	EMAPA:36537	IAO:0000115	
WARN	missing_definition	EMAPA:36538	IAO:0000115	
WARN	missing_definition	EMAPA:36539	IAO:0000115	
WARN	missing_definition	EMAPA:36540	IAO:0000115	
WARN	missing_definition	EMAPA:36541	IAO:0000115	
WARN	missing_definition	EMAPA:36542	IAO:0000115	
WARN	missing_definition	EMAPA:36543	IAO:0000115	
WARN	missing_definition	EMAPA:36544	IAO:0000115	
WARN	missing_definition	EMAPA:36545	IAO:0000115	
WARN	missing_definition	EMAPA:36546	IAO:0000115	
WARN	missing_definition	EMAPA:36547	IAO:0000115	
WARN	missing_definition	EMAPA:36548	IAO:0000115	
WARN	missing_definition	EMAPA:36549	IAO:0000115	
WARN	missing_definition	EMAPA:36550	IAO:0000115	
WARN	missing_definition	EMAPA:36551	IAO:0000115	
WARN	missing_definition	EMAPA:36552	IAO:0000115	
WARN	missing_definition	EMAPA:36553	IAO:0000115	
WARN	missing_definition	EMAPA:36554	IAO:0000115	
WARN	missing_definition	EMAPA:36555	IAO:0000115	
WARN	missing_definition	EMAPA:36556	IAO:0000115	
WARN	missing_definition	EMAPA:36557	IAO:0000115	
WARN	missing_definition	EMAPA:36558	IAO:0000115	
WARN	missing_definition	EMAPA:36559	IAO:0000115	
WARN	missing_definition	EMAPA:36560	IAO:0000115	
WARN	missing_definition	EMAPA:36561	IAO:0000115	
WARN	missing_definition	EMAPA:36562	IAO:0000115	
WARN	missing_definition	EMAPA:36563	IAO:0000115	
WARN	missing_definition	EMAPA:36564	IAO:0000115	
WARN	missing_definition	EMAPA:36565	IAO:0000115	
WARN	missing_definition	EMAPA:36566	IAO:0000115	
WARN	missing_definition	EMAPA:36567	IAO:0000115	
WARN	missing_definition	EMAPA:36568	IAO:0000115	
WARN	missing_definition	EMAPA:36569	IAO:0000115	
WARN	missing_definition	EMAPA:36570	IAO:0000115	
WARN	missing_definition	EMAPA:36571	IAO:0000115	
WARN	missing_definition	EMAPA:36572	IAO:0000115	
WARN	missing_definition	EMAPA:36573	IAO:0000115	
WARN	missing_definition	EMAPA:36574	IAO:0000115	
WARN	missing_definition	EMAPA:36575	IAO:0000115	
WARN	missing_definition	EMAPA:36576	IAO:0000115	
WARN	missing_definition	EMAPA:36577	IAO:0000115	
WARN	missing_definition	EMAPA:36578	IAO:0000115	
WARN	missing_definition	EMAPA:36579	IAO:0000115	
WARN	missing_definition	EMAPA:36580	IAO:0000115	
WARN	missing_definition	EMAPA:36581	IAO:0000115	
WARN	missing_definition	EMAPA:36582	IAO:0000115	
WARN	missing_definition	EMAPA:36583	IAO:0000115	
WARN	missing_definition	EMAPA:36584	IAO:0000115	
WARN	missing_definition	EMAPA:36585	IAO:0000115	
WARN	missing_definition	EMAPA:36586	IAO:0000115	
WARN	missing_definition	EMAPA:36587	IAO:0000115	
WARN	missing_definition	EMAPA:36588	IAO:0000115	
WARN	missing_definition	EMAPA:36589	IAO:0000115	
WARN	missing_definition	EMAPA:36590	IAO:0000115	
WARN	missing_definition	EMAPA:36591	IAO:0000115	
WARN	missing_definition	EMAPA:36592	IAO:0000115	
WARN	missing_definition	EMAPA:36593	IAO:0000115	
WARN	missing_definition	EMAPA:36594	IAO:0000115	
WARN	missing_definition	EMAPA:36595	IAO:0000115	
WARN	missing_definition	EMAPA:36596	IAO:0000115	
WARN	missing_definition	EMAPA:36597	IAO:0000115	
WARN	missing_definition	EMAPA:36598	IAO:0000115	
WARN	missing_definition	EMAPA:36599	IAO:0000115	
WARN	missing_definition	EMAPA:36600	IAO:0000115	
WARN	missing_definition	EMAPA:36601	IAO:0000115	
WARN	missing_definition	EMAPA:36602	IAO:0000115	
WARN	missing_definition	EMAPA:36603	IAO:0000115	
WARN	missing_definition	EMAPA:36604	IAO:0000115	
WARN	missing_definition	EMAPA:36605	IAO:0000115	
WARN	missing_definition	EMAPA:36606	IAO:0000115	
WARN	missing_definition	EMAPA:36607	IAO:0000115	
WARN	missing_definition	EMAPA:36608	IAO:0000115	
WARN	missing_definition	EMAPA:36609	IAO:0000115	
WARN	missing_definition	EMAPA:36610	IAO:0000115	
WARN	missing_definition	EMAPA:36611	IAO:0000115	
WARN	missing_definition	EMAPA:36612	IAO:0000115	
WARN	missing_definition	EMAPA:36613	IAO:0000115	
WARN	missing_definition	EMAPA:36614	IAO:0000115	
WARN	missing_definition	EMAPA:36615	IAO:0000115	
WARN	missing_definition	EMAPA:36616	IAO:0000115	
WARN	missing_definition	EMAPA:36617	IAO:0000115	
WARN	missing_definition	EMAPA:36618	IAO:0000115	
WARN	missing_definition	EMAPA:36619	IAO:0000115	
WARN	missing_definition	EMAPA:36620	IAO:0000115	
WARN	missing_definition	EMAPA:36621	IAO:0000115	
WARN	missing_definition	EMAPA:36622	IAO:0000115	
WARN	missing_definition	EMAPA:36623	IAO:0000115	
WARN	missing_definition	EMAPA:36624	IAO:0000115	
WARN	missing_definition	EMAPA:36625	IAO:0000115	
WARN	missing_definition	EMAPA:36626	IAO:0000115	
WARN	missing_definition	EMAPA:36627	IAO:0000115	
WARN	missing_definition	EMAPA:36628	IAO:0000115	
WARN	missing_definition	EMAPA:36629	IAO:0000115	
WARN	missing_definition	EMAPA:36630	IAO:0000115	
WARN	missing_definition	EMAPA:36631	IAO:0000115	
WARN	missing_definition	EMAPA:36632	IAO:0000115	
WARN	missing_definition	EMAPA:36633	IAO:0000115	
WARN	missing_definition	EMAPA:36634	IAO:0000115	
WARN	missing_definition	EMAPA:36635	IAO:0000115	
WARN	missing_definition	EMAPA:36636	IAO:0000115	
WARN	missing_definition	EMAPA:36637	IAO:0000115	
WARN	missing_definition	EMAPA:36638	IAO:0000115	
WARN	missing_definition	EMAPA:36639	IAO:0000115	
WARN	missing_definition	EMAPA:36640	IAO:0000115	
WARN	missing_definition	EMAPA:36641	IAO:0000115	
WARN	missing_definition	EMAPA:36642	IAO:0000115	
WARN	missing_definition	EMAPA:36643	IAO:0000115	
WARN	missing_definition	EMAPA:36644	IAO:0000115	
WARN	missing_definition	EMAPA:36645	IAO:0000115	
WARN	missing_definition	EMAPA:36646	IAO:0000115	
WARN	missing_definition	EMAPA:36647	IAO:0000115	
WARN	missing_definition	EMAPA:36648	IAO:0000115	
WARN	missing_definition	EMAPA:36649	IAO:0000115	
WARN	missing_definition	EMAPA:36650	IAO:0000115	
WARN	missing_definition	EMAPA:36651	IAO:0000115	
WARN	missing_definition	EMAPA:36652	IAO:0000115	
WARN	missing_definition	EMAPA:36653	IAO:0000115	
WARN	missing_definition	EMAPA:36654	IAO:0000115	
WARN	missing_definition	EMAPA:36655	IAO:0000115	
WARN	missing_definition	EMAPA:36656	IAO:0000115	
WARN	missing_definition	EMAPA:36657	IAO:0000115	
WARN	missing_definition	EMAPA:36658	IAO:0000115	
WARN	missing_definition	EMAPA:36659	IAO:0000115	
WARN	missing_definition	EMAPA:36660	IAO:0000115	
WARN	missing_definition	EMAPA:36661	IAO:0000115	
WARN	missing_definition	EMAPA:36662	IAO:0000115	
WARN	missing_definition	EMAPA:36663	IAO:0000115	
WARN	missing_definition	EMAPA:36664	IAO:0000115	
WARN	missing_definition	EMAPA:36665	IAO:0000115	
WARN	missing_definition	EMAPA:36666	IAO:0000115	
WARN	missing_definition	EMAPA:36667	IAO:0000115	
WARN	missing_definition	EMAPA:36668	IAO:0000115	
WARN	missing_definition	EMAPA:36669	IAO:0000115	
WARN	missing_definition	EMAPA:36670	IAO:0000115	
WARN	missing_definition	EMAPA:36671	IAO:0000115	
WARN	missing_definition	EMAPA:36672	IAO:0000115	
WARN	missing_definition	EMAPA:36673	IAO:0000115	
WARN	missing_definition	EMAPA:36674	IAO:0000115	
WARN	missing_definition	EMAPA:36675	IAO:0000115	
WARN	missing_definition	EMAPA:36676	IAO:0000115	
WARN	missing_definition	EMAPA:36677	IAO:0000115	
WARN	missing_definition	EMAPA:36678	IAO:0000115	
WARN	missing_definition	EMAPA:36679	IAO:0000115	
WARN	missing_definition	EMAPA:36680	IAO:0000115	
WARN	missing_definition	EMAPA:36681	IAO:0000115	
WARN	missing_definition	EMAPA:36682	IAO:0000115	
WARN	missing_definition	EMAPA:36683	IAO:0000115	
WARN	missing_definition	EMAPA:36684	IAO:0000115	
WARN	missing_definition	EMAPA:36685	IAO:0000115	
WARN	missing_definition	EMAPA:36686	IAO:0000115	
WARN	missing_definition	EMAPA:36687	IAO:0000115	
WARN	missing_definition	EMAPA:36688	IAO:0000115	
WARN	missing_definition	EMAPA:36689	IAO:0000115	
WARN	missing_definition	EMAPA:36690	IAO:0000115	
WARN	missing_definition	EMAPA:36691	IAO:0000115	
WARN	missing_definition	EMAPA:36692	IAO:0000115	
WARN	missing_definition	EMAPA:36693	IAO:0000115	
WARN	missing_definition	EMAPA:36694	IAO:0000115	
WARN	missing_definition	EMAPA:36695	IAO:0000115	
WARN	missing_definition	EMAPA:36696	IAO:0000115	
WARN	missing_definition	EMAPA:36697	IAO:0000115	
WARN	missing_definition	EMAPA:36698	IAO:0000115	
WARN	missing_definition	EMAPA:36699	IAO:0000115	
WARN	missing_definition	EMAPA:36700	IAO:0000115	
WARN	missing_definition	EMAPA:36701	IAO:0000115	
WARN	missing_definition	EMAPA:36702	IAO:0000115	
WARN	missing_definition	EMAPA:36703	IAO:0000115	
WARN	missing_definition	EMAPA:36704	IAO:0000115	
WARN	missing_definition	EMAPA:36705	IAO:0000115	
WARN	missing_definition	EMAPA:36706	IAO:0000115	
WARN	missing_definition	EMAPA:36707	IAO:0000115	
WARN	missing_definition	EMAPA:36708	IAO:0000115	
WARN	missing_definition	EMAPA:36709	IAO:0000115	
WARN	missing_definition	EMAPA:36710	IAO:0000115	
WARN	missing_definition	EMAPA:36711	IAO:0000115	
WARN	missing_definition	EMAPA:36712	IAO:0000115	
WARN	missing_definition	EMAPA:36713	IAO:0000115	
WARN	missing_definition	EMAPA:36714	IAO:0000115	
WARN	missing_definition	EMAPA:36715	IAO:0000115	
WARN	missing_definition	EMAPA:36716	IAO:0000115	
WARN	missing_definition	EMAPA:36717	IAO:0000115	
WARN	missing_definition	EMAPA:36718	IAO:0000115	
WARN	missing_definition	EMAPA:36719	IAO:0000115	
WARN	missing_definition	EMAPA:36720	IAO:0000115	
WARN	missing_definition	EMAPA:36721	IAO:0000115	
WARN	missing_definition	EMAPA:36722	IAO:0000115	
WARN	missing_definition	EMAPA:36723	IAO:0000115	
WARN	missing_definition	EMAPA:36724	IAO:0000115	
WARN	missing_definition	EMAPA:36725	IAO:0000115	
WARN	missing_definition	EMAPA:36726	IAO:0000115	
WARN	missing_definition	EMAPA:36727	IAO:0000115	
WARN	missing_definition	EMAPA:36728	IAO:0000115	
WARN	missing_definition	EMAPA:36729	IAO:0000115	
WARN	missing_definition	EMAPA:36730	IAO:0000115	
WARN	missing_definition	EMAPA:36731	IAO:0000115	
WARN	missing_definition	EMAPA:36732	IAO:0000115	
WARN	missing_definition	EMAPA:36733	IAO:0000115	
WARN	missing_definition	EMAPA:36734	IAO:0000115	
WARN	missing_definition	EMAPA:36735	IAO:0000115	
WARN	missing_definition	EMAPA:36736	IAO:0000115	
WARN	missing_definition	EMAPA:36737	IAO:0000115	
WARN	missing_definition	EMAPA:36738	IAO:0000115	
WARN	missing_definition	EMAPA:36739	IAO:0000115	
WARN	missing_definition	EMAPA:36740	IAO:0000115	
WARN	missing_definition	EMAPA:36741	IAO:0000115	
WARN	missing_definition	EMAPA:36742	IAO:0000115	
WARN	missing_definition	EMAPA:36743	IAO:0000115	
WARN	missing_definition	EMAPA:36744	IAO:0000115	
WARN	missing_definition	EMAPA:36745	IAO:0000115	
WARN	missing_definition	EMAPA:36746	IAO:0000115	
WARN	missing_definition	EMAPA:36747	IAO:0000115	
WARN	missing_definition	EMAPA:36748	IAO:0000115	
WARN	missing_definition	EMAPA:36749	IAO:0000115	
WARN	missing_definition	EMAPA:36750	IAO:0000115	
WARN	missing_definition	EMAPA:36751	IAO:0000115	
WARN	missing_definition	EMAPA:36752	IAO:0000115	
WARN	missing_definition	EMAPA:36753	IAO:0000115	
WARN	missing_definition	EMAPA:36754	IAO:0000115	
WARN	missing_definition	EMAPA:36755	IAO:0000115	
WARN	missing_definition	EMAPA:36756	IAO:0000115	
WARN	missing_definition	EMAPA:36757	IAO:0000115	
WARN	missing_definition	EMAPA:36758	IAO:0000115	
WARN	missing_definition	EMAPA:36759	IAO:0000115	
WARN	missing_definition	EMAPA:36760	IAO:0000115	
WARN	missing_definition	EMAPA:36761	IAO:0000115	
WARN	missing_definition	EMAPA:36762	IAO:0000115	
WARN	missing_definition	EMAPA:36763	IAO:0000115	
WARN	missing_definition	EMAPA:36764	IAO:0000115	
WARN	missing_definition	EMAPA:36765	IAO:0000115	
WARN	missing_definition	EMAPA:36766	IAO:0000115	
WARN	missing_definition	EMAPA:36767	IAO:0000115	
WARN	missing_definition	EMAPA:36768	IAO:0000115	
WARN	missing_definition	EMAPA:36769	IAO:0000115	
WARN	missing_definition	EMAPA:36770	IAO:0000115	
WARN	missing_definition	EMAPA:36771	IAO:0000115	
WARN	missing_definition	EMAPA:36772	IAO:0000115	
WARN	missing_definition	EMAPA:36773	IAO:0000115	
WARN	missing_definition	EMAPA:36774	IAO:0000115	
WARN	missing_definition	EMAPA:36775	IAO:0000115	
WARN	missing_definition	EMAPA:36776	IAO:0000115	
WARN	missing_definition	EMAPA:36777	IAO:0000115	
WARN	missing_definition	EMAPA:36778	IAO:0000115	
WARN	missing_definition	EMAPA:36779	IAO:0000115	
WARN	missing_definition	EMAPA:36780	IAO:0000115	
WARN	missing_definition	EMAPA:36781	IAO:0000115	
WARN	missing_definition	EMAPA:36782	IAO:0000115	
WARN	missing_definition	EMAPA:36783	IAO:0000115	
WARN	missing_definition	EMAPA:36784	IAO:0000115	
WARN	missing_definition	EMAPA:36785	IAO:0000115	
WARN	missing_definition	EMAPA:36786	IAO:0000115	
WARN	missing_definition	EMAPA:36787	IAO:0000115	
WARN	missing_definition	EMAPA:36788	IAO:0000115	
WARN	missing_definition	EMAPA:36789	IAO:0000115	
WARN	missing_definition	EMAPA:36790	IAO:0000115	
WARN	missing_definition	EMAPA:36791	IAO:0000115	
WARN	missing_definition	EMAPA:36792	IAO:0000115	
WARN	missing_definition	EMAPA:36793	IAO:0000115	
WARN	missing_definition	EMAPA:36794	IAO:0000115	
WARN	missing_definition	EMAPA:36795	IAO:0000115	
WARN	missing_definition	EMAPA:36796	IAO:0000115	
WARN	missing_definition	EMAPA:36797	IAO:0000115	
WARN	missing_definition	EMAPA:36798	IAO:0000115	
WARN	missing_definition	EMAPA:36799	IAO:0000115	
WARN	missing_definition	EMAPA:36800	IAO:0000115	
WARN	missing_definition	EMAPA:36801	IAO:0000115	
WARN	missing_definition	EMAPA:36802	IAO:0000115	
WARN	missing_definition	EMAPA:36803	IAO:0000115	
WARN	missing_definition	EMAPA:36804	IAO:0000115	
WARN	missing_definition	EMAPA:36805	IAO:0000115	
WARN	missing_definition	EMAPA:36806	IAO:0000115	
WARN	missing_definition	EMAPA:36807	IAO:0000115	
WARN	missing_definition	EMAPA:36808	IAO:0000115	
WARN	missing_definition	EMAPA:36809	IAO:0000115	
WARN	missing_definition	EMAPA:36810	IAO:0000115	
WARN	missing_definition	EMAPA:36811	IAO:0000115	
WARN	missing_definition	EMAPA:36812	IAO:0000115	
WARN	missing_definition	EMAPA:36813	IAO:0000115	
WARN	missing_definition	EMAPA:36814	IAO:0000115	
WARN	missing_definition	EMAPA:36815	IAO:0000115	
WARN	missing_definition	EMAPA:36816	IAO:0000115	
WARN	missing_definition	EMAPA:36817	IAO:0000115	
WARN	missing_definition	EMAPA:36818	IAO:0000115	
WARN	missing_definition	EMAPA:36819	IAO:0000115	
WARN	missing_definition	EMAPA:36820	IAO:0000115	
WARN	missing_definition	EMAPA:36821	IAO:0000115	
WARN	missing_definition	EMAPA:36822	IAO:0000115	
WARN	missing_definition	EMAPA:36823	IAO:0000115	
WARN	missing_definition	EMAPA:36824	IAO:0000115	
WARN	missing_definition	EMAPA:36825	IAO:0000115	
WARN	missing_definition	EMAPA:36826	IAO:0000115	
WARN	missing_definition	EMAPA:36827	IAO:0000115	
WARN	missing_definition	EMAPA:36828	IAO:0000115	
WARN	missing_definition	EMAPA:36829	IAO:0000115	
WARN	missing_definition	EMAPA:36830	IAO:0000115	
WARN	missing_definition	EMAPA:36831	IAO:0000115	
WARN	missing_definition	EMAPA:36832	IAO:0000115	
WARN	missing_definition	EMAPA:36833	IAO:0000115	
WARN	missing_definition	EMAPA:36834	IAO:0000115	
WARN	missing_definition	EMAPA:36835	IAO:0000115	
WARN	missing_definition	EMAPA:36836	IAO:0000115	
WARN	missing_definition	EMAPA:36837	IAO:0000115	
WARN	missing_definition	EMAPA:36838	IAO:0000115	
WARN	missing_definition	EMAPA:36839	IAO:0000115	
WARN	missing_definition	EMAPA:36840	IAO:0000115	
WARN	missing_definition	EMAPA:36841	IAO:0000115	
WARN	missing_definition	EMAPA:36842	IAO:0000115	
WARN	missing_definition	EMAPA:36843	IAO:0000115	
WARN	missing_definition	EMAPA:36844	IAO:0000115	
WARN	missing_definition	EMAPA:36845	IAO:0000115	
WARN	missing_definition	EMAPA:36846	IAO:0000115	
WARN	missing_definition	EMAPA:36847	IAO:0000115	
WARN	missing_definition	EMAPA:36848	IAO:0000115	
WARN	missing_definition	EMAPA:36849	IAO:0000115	
WARN	missing_definition	EMAPA:36850	IAO:0000115	
WARN	missing_definition	EMAPA:36851	IAO:0000115	
WARN	missing_definition	EMAPA:36852	IAO:0000115	
WARN	missing_definition	EMAPA:36853	IAO:0000115	
WARN	missing_definition	EMAPA:36854	IAO:0000115	
WARN	missing_definition	EMAPA:36855	IAO:0000115	
WARN	missing_definition	EMAPA:36856	IAO:0000115	
WARN	missing_definition	EMAPA:36857	IAO:0000115	
WARN	missing_definition	EMAPA:36858	IAO:0000115	
WARN	missing_definition	EMAPA:36859	IAO:0000115	
WARN	missing_definition	EMAPA:36860	IAO:0000115	
WARN	missing_definition	EMAPA:36861	IAO:0000115	
WARN	missing_definition	EMAPA:36862	IAO:0000115	
WARN	missing_definition	EMAPA:36863	IAO:0000115	
WARN	missing_definition	EMAPA:36864	IAO:0000115	
WARN	missing_definition	EMAPA:36865	IAO:0000115	
WARN	missing_definition	EMAPA:36866	IAO:0000115	
WARN	missing_definition	EMAPA:36867	IAO:0000115	
WARN	missing_definition	EMAPA:36868	IAO:0000115	
WARN	missing_definition	EMAPA:36869	IAO:0000115	
WARN	missing_definition	EMAPA:36870	IAO:0000115	
WARN	missing_definition	EMAPA:36871	IAO:0000115	
WARN	missing_definition	EMAPA:36872	IAO:0000115	
WARN	missing_definition	EMAPA:36873	IAO:0000115	
WARN	missing_definition	EMAPA:36874	IAO:0000115	
WARN	missing_definition	EMAPA:36875	IAO:0000115	
WARN	missing_definition	EMAPA:36876	IAO:0000115	
WARN	missing_definition	EMAPA:36877	IAO:0000115	
WARN	missing_definition	EMAPA:36878	IAO:0000115	
WARN	missing_definition	EMAPA:36879	IAO:0000115	
WARN	missing_definition	EMAPA:36880	IAO:0000115	
WARN	missing_definition	EMAPA:36881	IAO:0000115	
WARN	missing_definition	EMAPA:36882	IAO:0000115	
WARN	missing_definition	EMAPA:36883	IAO:0000115	
WARN	missing_definition	EMAPA:36884	IAO:0000115	
WARN	missing_definition	EMAPA:36885	IAO:0000115	
WARN	missing_definition	EMAPA:36886	IAO:0000115	
WARN	missing_definition	EMAPA:36887	IAO:0000115	
WARN	missing_definition	EMAPA:36888	IAO:0000115	
WARN	missing_definition	EMAPA:36889	IAO:0000115	
WARN	missing_definition	EMAPA:36890	IAO:0000115	
WARN	missing_definition	EMAPA:36891	IAO:0000115	
WARN	missing_definition	EMAPA:36892	IAO:0000115	
WARN	missing_definition	EMAPA:36893	IAO:0000115	
WARN	missing_definition	EMAPA:36894	IAO:0000115	
WARN	missing_definition	EMAPA:36895	IAO:0000115	
WARN	missing_definition	EMAPA:36896	IAO:0000115	
WARN	missing_definition	EMAPA:36897	IAO:0000115	
WARN	missing_definition	EMAPA:36898	IAO:0000115	
WARN	missing_definition	EMAPA:36899	IAO:0000115	
WARN	missing_definition	EMAPA:36900	IAO:0000115	
WARN	missing_definition	EMAPA:36901	IAO:0000115	
WARN	missing_definition	EMAPA:36902	IAO:0000115	
WARN	missing_definition	EMAPA:36903	IAO:0000115	
WARN	missing_definition	EMAPA:36904	IAO:0000115	
WARN	missing_definition	EMAPA:36905	IAO:0000115	
WARN	missing_definition	EMAPA:36906	IAO:0000115	
WARN	missing_definition	EMAPA:36907	IAO:0000115	
WARN	missing_definition	EMAPA:36908	IAO:0000115	
WARN	missing_definition	EMAPA:36909	IAO:0000115	
WARN	missing_definition	EMAPA:36910	IAO:0000115	
WARN	missing_definition	EMAPA:36911	IAO:0000115	
WARN	missing_definition	EMAPA:36912	IAO:0000115	
WARN	missing_definition	EMAPA:36913	IAO:0000115	
WARN	missing_definition	EMAPA:36914	IAO:0000115	
WARN	missing_definition	EMAPA:36915	IAO:0000115	
WARN	missing_definition	EMAPA:36916	IAO:0000115	
WARN	missing_definition	EMAPA:36917	IAO:0000115	
WARN	missing_definition	EMAPA:36918	IAO:0000115	
WARN	missing_definition	EMAPA:36919	IAO:0000115	
WARN	missing_definition	EMAPA:36920	IAO:0000115	
WARN	missing_definition	EMAPA:36921	IAO:0000115	
WARN	missing_definition	EMAPA:36922	IAO:0000115	
WARN	missing_definition	EMAPA:36923	IAO:0000115	
WARN	missing_definition	EMAPA:36924	IAO:0000115	
WARN	missing_definition	EMAPA:36925	IAO:0000115	
WARN	missing_definition	EMAPA:36926	IAO:0000115	
WARN	missing_definition	EMAPA:36927	IAO:0000115	
WARN	missing_definition	EMAPA:36928	IAO:0000115	
WARN	missing_definition	EMAPA:36929	IAO:0000115	
WARN	missing_definition	EMAPA:36930	IAO:0000115	
WARN	missing_definition	EMAPA:36931	IAO:0000115	
WARN	missing_definition	EMAPA:36932	IAO:0000115	
WARN	missing_definition	EMAPA:36933	IAO:0000115	
WARN	missing_definition	EMAPA:36934	IAO:0000115	
WARN	missing_definition	EMAPA:36935	IAO:0000115	
WARN	missing_definition	EMAPA:36936	IAO:0000115	
WARN	missing_definition	EMAPA:36937	IAO:0000115	
WARN	missing_definition	EMAPA:36938	IAO:0000115	
WARN	missing_definition	EMAPA:36939	IAO:0000115	
WARN	missing_definition	EMAPA:36940	IAO:0000115	
WARN	missing_definition	EMAPA:36941	IAO:0000115	
WARN	missing_definition	EMAPA:36942	IAO:0000115	
WARN	missing_definition	EMAPA:36943	IAO:0000115	
WARN	missing_definition	EMAPA:36944	IAO:0000115	
WARN	missing_definition	EMAPA:36945	IAO:0000115	
WARN	missing_definition	EMAPA:36946	IAO:0000115	
WARN	missing_definition	EMAPA:36947	IAO:0000115	
WARN	missing_definition	EMAPA:36948	IAO:0000115	
WARN	missing_definition	EMAPA:36949	IAO:0000115	
WARN	missing_definition	EMAPA:36950	IAO:0000115	
WARN	missing_definition	EMAPA:36951	IAO:0000115	
WARN	missing_definition	EMAPA:36952	IAO:0000115	
WARN	missing_definition	EMAPA:36953	IAO:0000115	
WARN	missing_definition	EMAPA:36954	IAO:0000115	
WARN	missing_definition	EMAPA:36955	IAO:0000115	
WARN	missing_definition	EMAPA:36956	IAO:0000115	
WARN	missing_definition	EMAPA:36957	IAO:0000115	
WARN	missing_definition	EMAPA:36958	IAO:0000115	
WARN	missing_definition	EMAPA:36959	IAO:0000115	
WARN	missing_definition	EMAPA:36960	IAO:0000115	
WARN	missing_definition	EMAPA:36961	IAO:0000115	
WARN	missing_definition	EMAPA:36962	IAO:0000115	
WARN	missing_definition	EMAPA:36963	IAO:0000115	
WARN	missing_definition	EMAPA:36964	IAO:0000115	
WARN	missing_definition	EMAPA:36965	IAO:0000115	
WARN	missing_definition	EMAPA:36966	IAO:0000115	
WARN	missing_definition	EMAPA:36967	IAO:0000115	
WARN	missing_definition	EMAPA:36968	IAO:0000115	
WARN	missing_definition	EMAPA:36969	IAO:0000115	
WARN	missing_definition	EMAPA:36970	IAO:0000115	
WARN	missing_definition	EMAPA:36971	IAO:0000115	
WARN	missing_definition	EMAPA:36972	IAO:0000115	
WARN	missing_definition	EMAPA:36973	IAO:0000115	
WARN	missing_definition	EMAPA:36974	IAO:0000115	
WARN	missing_definition	EMAPA:36975	IAO:0000115	
WARN	missing_definition	EMAPA:36976	IAO:0000115	
WARN	missing_definition	EMAPA:36977	IAO:0000115	
WARN	missing_definition	EMAPA:36978	IAO:0000115	
WARN	missing_definition	EMAPA:36979	IAO:0000115	
WARN	missing_definition	EMAPA:36980	IAO:0000115	
WARN	missing_definition	EMAPA:36981	IAO:0000115	
WARN	missing_definition	EMAPA:36982	IAO:0000115	
WARN	missing_definition	EMAPA:36983	IAO:0000115	
WARN	missing_definition	EMAPA:36984	IAO:0000115	
WARN	missing_definition	EMAPA:36985	IAO:0000115	
WARN	missing_definition	EMAPA:36986	IAO:0000115	
WARN	missing_definition	EMAPA:36987	IAO:0000115	
WARN	missing_definition	EMAPA:36988	IAO:0000115	
WARN	missing_definition	EMAPA:36989	IAO:0000115	
WARN	missing_definition	EMAPA:36990	IAO:0000115	
WARN	missing_definition	EMAPA:36991	IAO:0000115	
WARN	missing_definition	EMAPA:36992	IAO:0000115	
WARN	missing_definition	EMAPA:36993	IAO:0000115	
WARN	missing_definition	EMAPA:36994	IAO:0000115	
WARN	missing_definition	EMAPA:36995	IAO:0000115	
WARN	missing_definition	EMAPA:36996	IAO:0000115	
WARN	missing_definition	EMAPA:36997	IAO:0000115	
WARN	missing_definition	EMAPA:36998	IAO:0000115	
WARN	missing_definition	EMAPA:36999	IAO:0000115	
WARN	missing_definition	EMAPA:37000	IAO:0000115	
WARN	missing_definition	EMAPA:37001	IAO:0000115	
WARN	missing_definition	EMAPA:37002	IAO:0000115	
WARN	missing_definition	EMAPA:37003	IAO:0000115	
WARN	missing_definition	EMAPA:37004	IAO:0000115	
WARN	missing_definition	EMAPA:37005	IAO:0000115	
WARN	missing_definition	EMAPA:37006	IAO:0000115	
WARN	missing_definition	EMAPA:37007	IAO:0000115	
WARN	missing_definition	EMAPA:37008	IAO:0000115	
WARN	missing_definition	EMAPA:37009	IAO:0000115	
WARN	missing_definition	EMAPA:37010	IAO:0000115	
WARN	missing_definition	EMAPA:37011	IAO:0000115	
WARN	missing_definition	EMAPA:37012	IAO:0000115	
WARN	missing_definition	EMAPA:37013	IAO:0000115	
WARN	missing_definition	EMAPA:37014	IAO:0000115	
WARN	missing_definition	EMAPA:37015	IAO:0000115	
WARN	missing_definition	EMAPA:37016	IAO:0000115	
WARN	missing_definition	EMAPA:37017	IAO:0000115	
WARN	missing_definition	EMAPA:37018	IAO:0000115	
WARN	missing_definition	EMAPA:37020	IAO:0000115	
WARN	missing_definition	EMAPA:37021	IAO:0000115	
WARN	missing_definition	EMAPA:37023	IAO:0000115	
WARN	missing_definition	EMAPA:37024	IAO:0000115	
WARN	missing_definition	EMAPA:37025	IAO:0000115	
WARN	missing_definition	EMAPA:37026	IAO:0000115	
WARN	missing_definition	EMAPA:37027	IAO:0000115	
WARN	missing_definition	EMAPA:37028	IAO:0000115	
WARN	missing_definition	EMAPA:37029	IAO:0000115	
WARN	missing_definition	EMAPA:37030	IAO:0000115	
WARN	missing_definition	EMAPA:37031	IAO:0000115	
WARN	missing_definition	EMAPA:37032	IAO:0000115	
WARN	missing_definition	EMAPA:37033	IAO:0000115	
WARN	missing_definition	EMAPA:37034	IAO:0000115	
WARN	missing_definition	EMAPA:37035	IAO:0000115	
WARN	missing_definition	EMAPA:37036	IAO:0000115	
WARN	missing_definition	EMAPA:37037	IAO:0000115	
WARN	missing_definition	EMAPA:37038	IAO:0000115	
WARN	missing_definition	EMAPA:37039	IAO:0000115	
WARN	missing_definition	EMAPA:37040	IAO:0000115	
WARN	missing_definition	EMAPA:37041	IAO:0000115	
WARN	missing_definition	EMAPA:37042	IAO:0000115	
WARN	missing_definition	EMAPA:37043	IAO:0000115	
WARN	missing_definition	EMAPA:37044	IAO:0000115	
WARN	missing_definition	EMAPA:37045	IAO:0000115	
WARN	missing_definition	EMAPA:37046	IAO:0000115	
WARN	missing_definition	EMAPA:37047	IAO:0000115	
WARN	missing_definition	EMAPA:37048	IAO:0000115	
WARN	missing_definition	EMAPA:37049	IAO:0000115	
WARN	missing_definition	EMAPA:37050	IAO:0000115	
WARN	missing_definition	EMAPA:37051	IAO:0000115	
WARN	missing_definition	EMAPA:37052	IAO:0000115	
WARN	missing_definition	EMAPA:37053	IAO:0000115	
WARN	missing_definition	EMAPA:37054	IAO:0000115	
WARN	missing_definition	EMAPA:37055	IAO:0000115	
WARN	missing_definition	EMAPA:37056	IAO:0000115	
WARN	missing_definition	EMAPA:37057	IAO:0000115	
WARN	missing_definition	EMAPA:37058	IAO:0000115	
WARN	missing_definition	EMAPA:37059	IAO:0000115	
WARN	missing_definition	EMAPA:37060	IAO:0000115	
WARN	missing_definition	EMAPA:37061	IAO:0000115	
WARN	missing_definition	EMAPA:37062	IAO:0000115	
WARN	missing_definition	EMAPA:37063	IAO:0000115	
WARN	missing_definition	EMAPA:37064	IAO:0000115	
WARN	missing_definition	EMAPA:37065	IAO:0000115	
WARN	missing_definition	EMAPA:37066	IAO:0000115	
WARN	missing_definition	EMAPA:37067	IAO:0000115	
WARN	missing_definition	EMAPA:37068	IAO:0000115	
WARN	missing_definition	EMAPA:37069	IAO:0000115	
WARN	missing_definition	EMAPA:37070	IAO:0000115	
WARN	missing_definition	EMAPA:37071	IAO:0000115	
WARN	missing_definition	EMAPA:37072	IAO:0000115	
WARN	missing_definition	EMAPA:37073	IAO:0000115	
WARN	missing_definition	EMAPA:37074	IAO:0000115	
WARN	missing_definition	EMAPA:37075	IAO:0000115	
WARN	missing_definition	EMAPA:37076	IAO:0000115	
WARN	missing_definition	EMAPA:37077	IAO:0000115	
WARN	missing_definition	EMAPA:37078	IAO:0000115	
WARN	missing_definition	EMAPA:37079	IAO:0000115	
WARN	missing_definition	EMAPA:37080	IAO:0000115	
WARN	missing_definition	EMAPA:37081	IAO:0000115	
WARN	missing_definition	EMAPA:37082	IAO:0000115	
WARN	missing_definition	EMAPA:37084	IAO:0000115	
WARN	missing_definition	EMAPA:37085	IAO:0000115	
WARN	missing_definition	EMAPA:37086	IAO:0000115	
WARN	missing_definition	EMAPA:37087	IAO:0000115	
WARN	missing_definition	EMAPA:37088	IAO:0000115	
WARN	missing_definition	EMAPA:37089	IAO:0000115	
WARN	missing_definition	EMAPA:37090	IAO:0000115	
WARN	missing_definition	EMAPA:37091	IAO:0000115	
WARN	missing_definition	EMAPA:37092	IAO:0000115	
WARN	missing_definition	EMAPA:37093	IAO:0000115	
WARN	missing_definition	EMAPA:37094	IAO:0000115	
WARN	missing_definition	EMAPA:37095	IAO:0000115	
WARN	missing_definition	EMAPA:37096	IAO:0000115	
WARN	missing_definition	EMAPA:37097	IAO:0000115	
WARN	missing_definition	EMAPA:37098	IAO:0000115	
WARN	missing_definition	EMAPA:37099	IAO:0000115	
WARN	missing_definition	EMAPA:37100	IAO:0000115	
WARN	missing_definition	EMAPA:37101	IAO:0000115	
WARN	missing_definition	EMAPA:37102	IAO:0000115	
WARN	missing_definition	EMAPA:37103	IAO:0000115	
WARN	missing_definition	EMAPA:37104	IAO:0000115	
WARN	missing_definition	EMAPA:37105	IAO:0000115	
WARN	missing_definition	EMAPA:37106	IAO:0000115	
WARN	missing_definition	EMAPA:37107	IAO:0000115	
WARN	missing_definition	EMAPA:37108	IAO:0000115	
WARN	missing_definition	EMAPA:37109	IAO:0000115	
WARN	missing_definition	EMAPA:37110	IAO:0000115	
WARN	missing_definition	EMAPA:37111	IAO:0000115	
WARN	missing_definition	EMAPA:37112	IAO:0000115	
WARN	missing_definition	EMAPA:37113	IAO:0000115	
WARN	missing_definition	EMAPA:37114	IAO:0000115	
WARN	missing_definition	EMAPA:37115	IAO:0000115	
WARN	missing_definition	EMAPA:37116	IAO:0000115	
WARN	missing_definition	EMAPA:37117	IAO:0000115	
WARN	missing_definition	EMAPA:37118	IAO:0000115	
WARN	missing_definition	EMAPA:37119	IAO:0000115	
WARN	missing_definition	EMAPA:37120	IAO:0000115	
WARN	missing_definition	EMAPA:37121	IAO:0000115	
WARN	missing_definition	EMAPA:37122	IAO:0000115	
WARN	missing_definition	EMAPA:37124	IAO:0000115	
WARN	missing_definition	EMAPA:37125	IAO:0000115	
WARN	missing_definition	EMAPA:37126	IAO:0000115	
WARN	missing_definition	EMAPA:37127	IAO:0000115	
WARN	missing_definition	EMAPA:37128	IAO:0000115	
WARN	missing_definition	EMAPA:37129	IAO:0000115	
WARN	missing_definition	EMAPA:37130	IAO:0000115	
WARN	missing_definition	EMAPA:37131	IAO:0000115	
WARN	missing_definition	EMAPA:37132	IAO:0000115	
WARN	missing_definition	EMAPA:37133	IAO:0000115	
WARN	missing_definition	EMAPA:37134	IAO:0000115	
WARN	missing_definition	EMAPA:37135	IAO:0000115	
WARN	missing_definition	EMAPA:37136	IAO:0000115	
WARN	missing_definition	EMAPA:37137	IAO:0000115	
WARN	missing_definition	EMAPA:37138	IAO:0000115	
WARN	missing_definition	EMAPA:37139	IAO:0000115	
WARN	missing_definition	EMAPA:37140	IAO:0000115	
WARN	missing_definition	EMAPA:37141	IAO:0000115	
WARN	missing_definition	EMAPA:37142	IAO:0000115	
WARN	missing_definition	EMAPA:37143	IAO:0000115	
WARN	missing_definition	EMAPA:37144	IAO:0000115	
WARN	missing_definition	EMAPA:37145	IAO:0000115	
WARN	missing_definition	EMAPA:37146	IAO:0000115	
WARN	missing_definition	EMAPA:37147	IAO:0000115	
WARN	missing_definition	EMAPA:37148	IAO:0000115	
WARN	missing_definition	EMAPA:37149	IAO:0000115	
WARN	missing_definition	EMAPA:37150	IAO:0000115	
WARN	missing_definition	EMAPA:37151	IAO:0000115	
WARN	missing_definition	EMAPA:37152	IAO:0000115	
WARN	missing_definition	EMAPA:37153	IAO:0000115	
WARN	missing_definition	EMAPA:37154	IAO:0000115	
WARN	missing_definition	EMAPA:37155	IAO:0000115	
WARN	missing_definition	EMAPA:37156	IAO:0000115	
WARN	missing_definition	EMAPA:37157	IAO:0000115	
WARN	missing_definition	EMAPA:37158	IAO:0000115	
WARN	missing_definition	EMAPA:37159	IAO:0000115	
WARN	missing_definition	EMAPA:37160	IAO:0000115	
WARN	missing_definition	EMAPA:37161	IAO:0000115	
WARN	missing_definition	EMAPA:37162	IAO:0000115	
WARN	missing_definition	EMAPA:37163	IAO:0000115	
WARN	missing_definition	EMAPA:37164	IAO:0000115	
WARN	missing_definition	EMAPA:37165	IAO:0000115	
WARN	missing_definition	EMAPA:37166	IAO:0000115	
WARN	missing_definition	EMAPA:37167	IAO:0000115	
WARN	missing_definition	EMAPA:37168	IAO:0000115	
WARN	missing_definition	EMAPA:37169	IAO:0000115	
WARN	missing_definition	EMAPA:37170	IAO:0000115	
WARN	missing_definition	EMAPA:37171	IAO:0000115	
WARN	missing_definition	EMAPA:37172	IAO:0000115	
WARN	missing_definition	EMAPA:37173	IAO:0000115	
WARN	missing_definition	EMAPA:37174	IAO:0000115	
WARN	missing_definition	EMAPA:37175	IAO:0000115	
WARN	missing_definition	EMAPA:37176	IAO:0000115	
WARN	missing_definition	EMAPA:37177	IAO:0000115	
WARN	missing_definition	EMAPA:37178	IAO:0000115	
WARN	missing_definition	EMAPA:37179	IAO:0000115	
WARN	missing_definition	EMAPA:37180	IAO:0000115	
WARN	missing_definition	EMAPA:37181	IAO:0000115	
WARN	missing_definition	EMAPA:37182	IAO:0000115	
WARN	missing_definition	EMAPA:37183	IAO:0000115	
WARN	missing_definition	EMAPA:37184	IAO:0000115	
WARN	missing_definition	EMAPA:37185	IAO:0000115	
WARN	missing_definition	EMAPA:37186	IAO:0000115	
WARN	missing_definition	EMAPA:37187	IAO:0000115	
WARN	missing_definition	EMAPA:37188	IAO:0000115	
WARN	missing_definition	EMAPA:37189	IAO:0000115	
WARN	missing_definition	EMAPA:37190	IAO:0000115	
WARN	missing_definition	EMAPA:37191	IAO:0000115	
WARN	missing_definition	EMAPA:37192	IAO:0000115	
WARN	missing_definition	EMAPA:37193	IAO:0000115	
WARN	missing_definition	EMAPA:37194	IAO:0000115	
WARN	missing_definition	EMAPA:37195	IAO:0000115	
WARN	missing_definition	EMAPA:37196	IAO:0000115	
WARN	missing_definition	EMAPA:37197	IAO:0000115	
WARN	missing_definition	EMAPA:37198	IAO:0000115	
WARN	missing_definition	EMAPA:37199	IAO:0000115	
WARN	missing_definition	EMAPA:37200	IAO:0000115	
WARN	missing_definition	EMAPA:37201	IAO:0000115	
WARN	missing_definition	EMAPA:37202	IAO:0000115	
WARN	missing_definition	EMAPA:37203	IAO:0000115	
WARN	missing_definition	EMAPA:37204	IAO:0000115	
WARN	missing_definition	EMAPA:37205	IAO:0000115	
WARN	missing_definition	EMAPA:37206	IAO:0000115	
WARN	missing_definition	EMAPA:37207	IAO:0000115	
WARN	missing_definition	EMAPA:37208	IAO:0000115	
WARN	missing_definition	EMAPA:37209	IAO:0000115	
WARN	missing_definition	EMAPA:37210	IAO:0000115	
WARN	missing_definition	EMAPA:37211	IAO:0000115	
WARN	missing_definition	EMAPA:37212	IAO:0000115	
WARN	missing_definition	EMAPA:37213	IAO:0000115	
WARN	missing_definition	EMAPA:37214	IAO:0000115	
WARN	missing_definition	EMAPA:37215	IAO:0000115	
WARN	missing_definition	EMAPA:37216	IAO:0000115	
WARN	missing_definition	EMAPA:37217	IAO:0000115	
WARN	missing_definition	EMAPA:37218	IAO:0000115	
WARN	missing_definition	EMAPA:37219	IAO:0000115	
WARN	missing_definition	EMAPA:37220	IAO:0000115	
WARN	missing_definition	EMAPA:37221	IAO:0000115	
WARN	missing_definition	EMAPA:37222	IAO:0000115	
WARN	missing_definition	EMAPA:37223	IAO:0000115	
WARN	missing_definition	EMAPA:37224	IAO:0000115	
WARN	missing_definition	EMAPA:37225	IAO:0000115	
WARN	missing_definition	EMAPA:37226	IAO:0000115	
WARN	missing_definition	EMAPA:37227	IAO:0000115	
WARN	missing_definition	EMAPA:37228	IAO:0000115	
WARN	missing_definition	EMAPA:37229	IAO:0000115	
WARN	missing_definition	EMAPA:37230	IAO:0000115	
WARN	missing_definition	EMAPA:37231	IAO:0000115	
WARN	missing_definition	EMAPA:37232	IAO:0000115	
WARN	missing_definition	EMAPA:37233	IAO:0000115	
WARN	missing_definition	EMAPA:37234	IAO:0000115	
WARN	missing_definition	EMAPA:37235	IAO:0000115	
WARN	missing_definition	EMAPA:37236	IAO:0000115	
WARN	missing_definition	EMAPA:37237	IAO:0000115	
WARN	missing_definition	EMAPA:37238	IAO:0000115	
WARN	missing_definition	EMAPA:37239	IAO:0000115	
WARN	missing_definition	EMAPA:37240	IAO:0000115	
WARN	missing_definition	EMAPA:37241	IAO:0000115	
WARN	missing_definition	EMAPA:37242	IAO:0000115	
WARN	missing_definition	EMAPA:37243	IAO:0000115	
WARN	missing_definition	EMAPA:37244	IAO:0000115	
WARN	missing_definition	EMAPA:37245	IAO:0000115	
WARN	missing_definition	EMAPA:37246	IAO:0000115	
WARN	missing_definition	EMAPA:37247	IAO:0000115	
WARN	missing_definition	EMAPA:37248	IAO:0000115	
WARN	missing_definition	EMAPA:37249	IAO:0000115	
WARN	missing_definition	EMAPA:37250	IAO:0000115	
WARN	missing_definition	EMAPA:37251	IAO:0000115	
WARN	missing_definition	EMAPA:37252	IAO:0000115	
WARN	missing_definition	EMAPA:37253	IAO:0000115	
WARN	missing_definition	EMAPA:37254	IAO:0000115	
WARN	missing_definition	EMAPA:37255	IAO:0000115	
WARN	missing_definition	EMAPA:37256	IAO:0000115	
WARN	missing_definition	EMAPA:37257	IAO:0000115	
WARN	missing_definition	EMAPA:37258	IAO:0000115	
WARN	missing_definition	EMAPA:37259	IAO:0000115	
WARN	missing_definition	EMAPA:37260	IAO:0000115	
WARN	missing_definition	EMAPA:37261	IAO:0000115	
WARN	missing_definition	EMAPA:37262	IAO:0000115	
WARN	missing_definition	EMAPA:37263	IAO:0000115	
WARN	missing_definition	EMAPA:37264	IAO:0000115	
WARN	missing_definition	EMAPA:37265	IAO:0000115	
WARN	missing_definition	EMAPA:37266	IAO:0000115	
WARN	missing_definition	EMAPA:37267	IAO:0000115	
WARN	missing_definition	EMAPA:37268	IAO:0000115	
WARN	missing_definition	EMAPA:37269	IAO:0000115	
WARN	missing_definition	EMAPA:37270	IAO:0000115	
WARN	missing_definition	EMAPA:37271	IAO:0000115	
WARN	missing_definition	EMAPA:37272	IAO:0000115	
WARN	missing_definition	EMAPA:37273	IAO:0000115	
WARN	missing_definition	EMAPA:37274	IAO:0000115	
WARN	missing_definition	EMAPA:37275	IAO:0000115	
WARN	missing_definition	EMAPA:37276	IAO:0000115	
WARN	missing_definition	EMAPA:37277	IAO:0000115	
WARN	missing_definition	EMAPA:37278	IAO:0000115	
WARN	missing_definition	EMAPA:37279	IAO:0000115	
WARN	missing_definition	EMAPA:37280	IAO:0000115	
WARN	missing_definition	EMAPA:37281	IAO:0000115	
WARN	missing_definition	EMAPA:37282	IAO:0000115	
WARN	missing_definition	EMAPA:37283	IAO:0000115	
WARN	missing_definition	EMAPA:37284	IAO:0000115	
WARN	missing_definition	EMAPA:37285	IAO:0000115	
WARN	missing_definition	EMAPA:37286	IAO:0000115	
WARN	missing_definition	EMAPA:37287	IAO:0000115	
WARN	missing_definition	EMAPA:37288	IAO:0000115	
WARN	missing_definition	EMAPA:37289	IAO:0000115	
WARN	missing_definition	EMAPA:37290	IAO:0000115	
WARN	missing_definition	EMAPA:37291	IAO:0000115	
WARN	missing_definition	EMAPA:37292	IAO:0000115	
WARN	missing_definition	EMAPA:37293	IAO:0000115	
WARN	missing_definition	EMAPA:37294	IAO:0000115	
WARN	missing_definition	EMAPA:37295	IAO:0000115	
WARN	missing_definition	EMAPA:37296	IAO:0000115	
WARN	missing_definition	EMAPA:37297	IAO:0000115	
WARN	missing_definition	EMAPA:37298	IAO:0000115	
WARN	missing_definition	EMAPA:37299	IAO:0000115	
WARN	missing_definition	EMAPA:37300	IAO:0000115	
WARN	missing_definition	EMAPA:37301	IAO:0000115	
WARN	missing_definition	EMAPA:37302	IAO:0000115	
WARN	missing_definition	EMAPA:37303	IAO:0000115	
WARN	missing_definition	EMAPA:37304	IAO:0000115	
WARN	missing_definition	EMAPA:37305	IAO:0000115	
WARN	missing_definition	EMAPA:37306	IAO:0000115	
WARN	missing_definition	EMAPA:37307	IAO:0000115	
WARN	missing_definition	EMAPA:37308	IAO:0000115	
WARN	missing_definition	EMAPA:37309	IAO:0000115	
WARN	missing_definition	EMAPA:37310	IAO:0000115	
WARN	missing_definition	EMAPA:37311	IAO:0000115	
WARN	missing_definition	EMAPA:37312	IAO:0000115	
WARN	missing_definition	EMAPA:37313	IAO:0000115	
WARN	missing_definition	EMAPA:37314	IAO:0000115	
WARN	missing_definition	EMAPA:37315	IAO:0000115	
WARN	missing_definition	EMAPA:37316	IAO:0000115	
WARN	missing_definition	EMAPA:37317	IAO:0000115	
WARN	missing_definition	EMAPA:37318	IAO:0000115	
WARN	missing_definition	EMAPA:37319	IAO:0000115	
WARN	missing_definition	EMAPA:37320	IAO:0000115	
WARN	missing_definition	EMAPA:37321	IAO:0000115	
WARN	missing_definition	EMAPA:37322	IAO:0000115	
WARN	missing_definition	EMAPA:37323	IAO:0000115	
WARN	missing_definition	EMAPA:37324	IAO:0000115	
WARN	missing_definition	EMAPA:37325	IAO:0000115	
WARN	missing_definition	EMAPA:37326	IAO:0000115	
WARN	missing_definition	EMAPA:37327	IAO:0000115	
WARN	missing_definition	EMAPA:37328	IAO:0000115	
WARN	missing_definition	EMAPA:37329	IAO:0000115	
WARN	missing_definition	EMAPA:37330	IAO:0000115	
WARN	missing_definition	EMAPA:37331	IAO:0000115	
WARN	missing_definition	EMAPA:37332	IAO:0000115	
WARN	missing_definition	EMAPA:37333	IAO:0000115	
WARN	missing_definition	EMAPA:37334	IAO:0000115	
WARN	missing_definition	EMAPA:37335	IAO:0000115	
WARN	missing_definition	EMAPA:37336	IAO:0000115	
WARN	missing_definition	EMAPA:37337	IAO:0000115	
WARN	missing_definition	EMAPA:37338	IAO:0000115	
WARN	missing_definition	EMAPA:37339	IAO:0000115	
WARN	missing_definition	EMAPA:37340	IAO:0000115	
WARN	missing_definition	EMAPA:37341	IAO:0000115	
WARN	missing_definition	EMAPA:37342	IAO:0000115	
WARN	missing_definition	EMAPA:37343	IAO:0000115	
WARN	missing_definition	EMAPA:37344	IAO:0000115	
WARN	missing_definition	EMAPA:37345	IAO:0000115	
WARN	missing_definition	EMAPA:37346	IAO:0000115	
WARN	missing_definition	EMAPA:37347	IAO:0000115	
WARN	missing_definition	EMAPA:37348	IAO:0000115	
WARN	missing_definition	EMAPA:37349	IAO:0000115	
WARN	missing_definition	EMAPA:37350	IAO:0000115	
WARN	missing_definition	EMAPA:37351	IAO:0000115	
WARN	missing_definition	EMAPA:37352	IAO:0000115	
WARN	missing_definition	EMAPA:37353	IAO:0000115	
WARN	missing_definition	EMAPA:37354	IAO:0000115	
WARN	missing_definition	EMAPA:37355	IAO:0000115	
WARN	missing_definition	EMAPA:37356	IAO:0000115	
WARN	missing_definition	EMAPA:37357	IAO:0000115	
WARN	missing_definition	EMAPA:37358	IAO:0000115	
WARN	missing_definition	EMAPA:37359	IAO:0000115	
WARN	missing_definition	EMAPA:37360	IAO:0000115	
WARN	missing_definition	EMAPA:37361	IAO:0000115	
WARN	missing_definition	EMAPA:37362	IAO:0000115	
WARN	missing_definition	EMAPA:37363	IAO:0000115	
WARN	missing_definition	EMAPA:37364	IAO:0000115	
WARN	missing_definition	EMAPA:37365	IAO:0000115	
WARN	missing_definition	EMAPA:37366	IAO:0000115	
WARN	missing_definition	EMAPA:37367	IAO:0000115	
WARN	missing_definition	EMAPA:37368	IAO:0000115	
WARN	missing_definition	EMAPA:37369	IAO:0000115	
WARN	missing_definition	EMAPA:37370	IAO:0000115	
WARN	missing_definition	EMAPA:37371	IAO:0000115	
WARN	missing_definition	EMAPA:37372	IAO:0000115	
WARN	missing_definition	EMAPA:37373	IAO:0000115	
WARN	missing_definition	EMAPA:37374	IAO:0000115	
WARN	missing_definition	EMAPA:37375	IAO:0000115	
WARN	missing_definition	EMAPA:37376	IAO:0000115	
WARN	missing_definition	EMAPA:37377	IAO:0000115	
WARN	missing_definition	EMAPA:37378	IAO:0000115	
WARN	missing_definition	EMAPA:37379	IAO:0000115	
WARN	missing_definition	EMAPA:37380	IAO:0000115	
WARN	missing_definition	EMAPA:37381	IAO:0000115	
WARN	missing_definition	EMAPA:37382	IAO:0000115	
WARN	missing_definition	EMAPA:37383	IAO:0000115	
WARN	missing_definition	EMAPA:37384	IAO:0000115	
WARN	missing_definition	EMAPA:37385	IAO:0000115	
WARN	missing_definition	EMAPA:37386	IAO:0000115	
WARN	missing_definition	EMAPA:37387	IAO:0000115	
WARN	missing_definition	EMAPA:37388	IAO:0000115	
WARN	missing_definition	EMAPA:37389	IAO:0000115	
WARN	missing_definition	EMAPA:37390	IAO:0000115	
WARN	missing_definition	EMAPA:37391	IAO:0000115	
WARN	missing_definition	EMAPA:37392	IAO:0000115	
WARN	missing_definition	EMAPA:37393	IAO:0000115	
WARN	missing_definition	EMAPA:37394	IAO:0000115	
WARN	missing_definition	EMAPA:37395	IAO:0000115	
WARN	missing_definition	EMAPA:37396	IAO:0000115	
WARN	missing_definition	EMAPA:37397	IAO:0000115	
WARN	missing_definition	EMAPA:37398	IAO:0000115	
WARN	missing_definition	EMAPA:37399	IAO:0000115	
WARN	missing_definition	EMAPA:37400	IAO:0000115	
WARN	missing_definition	EMAPA:37401	IAO:0000115	
WARN	missing_definition	EMAPA:37402	IAO:0000115	
WARN	missing_definition	EMAPA:37403	IAO:0000115	
WARN	missing_definition	EMAPA:37404	IAO:0000115	
WARN	missing_definition	EMAPA:37405	IAO:0000115	
WARN	missing_definition	EMAPA:37406	IAO:0000115	
WARN	missing_definition	EMAPA:37407	IAO:0000115	
WARN	missing_definition	EMAPA:37408	IAO:0000115	
WARN	missing_definition	EMAPA:37409	IAO:0000115	
WARN	missing_definition	EMAPA:37410	IAO:0000115	
WARN	missing_definition	EMAPA:37411	IAO:0000115	
WARN	missing_definition	EMAPA:37412	IAO:0000115	
WARN	missing_definition	EMAPA:37413	IAO:0000115	
WARN	missing_definition	EMAPA:37414	IAO:0000115	
WARN	missing_definition	EMAPA:37415	IAO:0000115	
WARN	missing_definition	EMAPA:37416	IAO:0000115	
WARN	missing_definition	EMAPA:37417	IAO:0000115	
WARN	missing_definition	EMAPA:37418	IAO:0000115	
WARN	missing_definition	EMAPA:37419	IAO:0000115	
WARN	missing_definition	EMAPA:37420	IAO:0000115	
WARN	missing_definition	EMAPA:37421	IAO:0000115	
WARN	missing_definition	EMAPA:37422	IAO:0000115	
WARN	missing_definition	EMAPA:37423	IAO:0000115	
WARN	missing_definition	EMAPA:37424	IAO:0000115	
WARN	missing_definition	EMAPA:37425	IAO:0000115	
WARN	missing_definition	EMAPA:37426	IAO:0000115	
WARN	missing_definition	EMAPA:37427	IAO:0000115	
WARN	missing_definition	EMAPA:37428	IAO:0000115	
WARN	missing_definition	EMAPA:37429	IAO:0000115	
WARN	missing_definition	EMAPA:37430	IAO:0000115	
WARN	missing_definition	EMAPA:37431	IAO:0000115	
WARN	missing_definition	EMAPA:37432	IAO:0000115	
WARN	missing_definition	EMAPA:37433	IAO:0000115	
WARN	missing_definition	EMAPA:37434	IAO:0000115	
WARN	missing_definition	EMAPA:37435	IAO:0000115	
WARN	missing_definition	EMAPA:37436	IAO:0000115	
WARN	missing_definition	EMAPA:37437	IAO:0000115	
WARN	missing_definition	EMAPA:37438	IAO:0000115	
WARN	missing_definition	EMAPA:37439	IAO:0000115	
WARN	missing_definition	EMAPA:37440	IAO:0000115	
WARN	missing_definition	EMAPA:37441	IAO:0000115	
WARN	missing_definition	EMAPA:37442	IAO:0000115	
WARN	missing_definition	EMAPA:37443	IAO:0000115	
WARN	missing_definition	EMAPA:37444	IAO:0000115	
WARN	missing_definition	EMAPA:37445	IAO:0000115	
WARN	missing_definition	EMAPA:37446	IAO:0000115	
WARN	missing_definition	EMAPA:37447	IAO:0000115	
WARN	missing_definition	EMAPA:37448	IAO:0000115	
WARN	missing_definition	EMAPA:37449	IAO:0000115	
WARN	missing_definition	EMAPA:37450	IAO:0000115	
WARN	missing_definition	EMAPA:37451	IAO:0000115	
WARN	missing_definition	EMAPA:37452	IAO:0000115	
WARN	missing_definition	EMAPA:37453	IAO:0000115	
WARN	missing_definition	EMAPA:37454	IAO:0000115	
WARN	missing_definition	EMAPA:37455	IAO:0000115	
WARN	missing_definition	EMAPA:37456	IAO:0000115	
WARN	missing_definition	EMAPA:37457	IAO:0000115	
WARN	missing_definition	EMAPA:37458	IAO:0000115	
WARN	missing_definition	EMAPA:37459	IAO:0000115	
WARN	missing_definition	EMAPA:37460	IAO:0000115	
WARN	missing_definition	EMAPA:37461	IAO:0000115	
WARN	missing_definition	EMAPA:37462	IAO:0000115	
WARN	missing_definition	EMAPA:37463	IAO:0000115	
WARN	missing_definition	EMAPA:37464	IAO:0000115	
WARN	missing_definition	EMAPA:37465	IAO:0000115	
WARN	missing_definition	EMAPA:37466	IAO:0000115	
WARN	missing_definition	EMAPA:37467	IAO:0000115	
WARN	missing_definition	EMAPA:37468	IAO:0000115	
WARN	missing_definition	EMAPA:37469	IAO:0000115	
WARN	missing_definition	EMAPA:37470	IAO:0000115	
WARN	missing_definition	EMAPA:37471	IAO:0000115	
WARN	missing_definition	EMAPA:37472	IAO:0000115	
WARN	missing_definition	EMAPA:37473	IAO:0000115	
WARN	missing_definition	EMAPA:37474	IAO:0000115	
WARN	missing_definition	EMAPA:37475	IAO:0000115	
WARN	missing_definition	EMAPA:37476	IAO:0000115	
WARN	missing_definition	EMAPA:37477	IAO:0000115	
WARN	missing_definition	EMAPA:37478	IAO:0000115	
WARN	missing_definition	EMAPA:37479	IAO:0000115	
WARN	missing_definition	EMAPA:37480	IAO:0000115	
WARN	missing_definition	EMAPA:37481	IAO:0000115	
WARN	missing_definition	EMAPA:37482	IAO:0000115	
WARN	missing_definition	EMAPA:37483	IAO:0000115	
WARN	missing_definition	EMAPA:37484	IAO:0000115	
WARN	missing_definition	EMAPA:37485	IAO:0000115	
WARN	missing_definition	EMAPA:37486	IAO:0000115	
WARN	missing_definition	EMAPA:37487	IAO:0000115	
WARN	missing_definition	EMAPA:37488	IAO:0000115	
WARN	missing_definition	EMAPA:37489	IAO:0000115	
WARN	missing_definition	EMAPA:37490	IAO:0000115	
WARN	missing_definition	EMAPA:37491	IAO:0000115	
WARN	missing_definition	EMAPA:37492	IAO:0000115	
WARN	missing_definition	EMAPA:37493	IAO:0000115	
WARN	missing_definition	EMAPA:37494	IAO:0000115	
WARN	missing_definition	EMAPA:37495	IAO:0000115	
WARN	missing_definition	EMAPA:37496	IAO:0000115	
WARN	missing_definition	EMAPA:37497	IAO:0000115	
WARN	missing_definition	EMAPA:37498	IAO:0000115	
WARN	missing_definition	EMAPA:37499	IAO:0000115	
WARN	missing_definition	EMAPA:37500	IAO:0000115	
WARN	missing_definition	EMAPA:37501	IAO:0000115	
WARN	missing_definition	EMAPA:37502	IAO:0000115	
WARN	missing_definition	EMAPA:37503	IAO:0000115	
WARN	missing_definition	EMAPA:37504	IAO:0000115	
WARN	missing_definition	EMAPA:37505	IAO:0000115	
WARN	missing_definition	EMAPA:37506	IAO:0000115	
WARN	missing_definition	EMAPA:37507	IAO:0000115	
WARN	missing_definition	EMAPA:37508	IAO:0000115	
WARN	missing_definition	EMAPA:37509	IAO:0000115	
WARN	missing_definition	EMAPA:37510	IAO:0000115	
WARN	missing_definition	EMAPA:37511	IAO:0000115	
WARN	missing_definition	EMAPA:37512	IAO:0000115	
WARN	missing_definition	EMAPA:37513	IAO:0000115	
WARN	missing_definition	EMAPA:37514	IAO:0000115	
WARN	missing_definition	EMAPA:37515	IAO:0000115	
WARN	missing_definition	EMAPA:37516	IAO:0000115	
WARN	missing_definition	EMAPA:37517	IAO:0000115	
WARN	missing_definition	EMAPA:37518	IAO:0000115	
WARN	missing_definition	EMAPA:37519	IAO:0000115	
WARN	missing_definition	EMAPA:37520	IAO:0000115	
WARN	missing_definition	EMAPA:37521	IAO:0000115	
WARN	missing_definition	EMAPA:37522	IAO:0000115	
WARN	missing_definition	EMAPA:37523	IAO:0000115	
WARN	missing_definition	EMAPA:37524	IAO:0000115	
WARN	missing_definition	EMAPA:37525	IAO:0000115	
WARN	missing_definition	EMAPA:37526	IAO:0000115	
WARN	missing_definition	EMAPA:37527	IAO:0000115	
WARN	missing_definition	EMAPA:37528	IAO:0000115	
WARN	missing_definition	EMAPA:37529	IAO:0000115	
WARN	missing_definition	EMAPA:37530	IAO:0000115	
WARN	missing_definition	EMAPA:37531	IAO:0000115	
WARN	missing_definition	EMAPA:37532	IAO:0000115	
WARN	missing_definition	EMAPA:37533	IAO:0000115	
WARN	missing_definition	EMAPA:37534	IAO:0000115	
WARN	missing_definition	EMAPA:37535	IAO:0000115	
WARN	missing_definition	EMAPA:37536	IAO:0000115	
WARN	missing_definition	EMAPA:37537	IAO:0000115	
WARN	missing_definition	EMAPA:37538	IAO:0000115	
WARN	missing_definition	EMAPA:37539	IAO:0000115	
WARN	missing_definition	EMAPA:37540	IAO:0000115	
WARN	missing_definition	EMAPA:37541	IAO:0000115	
WARN	missing_definition	EMAPA:37542	IAO:0000115	
WARN	missing_definition	EMAPA:37543	IAO:0000115	
WARN	missing_definition	EMAPA:37544	IAO:0000115	
WARN	missing_definition	EMAPA:37545	IAO:0000115	
WARN	missing_definition	EMAPA:37546	IAO:0000115	
WARN	missing_definition	EMAPA:37547	IAO:0000115	
WARN	missing_definition	EMAPA:37548	IAO:0000115	
WARN	missing_definition	EMAPA:37549	IAO:0000115	
WARN	missing_definition	EMAPA:37550	IAO:0000115	
WARN	missing_definition	EMAPA:37551	IAO:0000115	
WARN	missing_definition	EMAPA:37552	IAO:0000115	
WARN	missing_definition	EMAPA:37553	IAO:0000115	
WARN	missing_definition	EMAPA:37554	IAO:0000115	
WARN	missing_definition	EMAPA:37555	IAO:0000115	
WARN	missing_definition	EMAPA:37556	IAO:0000115	
WARN	missing_definition	EMAPA:37557	IAO:0000115	
WARN	missing_definition	EMAPA:37558	IAO:0000115	
WARN	missing_definition	EMAPA:37559	IAO:0000115	
WARN	missing_definition	EMAPA:37560	IAO:0000115	
WARN	missing_definition	EMAPA:37561	IAO:0000115	
WARN	missing_definition	EMAPA:37562	IAO:0000115	
WARN	missing_definition	EMAPA:37563	IAO:0000115	
WARN	missing_definition	EMAPA:37564	IAO:0000115	
WARN	missing_definition	EMAPA:37565	IAO:0000115	
WARN	missing_definition	EMAPA:37566	IAO:0000115	
WARN	missing_definition	EMAPA:37567	IAO:0000115	
WARN	missing_definition	EMAPA:37568	IAO:0000115	
WARN	missing_definition	EMAPA:37569	IAO:0000115	
WARN	missing_definition	EMAPA:37570	IAO:0000115	
WARN	missing_definition	EMAPA:37571	IAO:0000115	
WARN	missing_definition	EMAPA:37572	IAO:0000115	
WARN	missing_definition	EMAPA:37573	IAO:0000115	
WARN	missing_definition	EMAPA:37574	IAO:0000115	
WARN	missing_definition	EMAPA:37575	IAO:0000115	
WARN	missing_definition	EMAPA:37576	IAO:0000115	
WARN	missing_definition	EMAPA:37577	IAO:0000115	
WARN	missing_definition	EMAPA:37578	IAO:0000115	
WARN	missing_definition	EMAPA:37580	IAO:0000115	
WARN	missing_definition	EMAPA:37581	IAO:0000115	
WARN	missing_definition	EMAPA:37582	IAO:0000115	
WARN	missing_definition	EMAPA:37583	IAO:0000115	
WARN	missing_definition	EMAPA:37584	IAO:0000115	
WARN	missing_definition	EMAPA:37585	IAO:0000115	
WARN	missing_definition	EMAPA:37586	IAO:0000115	
WARN	missing_definition	EMAPA:37587	IAO:0000115	
WARN	missing_definition	EMAPA:37588	IAO:0000115	
WARN	missing_definition	EMAPA:37589	IAO:0000115	
WARN	missing_definition	EMAPA:37590	IAO:0000115	
WARN	missing_definition	EMAPA:37591	IAO:0000115	
WARN	missing_definition	EMAPA:37592	IAO:0000115	
WARN	missing_definition	EMAPA:37593	IAO:0000115	
WARN	missing_definition	EMAPA:37594	IAO:0000115	
WARN	missing_definition	EMAPA:37595	IAO:0000115	
WARN	missing_definition	EMAPA:37596	IAO:0000115	
WARN	missing_definition	EMAPA:37597	IAO:0000115	
WARN	missing_definition	EMAPA:37598	IAO:0000115	
WARN	missing_definition	EMAPA:37599	IAO:0000115	
WARN	missing_definition	EMAPA:37600	IAO:0000115	
WARN	missing_definition	EMAPA:37601	IAO:0000115	
WARN	missing_definition	EMAPA:37602	IAO:0000115	
WARN	missing_definition	EMAPA:37603	IAO:0000115	
WARN	missing_definition	EMAPA:37604	IAO:0000115	
WARN	missing_definition	EMAPA:37605	IAO:0000115	
WARN	missing_definition	EMAPA:37606	IAO:0000115	
WARN	missing_definition	EMAPA:37607	IAO:0000115	
WARN	missing_definition	EMAPA:37608	IAO:0000115	
WARN	missing_definition	EMAPA:37609	IAO:0000115	
WARN	missing_definition	EMAPA:37610	IAO:0000115	
WARN	missing_definition	EMAPA:37611	IAO:0000115	
WARN	missing_definition	EMAPA:37612	IAO:0000115	
WARN	missing_definition	EMAPA:37613	IAO:0000115	
WARN	missing_definition	EMAPA:37614	IAO:0000115	
WARN	missing_definition	EMAPA:37615	IAO:0000115	
WARN	missing_definition	EMAPA:37616	IAO:0000115	
WARN	missing_definition	EMAPA:37617	IAO:0000115	
WARN	missing_definition	EMAPA:37618	IAO:0000115	
WARN	missing_definition	EMAPA:37619	IAO:0000115	
WARN	missing_definition	EMAPA:37620	IAO:0000115	
WARN	missing_definition	EMAPA:37621	IAO:0000115	
WARN	missing_definition	EMAPA:37622	IAO:0000115	
WARN	missing_definition	EMAPA:37623	IAO:0000115	
WARN	missing_definition	EMAPA:37624	IAO:0000115	
WARN	missing_definition	EMAPA:37625	IAO:0000115	
WARN	missing_definition	EMAPA:37626	IAO:0000115	
WARN	missing_definition	EMAPA:37627	IAO:0000115	
WARN	missing_definition	EMAPA:37628	IAO:0000115	
WARN	missing_definition	EMAPA:37629	IAO:0000115	
WARN	missing_definition	EMAPA:37630	IAO:0000115	
WARN	missing_definition	EMAPA:37631	IAO:0000115	
WARN	missing_definition	EMAPA:37632	IAO:0000115	
WARN	missing_definition	EMAPA:37633	IAO:0000115	
WARN	missing_definition	EMAPA:37634	IAO:0000115	
WARN	missing_definition	EMAPA:37635	IAO:0000115	
WARN	missing_definition	EMAPA:37636	IAO:0000115	
WARN	missing_definition	EMAPA:37637	IAO:0000115	
WARN	missing_definition	EMAPA:37638	IAO:0000115	
WARN	missing_definition	EMAPA:37639	IAO:0000115	
WARN	missing_definition	EMAPA:37640	IAO:0000115	
WARN	missing_definition	EMAPA:37641	IAO:0000115	
WARN	missing_definition	EMAPA:37642	IAO:0000115	
WARN	missing_definition	EMAPA:37643	IAO:0000115	
WARN	missing_definition	EMAPA:37644	IAO:0000115	
WARN	missing_definition	EMAPA:37645	IAO:0000115	
WARN	missing_definition	EMAPA:37646	IAO:0000115	
WARN	missing_definition	EMAPA:37647	IAO:0000115	
WARN	missing_definition	EMAPA:37648	IAO:0000115	
WARN	missing_definition	EMAPA:37649	IAO:0000115	
WARN	missing_definition	EMAPA:37650	IAO:0000115	
WARN	missing_definition	EMAPA:37651	IAO:0000115	
WARN	missing_definition	EMAPA:37652	IAO:0000115	
WARN	missing_definition	EMAPA:37653	IAO:0000115	
WARN	missing_definition	EMAPA:37654	IAO:0000115	
WARN	missing_definition	EMAPA:37655	IAO:0000115	
WARN	missing_definition	EMAPA:37656	IAO:0000115	
WARN	missing_definition	EMAPA:37657	IAO:0000115	
WARN	missing_definition	EMAPA:37658	IAO:0000115	
WARN	missing_definition	EMAPA:37659	IAO:0000115	
WARN	missing_definition	EMAPA:37660	IAO:0000115	
WARN	missing_definition	EMAPA:37661	IAO:0000115	
WARN	missing_definition	EMAPA:37662	IAO:0000115	
WARN	missing_definition	EMAPA:37663	IAO:0000115	
WARN	missing_definition	EMAPA:37664	IAO:0000115	
WARN	missing_definition	EMAPA:37665	IAO:0000115	
WARN	missing_definition	EMAPA:37666	IAO:0000115	
WARN	missing_definition	EMAPA:37667	IAO:0000115	
WARN	missing_definition	EMAPA:37668	IAO:0000115	
WARN	missing_definition	EMAPA:37669	IAO:0000115	
WARN	missing_definition	EMAPA:37670	IAO:0000115	
WARN	missing_definition	EMAPA:37671	IAO:0000115	
WARN	missing_definition	EMAPA:37672	IAO:0000115	
WARN	missing_definition	EMAPA:37673	IAO:0000115	
WARN	missing_definition	EMAPA:37674	IAO:0000115	
WARN	missing_definition	EMAPA:37675	IAO:0000115	
WARN	missing_definition	EMAPA:37676	IAO:0000115	
WARN	missing_definition	EMAPA:37677	IAO:0000115	
WARN	missing_definition	EMAPA:37678	IAO:0000115	
WARN	missing_definition	EMAPA:37679	IAO:0000115	
WARN	missing_definition	EMAPA:37680	IAO:0000115	
WARN	missing_definition	EMAPA:37681	IAO:0000115	
WARN	missing_definition	EMAPA:37682	IAO:0000115	
WARN	missing_definition	EMAPA:37683	IAO:0000115	
WARN	missing_definition	EMAPA:37684	IAO:0000115	
WARN	missing_definition	EMAPA:37685	IAO:0000115	
WARN	missing_definition	EMAPA:37686	IAO:0000115	
WARN	missing_definition	EMAPA:37687	IAO:0000115	
WARN	missing_definition	EMAPA:37688	IAO:0000115	
WARN	missing_definition	EMAPA:37689	IAO:0000115	
WARN	missing_definition	EMAPA:37690	IAO:0000115	
WARN	missing_definition	EMAPA:37691	IAO:0000115	
WARN	missing_definition	EMAPA:37692	IAO:0000115	
WARN	missing_definition	EMAPA:37693	IAO:0000115	
WARN	missing_definition	EMAPA:37694	IAO:0000115	
WARN	missing_definition	EMAPA:37695	IAO:0000115	
WARN	missing_definition	EMAPA:37696	IAO:0000115	
WARN	missing_definition	EMAPA:37697	IAO:0000115	
WARN	missing_definition	EMAPA:37698	IAO:0000115	
WARN	missing_definition	EMAPA:37699	IAO:0000115	
WARN	missing_definition	EMAPA:37700	IAO:0000115	
WARN	missing_definition	EMAPA:37701	IAO:0000115	
WARN	missing_definition	EMAPA:37702	IAO:0000115	
WARN	missing_definition	EMAPA:37703	IAO:0000115	
WARN	missing_definition	EMAPA:37704	IAO:0000115	
WARN	missing_definition	EMAPA:37705	IAO:0000115	
WARN	missing_definition	EMAPA:37706	IAO:0000115	
WARN	missing_definition	EMAPA:37707	IAO:0000115	
WARN	missing_definition	EMAPA:37708	IAO:0000115	
WARN	missing_definition	EMAPA:37709	IAO:0000115	
WARN	missing_definition	EMAPA:37710	IAO:0000115	
WARN	missing_definition	EMAPA:37711	IAO:0000115	
WARN	missing_definition	EMAPA:37712	IAO:0000115	
WARN	missing_definition	EMAPA:37713	IAO:0000115	
WARN	missing_definition	EMAPA:37714	IAO:0000115	
WARN	missing_definition	EMAPA:37715	IAO:0000115	
WARN	missing_definition	EMAPA:37716	IAO:0000115	
WARN	missing_definition	EMAPA:37717	IAO:0000115	
WARN	missing_definition	EMAPA:37718	IAO:0000115	
WARN	missing_definition	EMAPA:37719	IAO:0000115	
WARN	missing_definition	EMAPA:37720	IAO:0000115	
WARN	missing_definition	EMAPA:37721	IAO:0000115	
WARN	missing_definition	EMAPA:37722	IAO:0000115	
WARN	missing_definition	EMAPA:37723	IAO:0000115	
WARN	missing_definition	EMAPA:37724	IAO:0000115	
WARN	missing_definition	EMAPA:37725	IAO:0000115	
WARN	missing_definition	EMAPA:37726	IAO:0000115	
WARN	missing_definition	EMAPA:37727	IAO:0000115	
WARN	missing_definition	EMAPA:37728	IAO:0000115	
WARN	missing_definition	EMAPA:37729	IAO:0000115	
WARN	missing_definition	EMAPA:37730	IAO:0000115	
WARN	missing_definition	EMAPA:37731	IAO:0000115	
WARN	missing_definition	EMAPA:37732	IAO:0000115	
WARN	missing_definition	EMAPA:37733	IAO:0000115	
WARN	missing_definition	EMAPA:37734	IAO:0000115	
WARN	missing_definition	EMAPA:37735	IAO:0000115	
WARN	missing_definition	EMAPA:37736	IAO:0000115	
WARN	missing_definition	EMAPA:37737	IAO:0000115	
WARN	missing_definition	EMAPA:37738	IAO:0000115	
WARN	missing_definition	EMAPA:37739	IAO:0000115	
WARN	missing_definition	EMAPA:37740	IAO:0000115	
WARN	missing_definition	EMAPA:37741	IAO:0000115	
WARN	missing_definition	EMAPA:37742	IAO:0000115	
WARN	missing_definition	EMAPA:37743	IAO:0000115	
WARN	missing_definition	EMAPA:37744	IAO:0000115	
WARN	missing_definition	EMAPA:37745	IAO:0000115	
WARN	missing_definition	EMAPA:37746	IAO:0000115	
WARN	missing_definition	EMAPA:37747	IAO:0000115	
WARN	missing_definition	EMAPA:37748	IAO:0000115	
WARN	missing_definition	EMAPA:37749	IAO:0000115	
WARN	missing_definition	EMAPA:37750	IAO:0000115	
WARN	missing_definition	EMAPA:37751	IAO:0000115	
WARN	missing_definition	EMAPA:37752	IAO:0000115	
WARN	missing_definition	EMAPA:37753	IAO:0000115	
WARN	missing_definition	EMAPA:37754	IAO:0000115	
WARN	missing_definition	EMAPA:37755	IAO:0000115	
WARN	missing_definition	EMAPA:37756	IAO:0000115	
WARN	missing_definition	EMAPA:37757	IAO:0000115	
WARN	missing_definition	EMAPA:37758	IAO:0000115	
WARN	missing_definition	EMAPA:37759	IAO:0000115	
WARN	missing_definition	EMAPA:37760	IAO:0000115	
WARN	missing_definition	EMAPA:37761	IAO:0000115	
WARN	missing_definition	EMAPA:37762	IAO:0000115	
WARN	missing_definition	EMAPA:37763	IAO:0000115	
WARN	missing_definition	EMAPA:37764	IAO:0000115	
WARN	missing_definition	EMAPA:37765	IAO:0000115	
WARN	missing_definition	EMAPA:37766	IAO:0000115	
WARN	missing_definition	EMAPA:37767	IAO:0000115	
WARN	missing_definition	EMAPA:37768	IAO:0000115	
WARN	missing_definition	EMAPA:37769	IAO:0000115	
WARN	missing_definition	EMAPA:37770	IAO:0000115	
WARN	missing_definition	EMAPA:37771	IAO:0000115	
WARN	missing_definition	EMAPA:37772	IAO:0000115	
WARN	missing_definition	EMAPA:37773	IAO:0000115	
WARN	missing_definition	EMAPA:37774	IAO:0000115	
WARN	missing_definition	EMAPA:37775	IAO:0000115	
WARN	missing_definition	EMAPA:37776	IAO:0000115	
WARN	missing_definition	EMAPA:37777	IAO:0000115	
WARN	missing_definition	EMAPA:37778	IAO:0000115	
WARN	missing_definition	EMAPA:37779	IAO:0000115	
WARN	missing_definition	EMAPA:37780	IAO:0000115	
WARN	missing_definition	EMAPA:37781	IAO:0000115	
WARN	missing_definition	EMAPA:37782	IAO:0000115	
WARN	missing_definition	EMAPA:37783	IAO:0000115	
WARN	missing_definition	EMAPA:37784	IAO:0000115	
WARN	missing_definition	EMAPA:37785	IAO:0000115	
WARN	missing_definition	EMAPA:37786	IAO:0000115	
WARN	missing_definition	EMAPA:37787	IAO:0000115	
WARN	missing_definition	EMAPA:37788	IAO:0000115	
WARN	missing_definition	EMAPA:37789	IAO:0000115	
WARN	missing_definition	EMAPA:37790	IAO:0000115	
WARN	missing_definition	EMAPA:37791	IAO:0000115	
WARN	missing_definition	EMAPA:37792	IAO:0000115	
WARN	missing_definition	EMAPA:37793	IAO:0000115	
WARN	missing_definition	EMAPA:37794	IAO:0000115	
WARN	missing_definition	EMAPA:37795	IAO:0000115	
WARN	missing_definition	EMAPA:37796	IAO:0000115	
WARN	missing_definition	EMAPA:37797	IAO:0000115	
WARN	missing_definition	EMAPA:37798	IAO:0000115	
WARN	missing_definition	EMAPA:37799	IAO:0000115	
WARN	missing_definition	EMAPA:37800	IAO:0000115	
WARN	missing_definition	EMAPA:37801	IAO:0000115	
WARN	missing_definition	EMAPA:37802	IAO:0000115	
WARN	missing_definition	EMAPA:37803	IAO:0000115	
WARN	missing_definition	EMAPA:37804	IAO:0000115	
WARN	missing_definition	EMAPA:37805	IAO:0000115	
WARN	missing_definition	EMAPA:37806	IAO:0000115	
WARN	missing_definition	EMAPA:37807	IAO:0000115	
WARN	missing_definition	EMAPA:37808	IAO:0000115	
WARN	missing_definition	EMAPA:37809	IAO:0000115	
WARN	missing_definition	EMAPA:37810	IAO:0000115	
WARN	missing_definition	EMAPA:37811	IAO:0000115	
WARN	missing_definition	EMAPA:37812	IAO:0000115	
WARN	missing_definition	EMAPA:37813	IAO:0000115	
WARN	missing_definition	EMAPA:37814	IAO:0000115	
WARN	missing_definition	EMAPA:37815	IAO:0000115	
WARN	missing_definition	EMAPA:37816	IAO:0000115	
WARN	missing_definition	EMAPA:37817	IAO:0000115	
WARN	missing_definition	EMAPA:37818	IAO:0000115	
WARN	missing_definition	EMAPA:37819	IAO:0000115	
WARN	missing_definition	EMAPA:37820	IAO:0000115	
WARN	missing_definition	EMAPA:37821	IAO:0000115	
WARN	missing_definition	EMAPA:37822	IAO:0000115	
WARN	missing_definition	EMAPA:37823	IAO:0000115	
WARN	missing_definition	EMAPA:37824	IAO:0000115	
WARN	missing_definition	EMAPA:37825	IAO:0000115	
WARN	missing_definition	EMAPA:37826	IAO:0000115	
WARN	missing_definition	EMAPA:37827	IAO:0000115	
WARN	missing_definition	EMAPA:37828	IAO:0000115	
WARN	missing_definition	EMAPA:37829	IAO:0000115	
WARN	missing_definition	EMAPA:37830	IAO:0000115	
WARN	missing_definition	EMAPA:37831	IAO:0000115	
WARN	missing_definition	EMAPA:37832	IAO:0000115	
WARN	missing_definition	EMAPA:37833	IAO:0000115	
WARN	missing_definition	EMAPA:37834	IAO:0000115	
WARN	missing_definition	EMAPA:37835	IAO:0000115	
WARN	missing_definition	EMAPA:37836	IAO:0000115	
WARN	missing_definition	EMAPA:37837	IAO:0000115	
WARN	missing_definition	EMAPA:37838	IAO:0000115	
WARN	missing_definition	EMAPA:37839	IAO:0000115	
WARN	missing_definition	EMAPA:37840	IAO:0000115	
WARN	missing_definition	EMAPA:37841	IAO:0000115	
WARN	missing_definition	EMAPA:37842	IAO:0000115	
WARN	missing_definition	EMAPA:37843	IAO:0000115	
WARN	missing_definition	EMAPA:37844	IAO:0000115	
WARN	missing_definition	EMAPA:37845	IAO:0000115	
WARN	missing_definition	EMAPA:37846	IAO:0000115	
WARN	missing_definition	EMAPA:37847	IAO:0000115	
WARN	missing_definition	EMAPA:37848	IAO:0000115	
WARN	missing_definition	EMAPA:37849	IAO:0000115	
WARN	missing_definition	EMAPA:37850	IAO:0000115	
WARN	missing_definition	EMAPA:37851	IAO:0000115	
WARN	missing_definition	EMAPA:37852	IAO:0000115	
WARN	missing_definition	EMAPA:37853	IAO:0000115	
WARN	missing_definition	EMAPA:37854	IAO:0000115	
WARN	missing_definition	EMAPA:37855	IAO:0000115	
WARN	missing_definition	EMAPA:37856	IAO:0000115	
WARN	missing_definition	EMAPA:37857	IAO:0000115	
WARN	missing_definition	EMAPA:37858	IAO:0000115	
WARN	missing_definition	EMAPA:37859	IAO:0000115	
WARN	missing_definition	EMAPA:37860	IAO:0000115	
WARN	missing_definition	EMAPA:37861	IAO:0000115	
WARN	missing_definition	EMAPA:37862	IAO:0000115	
WARN	missing_definition	EMAPA:37863	IAO:0000115	
WARN	missing_definition	EMAPA:37864	IAO:0000115	
WARN	missing_definition	EMAPA:37865	IAO:0000115	
WARN	missing_definition	EMAPA:37866	IAO:0000115	
WARN	missing_definition	EMAPA:37867	IAO:0000115	
WARN	missing_definition	EMAPA:37868	IAO:0000115	
WARN	missing_definition	EMAPA:37869	IAO:0000115	
WARN	missing_definition	EMAPA:37870	IAO:0000115	
WARN	missing_definition	EMAPA:37871	IAO:0000115	
WARN	missing_definition	EMAPA:37872	IAO:0000115	
WARN	missing_definition	EMAPA:37873	IAO:0000115	
WARN	missing_definition	EMAPA:37874	IAO:0000115	
WARN	missing_definition	EMAPA:37875	IAO:0000115	
WARN	missing_definition	EMAPA:37876	IAO:0000115	
WARN	missing_definition	EMAPA:37877	IAO:0000115	
WARN	missing_definition	EMAPA:37878	IAO:0000115	
WARN	missing_definition	EMAPA:37879	IAO:0000115	
WARN	missing_definition	EMAPA:37880	IAO:0000115	
WARN	missing_definition	EMAPA:37881	IAO:0000115	
WARN	missing_definition	EMAPA:37882	IAO:0000115	
WARN	missing_definition	EMAPA:37883	IAO:0000115	
WARN	missing_definition	EMAPA:37884	IAO:0000115	
WARN	missing_definition	EMAPA:37885	IAO:0000115	
WARN	missing_definition	EMAPA:37886	IAO:0000115	
WARN	missing_definition	EMAPA:37887	IAO:0000115	
WARN	missing_definition	EMAPA:37888	IAO:0000115	
WARN	missing_definition	EMAPA:37889	IAO:0000115	
WARN	missing_definition	EMAPA:37890	IAO:0000115	
WARN	missing_definition	EMAPA:37891	IAO:0000115	
WARN	missing_definition	EMAPA:37892	IAO:0000115	
WARN	missing_definition	EMAPA:37893	IAO:0000115	
WARN	missing_definition	EMAPA:37894	IAO:0000115	
WARN	missing_definition	EMAPA:37895	IAO:0000115	
WARN	missing_definition	EMAPA:37896	IAO:0000115	
WARN	missing_definition	EMAPA:37897	IAO:0000115	
WARN	missing_definition	EMAPA:37898	IAO:0000115	
WARN	missing_definition	EMAPA:37899	IAO:0000115	
WARN	missing_definition	EMAPA:37900	IAO:0000115	
WARN	missing_definition	EMAPA:37901	IAO:0000115	
WARN	missing_definition	EMAPA:37902	IAO:0000115	
WARN	missing_definition	EMAPA:37903	IAO:0000115	
WARN	missing_definition	EMAPA:37904	IAO:0000115	
WARN	missing_definition	EMAPA:37905	IAO:0000115	
WARN	missing_definition	EMAPA:37906	IAO:0000115	
WARN	missing_definition	EMAPA:37907	IAO:0000115	
WARN	missing_definition	EMAPA:37908	IAO:0000115	
WARN	missing_definition	EMAPA:37909	IAO:0000115	
WARN	missing_definition	EMAPA:37910	IAO:0000115	
WARN	missing_definition	EMAPA:37911	IAO:0000115	
WARN	missing_definition	EMAPA:37912	IAO:0000115	
WARN	missing_definition	EMAPA:37913	IAO:0000115	
WARN	missing_definition	EMAPA:37914	IAO:0000115	
WARN	missing_definition	EMAPA:37915	IAO:0000115	
WARN	missing_definition	EMAPA:37916	IAO:0000115	
WARN	missing_definition	EMAPA:37917	IAO:0000115	
WARN	missing_definition	EMAPA:37918	IAO:0000115	
WARN	missing_definition	EMAPA:37919	IAO:0000115	
WARN	missing_definition	EMAPA:37920	IAO:0000115	
WARN	missing_definition	EMAPA:37921	IAO:0000115	
WARN	missing_definition	EMAPA:37922	IAO:0000115	
WARN	missing_definition	EMAPA:37923	IAO:0000115	
WARN	missing_definition	EMAPA:37924	IAO:0000115	
WARN	missing_definition	EMAPA:37925	IAO:0000115	
WARN	missing_definition	EMAPA:37926	IAO:0000115	
WARN	missing_definition	EMAPA:37927	IAO:0000115	
WARN	missing_definition	EMAPA:37928	IAO:0000115	
WARN	missing_definition	EMAPA:37929	IAO:0000115	
WARN	missing_definition	EMAPA:37930	IAO:0000115	
WARN	missing_definition	EMAPA:37931	IAO:0000115	
WARN	missing_definition	EMAPA:37932	IAO:0000115	
WARN	missing_definition	EMAPA:37933	IAO:0000115	
WARN	missing_definition	EMAPA:37934	IAO:0000115	
WARN	missing_definition	EMAPA:37935	IAO:0000115	
WARN	missing_definition	EMAPA:37936	IAO:0000115	
WARN	missing_definition	EMAPA:37937	IAO:0000115	
WARN	missing_definition	EMAPA:37938	IAO:0000115	
WARN	missing_definition	EMAPA:37939	IAO:0000115	
WARN	missing_definition	EMAPA:37940	IAO:0000115	
WARN	missing_definition	EMAPA:37941	IAO:0000115	
WARN	missing_definition	EMAPA:37942	IAO:0000115	
WARN	missing_definition	EMAPA:37943	IAO:0000115	
WARN	missing_definition	EMAPA:37944	IAO:0000115	
WARN	missing_definition	EMAPA:37945	IAO:0000115	
WARN	missing_definition	EMAPA:37946	IAO:0000115	
WARN	missing_definition	EMAPA:37947	IAO:0000115	
WARN	missing_definition	EMAPA:37948	IAO:0000115	
WARN	missing_definition	EMAPA:37949	IAO:0000115	
WARN	missing_definition	EMAPA:37950	IAO:0000115	
WARN	missing_definition	EMAPA:37951	IAO:0000115	
WARN	missing_definition	EMAPA:37952	IAO:0000115	
WARN	missing_definition	EMAPA:37953	IAO:0000115	
WARN	missing_definition	EMAPA:37954	IAO:0000115	
WARN	missing_definition	EMAPA:37955	IAO:0000115	
WARN	missing_definition	EMAPA:37956	IAO:0000115	
WARN	missing_definition	EMAPA:37957	IAO:0000115	
WARN	missing_definition	EMAPA:37958	IAO:0000115	
WARN	missing_definition	EMAPA:37959	IAO:0000115	
WARN	missing_definition	EMAPA:37960	IAO:0000115	
WARN	missing_definition	EMAPA:37961	IAO:0000115	
WARN	missing_definition	EMAPA:37962	IAO:0000115	
WARN	missing_definition	EMAPA:37963	IAO:0000115	
WARN	missing_definition	EMAPA:37964	IAO:0000115	
WARN	missing_definition	EMAPA:37965	IAO:0000115	
WARN	missing_definition	EMAPA:37966	IAO:0000115	
WARN	missing_definition	EMAPA:37967	IAO:0000115	
WARN	missing_definition	EMAPA:37968	IAO:0000115	
WARN	missing_definition	EMAPA:37969	IAO:0000115	
WARN	missing_definition	EMAPA:37970	IAO:0000115	
WARN	missing_definition	EMAPA:37971	IAO:0000115	
WARN	missing_definition	EMAPA:37972	IAO:0000115	
WARN	missing_definition	EMAPA:37973	IAO:0000115	
WARN	missing_definition	EMAPA:37974	IAO:0000115	
WARN	missing_definition	EMAPA:37975	IAO:0000115	
WARN	missing_definition	EMAPA:37976	IAO:0000115	
WARN	missing_definition	EMAPA:37977	IAO:0000115	
WARN	missing_definition	EMAPA:37978	IAO:0000115	
WARN	missing_definition	EMAPA:37979	IAO:0000115	
WARN	missing_definition	EMAPA:37980	IAO:0000115	
WARN	missing_definition	EMAPA:37981	IAO:0000115	
WARN	missing_definition	EMAPA:37982	IAO:0000115	
WARN	missing_definition	EMAPA:37983	IAO:0000115	
WARN	missing_definition	EMAPA:37984	IAO:0000115	
WARN	missing_definition	EMAPA:37985	IAO:0000115	
WARN	missing_definition	EMAPA:37986	IAO:0000115	
WARN	missing_definition	EMAPA:37987	IAO:0000115	
WARN	missing_definition	EMAPA:37988	IAO:0000115	
WARN	missing_definition	EMAPA:37989	IAO:0000115	
WARN	missing_definition	EMAPA:37990	IAO:0000115	
WARN	missing_definition	EMAPA:37991	IAO:0000115	
WARN	missing_definition	EMAPA:37992	IAO:0000115	
WARN	missing_definition	EMAPA:37993	IAO:0000115	
WARN	missing_definition	EMAPA:37994	IAO:0000115	
WARN	missing_definition	EMAPA:37995	IAO:0000115	
WARN	missing_definition	EMAPA:37996	IAO:0000115	
WARN	missing_definition	EMAPA:37997	IAO:0000115	
WARN	missing_definition	EMAPA:37998	IAO:0000115	
WARN	missing_definition	EMAPA:37999	IAO:0000115	
WARN	missing_definition	EMAPA:38000	IAO:0000115	
WARN	missing_definition	EMAPA:38001	IAO:0000115	
WARN	missing_definition	EMAPA:38002	IAO:0000115	
WARN	missing_definition	EMAPA:38003	IAO:0000115	
WARN	missing_definition	EMAPA:38004	IAO:0000115	
WARN	missing_definition	EMAPA:38005	IAO:0000115	
WARN	missing_definition	EMAPA:38006	IAO:0000115	
WARN	missing_definition	EMAPA:38007	IAO:0000115	
WARN	missing_definition	EMAPA:38008	IAO:0000115	
WARN	missing_definition	EMAPA:38009	IAO:0000115	
WARN	missing_definition	EMAPA:38010	IAO:0000115	
WARN	missing_definition	EMAPA:38011	IAO:0000115	
WARN	missing_definition	EMAPA:38012	IAO:0000115	
WARN	missing_definition	EMAPA:38013	IAO:0000115	
WARN	missing_definition	EMAPA:38014	IAO:0000115	
WARN	missing_definition	EMAPA:38015	IAO:0000115	
WARN	missing_definition	EMAPA:38016	IAO:0000115	
WARN	missing_definition	EMAPA:38017	IAO:0000115	
WARN	missing_definition	EMAPA:38018	IAO:0000115	
WARN	missing_definition	EMAPA:38019	IAO:0000115	
WARN	missing_definition	EMAPA:38020	IAO:0000115	
WARN	missing_definition	EMAPA:38021	IAO:0000115	
WARN	missing_definition	EMAPA:38022	IAO:0000115	
WARN	missing_definition	EMAPA:38023	IAO:0000115	
WARN	missing_definition	EMAPA:38024	IAO:0000115	
WARN	missing_definition	EMAPA:38025	IAO:0000115	
WARN	missing_definition	EMAPA:38026	IAO:0000115	
WARN	missing_definition	EMAPA:38027	IAO:0000115	
WARN	missing_definition	EMAPA:38028	IAO:0000115	
WARN	missing_definition	EMAPA:38029	IAO:0000115	
WARN	missing_definition	EMAPA:38030	IAO:0000115	
WARN	missing_definition	EMAPA:38031	IAO:0000115	
WARN	missing_definition	EMAPA:38032	IAO:0000115	
WARN	missing_definition	EMAPA:38033	IAO:0000115	
WARN	missing_definition	EMAPA:38035	IAO:0000115	
WARN	missing_definition	EMAPA:38036	IAO:0000115	
WARN	missing_definition	EMAPA:38037	IAO:0000115	
WARN	missing_definition	EMAPA:38038	IAO:0000115	
WARN	missing_definition	EMAPA:38039	IAO:0000115	
WARN	missing_definition	EMAPA:38040	IAO:0000115	
WARN	missing_definition	EMAPA:38041	IAO:0000115	
WARN	missing_definition	EMAPA:38042	IAO:0000115	
WARN	missing_definition	EMAPA:38043	IAO:0000115	
WARN	missing_definition	EMAPA:38044	IAO:0000115	
WARN	missing_definition	EMAPA:38045	IAO:0000115	
WARN	missing_definition	EMAPA:38046	IAO:0000115	
WARN	missing_definition	EMAPA:38047	IAO:0000115	
WARN	missing_definition	EMAPA:38048	IAO:0000115	
WARN	missing_definition	EMAPA:38049	IAO:0000115	
WARN	missing_definition	EMAPA:38050	IAO:0000115	
WARN	missing_definition	EMAPA:38051	IAO:0000115	
WARN	missing_definition	EMAPA:38052	IAO:0000115	
WARN	missing_definition	EMAPA:38053	IAO:0000115	
WARN	missing_definition	EMAPA:38054	IAO:0000115	
WARN	missing_definition	EMAPA:38055	IAO:0000115	
WARN	missing_definition	EMAPA:38056	IAO:0000115	
WARN	missing_definition	EMAPA:38057	IAO:0000115	
WARN	missing_definition	EMAPA:38058	IAO:0000115	
WARN	missing_definition	EMAPA:38059	IAO:0000115	
WARN	missing_definition	EMAPA:38060	IAO:0000115	
WARN	missing_definition	EMAPA:38061	IAO:0000115	
WARN	missing_definition	EMAPA:38062	IAO:0000115	
WARN	missing_definition	EMAPA:38063	IAO:0000115	
WARN	missing_definition	EMAPA:38064	IAO:0000115	
WARN	missing_definition	EMAPA:38065	IAO:0000115	
WARN	missing_definition	EMAPA:38066	IAO:0000115	
WARN	missing_definition	EMAPA:38067	IAO:0000115	
WARN	missing_definition	EMAPA:38068	IAO:0000115	
WARN	missing_definition	EMAPA:38069	IAO:0000115	
WARN	missing_definition	EMAPA:38070	IAO:0000115	
WARN	missing_definition	EMAPA:38071	IAO:0000115	
WARN	missing_definition	EMAPA:38072	IAO:0000115	
WARN	missing_definition	EMAPA:38073	IAO:0000115	
WARN	missing_definition	EMAPA:38074	IAO:0000115	
WARN	missing_definition	EMAPA:38075	IAO:0000115	
WARN	missing_definition	EMAPA:38076	IAO:0000115	
WARN	missing_definition	EMAPA:38077	IAO:0000115	
WARN	missing_definition	EMAPA:38078	IAO:0000115	
WARN	missing_definition	EMAPA:38079	IAO:0000115	
WARN	missing_definition	EMAPA:38080	IAO:0000115	
WARN	missing_definition	EMAPA:38081	IAO:0000115	
WARN	missing_definition	EMAPA:38082	IAO:0000115	
WARN	missing_definition	EMAPA:38083	IAO:0000115	
WARN	missing_definition	EMAPA:38084	IAO:0000115	
WARN	missing_definition	EMAPA:38085	IAO:0000115	
WARN	missing_definition	EMAPA:38086	IAO:0000115	
WARN	missing_definition	EMAPA:38087	IAO:0000115	
WARN	missing_definition	EMAPA:38088	IAO:0000115	
WARN	missing_definition	EMAPA:38089	IAO:0000115	
WARN	missing_definition	EMAPA:38090	IAO:0000115	
WARN	missing_definition	EMAPA:38091	IAO:0000115	
WARN	missing_definition	EMAPA:38092	IAO:0000115	
WARN	missing_definition	EMAPA:38093	IAO:0000115	
WARN	missing_definition	EMAPA:38094	IAO:0000115	
WARN	missing_definition	EMAPA:38095	IAO:0000115	
WARN	missing_definition	EMAPA:38096	IAO:0000115	
WARN	missing_definition	EMAPA:38097	IAO:0000115	
WARN	missing_definition	EMAPA:38098	IAO:0000115	
WARN	missing_definition	EMAPA:38099	IAO:0000115	
WARN	missing_definition	EMAPA:38100	IAO:0000115	
WARN	missing_definition	EMAPA:38101	IAO:0000115	
WARN	missing_definition	EMAPA:38102	IAO:0000115	
WARN	missing_definition	EMAPA:38103	IAO:0000115	
WARN	missing_definition	EMAPA:38104	IAO:0000115	
WARN	missing_definition	EMAPA:38105	IAO:0000115	
WARN	missing_definition	EMAPA:38106	IAO:0000115	
WARN	missing_definition	EMAPA:38107	IAO:0000115	
WARN	missing_definition	EMAPA:38108	IAO:0000115	
WARN	missing_definition	EMAPA:38109	IAO:0000115	
WARN	missing_definition	EMAPA:38110	IAO:0000115	
WARN	missing_definition	EMAPA:38111	IAO:0000115	
WARN	missing_definition	EMAPA:38112	IAO:0000115	
WARN	missing_definition	EMAPA:38113	IAO:0000115	
WARN	missing_definition	EMAPA:38114	IAO:0000115	
WARN	missing_definition	EMAPA:38115	IAO:0000115	
WARN	missing_definition	EMAPA:38116	IAO:0000115	
WARN	missing_definition	EMAPA:38117	IAO:0000115	
WARN	missing_definition	EMAPA:38118	IAO:0000115	
WARN	missing_definition	EMAPA:38119	IAO:0000115	
WARN	missing_definition	EMAPA:38120	IAO:0000115	
WARN	missing_definition	EMAPA:38121	IAO:0000115	
WARN	missing_definition	EMAPA:38122	IAO:0000115	
WARN	missing_definition	EMAPA:38123	IAO:0000115	
WARN	missing_definition	EMAPA:38124	IAO:0000115	
WARN	missing_definition	EMAPA:38125	IAO:0000115	
WARN	missing_definition	EMAPA:38126	IAO:0000115	
WARN	missing_definition	EMAPA:38127	IAO:0000115	
WARN	missing_definition	EMAPA:38128	IAO:0000115	
WARN	missing_definition	EMAPA:38129	IAO:0000115	
WARN	missing_definition	EMAPA:38130	IAO:0000115	
WARN	missing_definition	EMAPA:38131	IAO:0000115	
WARN	missing_definition	EMAPA:38132	IAO:0000115	
WARN	missing_definition	EMAPA:38133	IAO:0000115	
WARN	missing_definition	EMAPA:38134	IAO:0000115	
WARN	missing_definition	EMAPA:38135	IAO:0000115	
WARN	missing_definition	EMAPA:38136	IAO:0000115	
WARN	missing_definition	EMAPA:38137	IAO:0000115	
WARN	missing_definition	EMAPA:38138	IAO:0000115	
WARN	missing_definition	EMAPA:38139	IAO:0000115	
WARN	missing_definition	EMAPA:38140	IAO:0000115	
WARN	missing_definition	EMAPA:38141	IAO:0000115	
WARN	missing_definition	EMAPA:38142	IAO:0000115	
WARN	missing_definition	EMAPA:38143	IAO:0000115	
WARN	missing_definition	EMAPA:38144	IAO:0000115	
WARN	missing_definition	EMAPA:38145	IAO:0000115	
WARN	missing_definition	EMAPA:38146	IAO:0000115	
WARN	missing_definition	EMAPA:38147	IAO:0000115	
WARN	missing_definition	EMAPA:38148	IAO:0000115	
WARN	missing_definition	EMAPA:38149	IAO:0000115	
WARN	missing_definition	EMAPA:38150	IAO:0000115	
WARN	missing_definition	EMAPA:38151	IAO:0000115	
WARN	missing_definition	EMAPA:38152	IAO:0000115	
WARN	missing_definition	EMAPA:38153	IAO:0000115	
WARN	missing_definition	EMAPA:38154	IAO:0000115	
WARN	missing_definition	EMAPA:38155	IAO:0000115	
WARN	missing_definition	EMAPA:38156	IAO:0000115	
WARN	missing_definition	EMAPA:38157	IAO:0000115	
WARN	missing_definition	EMAPA:38158	IAO:0000115	
WARN	missing_definition	EMAPA:38159	IAO:0000115	
WARN	missing_definition	EMAPA:38160	IAO:0000115	
WARN	missing_definition	EMAPA:38161	IAO:0000115	
WARN	missing_definition	EMAPA:38162	IAO:0000115	
WARN	missing_definition	EMAPA:38163	IAO:0000115	
WARN	missing_definition	EMAPA:38164	IAO:0000115	
WARN	missing_definition	EMAPA:38165	IAO:0000115	
WARN	missing_definition	EMAPA:38166	IAO:0000115	
WARN	missing_definition	EMAPA:38167	IAO:0000115	
WARN	missing_definition	EMAPA:38168	IAO:0000115	
WARN	missing_definition	EMAPA:38169	IAO:0000115	
WARN	missing_definition	EMAPA:38170	IAO:0000115	
WARN	missing_definition	EMAPA:38171	IAO:0000115	
WARN	missing_definition	EMAPA:38172	IAO:0000115	
WARN	missing_definition	EMAPA:38173	IAO:0000115	
WARN	missing_definition	EMAPA:38174	IAO:0000115	
WARN	missing_definition	EMAPA:38175	IAO:0000115	
WARN	missing_definition	EMAPA:38176	IAO:0000115	
WARN	missing_definition	EMAPA:38177	IAO:0000115	
WARN	missing_definition	EMAPA:38178	IAO:0000115	
WARN	missing_definition	EMAPA:38179	IAO:0000115	
WARN	missing_definition	EMAPA:38180	IAO:0000115	
WARN	missing_definition	EMAPA:38181	IAO:0000115	
WARN	missing_definition	EMAPA:38182	IAO:0000115	
WARN	missing_definition	EMAPA:38183	IAO:0000115	
WARN	missing_definition	EMAPA:38184	IAO:0000115	
WARN	missing_definition	EMAPA:38185	IAO:0000115	
WARN	missing_definition	EMAPA:38186	IAO:0000115	
WARN	missing_definition	EMAPA:38187	IAO:0000115	
WARN	missing_definition	EMAPA:38188	IAO:0000115	
WARN	missing_definition	EMAPA:38189	IAO:0000115	
WARN	missing_definition	EMAPA:38190	IAO:0000115	
WARN	missing_definition	EMAPA:38191	IAO:0000115	
WARN	missing_definition	EMAPA:38192	IAO:0000115	
WARN	missing_definition	EMAPA:38193	IAO:0000115	
WARN	missing_definition	EMAPA:38194	IAO:0000115	
WARN	missing_definition	EMAPA:38195	IAO:0000115	
WARN	missing_definition	EMAPA:38196	IAO:0000115	
WARN	missing_definition	EMAPA:38197	IAO:0000115	
WARN	missing_definition	EMAPA:38198	IAO:0000115	
WARN	missing_definition	EMAPA:38199	IAO:0000115	
WARN	missing_definition	EMAPA:38200	IAO:0000115	
WARN	missing_definition	EMAPA:38201	IAO:0000115	
WARN	missing_definition	EMAPA:38202	IAO:0000115	
WARN	missing_definition	EMAPA:38203	IAO:0000115	
WARN	missing_definition	EMAPA:38204	IAO:0000115	
WARN	missing_definition	EMAPA:38205	IAO:0000115	
WARN	missing_definition	EMAPA:38206	IAO:0000115	
WARN	missing_definition	EMAPA:38207	IAO:0000115	
WARN	missing_definition	EMAPA:38208	IAO:0000115	
WARN	missing_definition	EMAPA:38209	IAO:0000115	
WARN	missing_definition	EMAPA:38210	IAO:0000115	
WARN	missing_definition	EMAPA:38211	IAO:0000115	
WARN	missing_definition	EMAPA:38212	IAO:0000115	
WARN	missing_definition	EMAPA:38213	IAO:0000115	
WARN	missing_definition	EMAPA:38214	IAO:0000115	
WARN	missing_definition	EMAPA:38215	IAO:0000115	
WARN	missing_definition	EMAPA:38216	IAO:0000115	
WARN	missing_definition	EMAPA:38217	IAO:0000115	
WARN	missing_definition	EMAPA:38218	IAO:0000115	
WARN	missing_definition	EMAPA:38219	IAO:0000115	
WARN	missing_definition	EMAPA:38220	IAO:0000115	
WARN	missing_definition	EMAPA:38221	IAO:0000115	
WARN	missing_definition	EMAPA:38222	IAO:0000115	
WARN	missing_definition	EMAPA:38223	IAO:0000115	
WARN	missing_definition	EMAPA:38224	IAO:0000115	
WARN	missing_definition	EMAPA:38225	IAO:0000115	
WARN	missing_definition	EMAPA:38226	IAO:0000115	
WARN	missing_definition	EMAPA:38227	IAO:0000115	
WARN	missing_definition	EMAPA:38228	IAO:0000115	
WARN	missing_definition	EMAPA:38229	IAO:0000115	
WARN	missing_definition	EMAPA:38230	IAO:0000115	
WARN	missing_definition	EMAPA:38231	IAO:0000115	
WARN	missing_definition	EMAPA:38232	IAO:0000115	
WARN	missing_definition	EMAPA:38233	IAO:0000115	
WARN	missing_definition	EMAPA:38234	IAO:0000115	
WARN	missing_definition	EMAPA:38235	IAO:0000115	
WARN	missing_definition	EMAPA:38236	IAO:0000115	
WARN	missing_definition	EMAPA:38237	IAO:0000115	
WARN	missing_definition	EMAPA:38238	IAO:0000115	
WARN	missing_definition	EMAPA:38239	IAO:0000115	
WARN	missing_definition	EMAPA:38240	IAO:0000115	
WARN	missing_definition	EMAPA:38241	IAO:0000115	
WARN	missing_definition	EMAPA:38242	IAO:0000115	
WARN	missing_definition	EMAPA:38243	IAO:0000115	
WARN	missing_definition	EMAPA:38244	IAO:0000115	
WARN	missing_definition	EMAPA:38245	IAO:0000115	
WARN	missing_definition	EMAPA:38246	IAO:0000115	
WARN	missing_definition	EMAPA:38247	IAO:0000115	
WARN	missing_definition	EMAPA:38248	IAO:0000115	
WARN	missing_definition	EMAPA:38249	IAO:0000115	
WARN	missing_definition	EMAPA:38250	IAO:0000115	
WARN	missing_definition	EMAPA:38251	IAO:0000115	
WARN	missing_definition	EMAPA:38252	IAO:0000115	
WARN	missing_definition	EMAPA:38253	IAO:0000115	
WARN	missing_definition	EMAPA:38254	IAO:0000115	
WARN	missing_definition	EMAPA:38255	IAO:0000115	
WARN	missing_definition	EMAPA:38256	IAO:0000115	
WARN	missing_definition	EMAPA:38257	IAO:0000115	
WARN	missing_definition	EMAPA:38258	IAO:0000115	
WARN	missing_definition	EMAPA:38259	IAO:0000115	
WARN	missing_definition	EMAPA:38260	IAO:0000115	
WARN	missing_definition	EMAPA:38262	IAO:0000115	
WARN	missing_definition	EMAPA:38263	IAO:0000115	
WARN	missing_definition	EMAPA:38264	IAO:0000115	
WARN	missing_definition	EMAPA:38265	IAO:0000115	
WARN	missing_definition	EMAPA:38266	IAO:0000115	
WARN	missing_definition	EMAPA:38267	IAO:0000115	
WARN	missing_definition	EMAPA:38268	IAO:0000115	
WARN	missing_definition	EMAPA:38269	IAO:0000115	
WARN	missing_definition	EMAPA:38270	IAO:0000115	
WARN	missing_definition	EMAPA:38271	IAO:0000115	
WARN	missing_definition	EMAPA:38272	IAO:0000115	
WARN	missing_definition	EMAPA:38273	IAO:0000115	
WARN	missing_definition	EMAPA:38274	IAO:0000115	
WARN	missing_definition	EMAPA:38275	IAO:0000115	
WARN	missing_definition	EMAPA:38276	IAO:0000115	
WARN	missing_definition	EMAPA:38277	IAO:0000115	
WARN	missing_definition	EMAPA:38278	IAO:0000115	
WARN	missing_definition	EMAPA:38279	IAO:0000115	
WARN	missing_definition	EMAPA:38280	IAO:0000115	
WARN	missing_definition	EMAPA:38281	IAO:0000115	
WARN	missing_definition	EMAPA:38282	IAO:0000115	
WARN	missing_definition	EMAPA:38283	IAO:0000115	
WARN	missing_definition	EMAPA:38284	IAO:0000115	
WARN	missing_definition	EMAPA:38285	IAO:0000115	
WARN	missing_definition	EMAPA:38286	IAO:0000115	
WARN	missing_definition	EMAPA:38287	IAO:0000115	
WARN	missing_definition	EMAPA:38288	IAO:0000115	
WARN	missing_definition	EMAPA:38289	IAO:0000115	
WARN	missing_definition	EMAPA:38290	IAO:0000115	
WARN	missing_definition	EMAPA:38291	IAO:0000115	
WARN	missing_definition	EMAPA:38292	IAO:0000115	
WARN	missing_definition	EMAPA:38293	IAO:0000115	
WARN	missing_definition	EMAPA:38294	IAO:0000115	
WARN	missing_definition	EMAPA:38295	IAO:0000115	
WARN	missing_definition	EMAPA:38296	IAO:0000115	
WARN	missing_definition	EMAPA:38297	IAO:0000115	
WARN	missing_definition	EMAPA:38298	IAO:0000115	
WARN	missing_definition	EMAPA:38299	IAO:0000115	
WARN	missing_definition	EMAPA:38300	IAO:0000115	
WARN	missing_definition	EMAPA:38301	IAO:0000115	
WARN	missing_definition	EMAPA:38302	IAO:0000115	
WARN	missing_definition	EMAPA:38303	IAO:0000115	
WARN	missing_definition	EMAPA:38304	IAO:0000115	
WARN	missing_definition	EMAPA:38305	IAO:0000115	
WARN	missing_definition	EMAPA:38306	IAO:0000115	
WARN	missing_definition	EMAPA:38307	IAO:0000115	
WARN	missing_definition	EMAPA:38308	IAO:0000115	
WARN	missing_definition	EMAPA:38309	IAO:0000115	
WARN	missing_definition	EMAPA:38310	IAO:0000115	
WARN	missing_definition	EMAPA:38311	IAO:0000115	
WARN	missing_definition	EMAPA:38312	IAO:0000115	
WARN	missing_definition	EMAPA:38313	IAO:0000115	
WARN	missing_definition	EMAPA:38314	IAO:0000115	
WARN	missing_definition	EMAPA:38315	IAO:0000115	
WARN	missing_definition	EMAPA:38316	IAO:0000115	
WARN	missing_definition	EMAPA:38317	IAO:0000115	
WARN	missing_definition	EMAPA:38318	IAO:0000115	
WARN	missing_definition	EMAPA:38319	IAO:0000115	
WARN	missing_definition	EMAPA:38320	IAO:0000115	
WARN	missing_definition	EMAPA:38321	IAO:0000115	
WARN	missing_definition	EMAPA:38322	IAO:0000115	
WARN	missing_definition	EMAPA:38323	IAO:0000115	
WARN	missing_definition	EMAPA:38324	IAO:0000115	
WARN	missing_definition	EMAPA:38325	IAO:0000115	
WARN	missing_definition	EMAPA:38326	IAO:0000115	
WARN	missing_definition	EMAPA:38327	IAO:0000115	
WARN	missing_definition	EMAPA:38328	IAO:0000115	
WARN	missing_definition	EMAPA:38329	IAO:0000115	
WARN	missing_definition	EMAPA:38330	IAO:0000115	
WARN	missing_definition	EMAPA:38331	IAO:0000115	
WARN	missing_definition	EMAPA:38332	IAO:0000115	
WARN	missing_definition	EMAPA:38333	IAO:0000115	
WARN	missing_definition	EMAPA:38334	IAO:0000115	
WARN	missing_definition	EMAPA:38335	IAO:0000115	
WARN	missing_definition	EMAPA:38336	IAO:0000115	
WARN	missing_definition	EMAPA:38337	IAO:0000115	
WARN	missing_definition	EMAPA:38338	IAO:0000115	
WARN	missing_definition	EMAPA:38339	IAO:0000115	
WARN	missing_definition	EMAPA:38340	IAO:0000115	
WARN	missing_definition	obo:emapa#is_a	IAO:0000115	
WARN	missing_obsolete_label	EMAPA:28619	rdfs:label	muscularis mucosa of bladder
WARN	missing_obsolete_label	EMAPA:28625	rdfs:label	muscularis mucosa of fundus
WARN	missing_obsolete_label	EMAPA:28631	rdfs:label	muscularis mucosa of trigone
WARN	missing_obsolete_label	EMAPA:28673	rdfs:label	serosa of trigone
WARN	missing_obsolete_label	EMAPA:28831	rdfs:label	adventitia of fundus
WARN	missing_obsolete_label	EMAPA:28856	rdfs:label	mesenchymal layer of phallic urethra of male
WARN	missing_obsolete_label	EMAPA:28859	rdfs:label	muscle layer of phallic urethra of male
WARN	missing_obsolete_label	EMAPA:29935	rdfs:label	gland of lower vaginal epithelium
WARN	missing_obsolete_label	EMAPA:29937	rdfs:label	rest of epithelial layer of lower vagina
WARN	missing_obsolete_label	EMAPA:30130	rdfs:label	serosa of neck
WARN	missing_obsolete_label	EMAPA:30137	rdfs:label	muscularis mucosa of neck
WARN	missing_obsolete_label	EMAPA:30837	rdfs:label	labia
WARN	missing_obsolete_label	EMAPA:30839	rdfs:label	labia skin
WARN	missing_obsolete_label	EMAPA:30841	rdfs:label	lamina propria of labia
WARN	missing_obsolete_label	EMAPA:30843	rdfs:label	gland of labia
WARN	missing_obsolete_label	EMAPA:30845	rdfs:label	vasculature of labia
WARN	missing_obsolete_label	EMAPA:30934	rdfs:label	mesenchymal layer of phallic urethra of female
WARN	missing_obsolete_label	EMAPA:30938	rdfs:label	muscle layer of phallic urethra of female
WARN	missing_obsolete_label	EMAPA:30948	rdfs:label	mesenchymal layer of penile urethra
WARN	missing_obsolete_label	EMAPA:30950	rdfs:label	muscle layer of penile urethra
WARN	missing_obsolete_label	EMAPA:31525	rdfs:label	mesenchymal layer of ventral primitive bladder
WARN	missing_obsolete_label	EMAPA:31529	rdfs:label	mesenchymal layer of dorsal primitive bladder
WARN	missing_obsolete_label	EMAPA:32275	rdfs:label	submucosa of bladder
WARN	missing_obsolete_label	EMAPA:32276	rdfs:label	submucosa of neck
WARN	missing_obsolete_label	EMAPA:32277	rdfs:label	submucosa of fundus
WARN	missing_obsolete_label	EMAPA:32304	rdfs:label	submucosa of trigone
WARN	missing_obsolete_label	EMAPA:35043	rdfs:label	nerve of labia
WARN	missing_obsolete_label	EMAPA:36072	rdfs:label	superficial cell of bladder urothelium
WARN	missing_obsolete_label	EMAPA:36074	rdfs:label	Krt5-expressing basal cell of bladder urothelium
WARN	missing_obsolete_label	EMAPA:36085	rdfs:label	undifferentiated epithelial cell of urothelium of primitive bladder
WARN	missing_obsolete_label	EMAPA:36086	rdfs:label	intermediate cell of urothelium of primitive bladder
WARN	missing_obsolete_label	EMAPA:36087	rdfs:label	P-0 cell of urothelium of primitive bladder
WARN	missing_obsolete_label	EMAPA:36091	rdfs:label	smooth muscle cell of outer mesenchymal layer of primitive bladder
WARN	missing_obsolete_label	EMAPA:36092	rdfs:label	mesenchymal cell of outer mesenchymal layer of primitive bladder
WARN	missing_obsolete_label	EMAPA:36353	rdfs:label	nerve of blood vessel of lamina propria of bladder fundus
WARN	missing_obsolete_label	EMAPA:36354	rdfs:label	nerve of blood vessel of lamina propria of bladder neck
WARN	missing_obsolete_label	EMAPA:36359	rdfs:label	nerve of blood vessel of suburothelial lamina propria of bladder fundus
WARN	missing_obsolete_label	EMAPA:36360	rdfs:label	nerve of blood vessel of outer lamina propria of bladder fundus
WARN	missing_obsolete_label	EMAPA:36361	rdfs:label	nerve of blood vessel of lamina propria of trigone
WARN	missing_obsolete_label	EMAPA:36362	rdfs:label	nerve of blood vessel of lamina propria of ventral bladder neck
WARN	missing_obsolete_label	EMAPA:36363	rdfs:label	nerve of nonvascular tissue of detrusor of bladder
WARN	missing_obsolete_label	EMAPA:36364	rdfs:label	nerve of blood vessel of detrusor of bladder
WARN	missing_obsolete_label	EMAPA:36369	rdfs:label	nerve of blood vessel of detrusor of bladder fundus
WARN	missing_obsolete_label	EMAPA:36370	rdfs:label	nerve of blood vessel of detrusor of bladder neck
WARN	missing_obsolete_label	EMAPA:36371	rdfs:label	nerve of blood vessel of detrusor of trigone
WARN	missing_obsolete_label	EMAPA:36372	rdfs:label	nerve of blood vessel of detrusor of ventral bladder neck
WARN	missing_obsolete_label	EMAPA:36373	rdfs:label	nerve of nonvascular tissue of outer layer of bladder
WARN	missing_obsolete_label	EMAPA:36374	rdfs:label	nerve of blood vessel of outer layer of bladder
WARN	missing_obsolete_label	EMAPA:36379	rdfs:label	nerve of blood vessel of serosa of bladder fundus
WARN	missing_obsolete_label	EMAPA:36380	rdfs:label	nerve of blood vessel of adventitia of bladder neck
WARN	missing_obsolete_label	EMAPA:36381	rdfs:label	nerve of blood vessel of adventitia of trigone
WARN	missing_obsolete_label	EMAPA:36382	rdfs:label	nerve of blood vessel of adventitia of ventral bladder neck
