Level	Rule Name	Subject	Property	Value
WARN	duplicate_exact_synonym	DOID:0050035	oboInOwl:hasExactSynonym	south african tick-bite fever@en
WARN	duplicate_exact_synonym	DOID:14095	oboInOwl:hasExactSynonym	South African tick-bite fever@en
WARN	duplicate_exact_synonym	DOID:0070475	oboInOwl:hasExactSynonym	renal medullary carcinoma@en
WARN	duplicate_exact_synonym	DOID:4464	oboInOwl:hasExactSynonym	renal Medullary carcinoma@en
WARN	duplicate_exact_synonym	DOID:0080212	oboInOwl:hasExactSynonym	polycystic kidney and hepatic disease 1@en
WARN	duplicate_exact_synonym	DOID:898	oboInOwl:hasExactSynonym	POLYCYSTIC KIDNEY AND HEPATIC DISEASE 1@en
WARN	duplicate_exact_synonym	DOID:2477	oboInOwl:hasExactSynonym	Peripheral Motor Neuropathy@en
WARN	duplicate_exact_synonym	DOID:683	oboInOwl:hasExactSynonym	peripheral motor neuropathy@en
WARN	duplicate_exact_synonym	DOID:0050541	oboInOwl:hasExactSynonym	hereditary motor and sensory neuropathy@en
WARN	duplicate_exact_synonym	DOID:2477	oboInOwl:hasExactSynonym	Hereditary motor and sensory neuropathy@en
WARN	duplicate_exact_synonym	DOID:0070042	oboInOwl:hasExactSynonym	fifth digit syndrome@en
WARN	duplicate_exact_synonym	DOID:1925	oboInOwl:hasExactSynonym	Fifth Digit Syndrome@en
WARN	duplicate_exact_synonym	DOID:0110957	oboInOwl:hasExactSynonym	Acid Beta-Glucosidase Deficiency@en
WARN	duplicate_exact_synonym	DOID:1926	oboInOwl:hasExactSynonym	acid beta-glucosidase deficiency@en
WARN	duplicate_label_synonym	DOID:0061286	oboInOwl:hasExactSynonym	glycogen storage disease XI@en
WARN	missing_definition	DOID:10139	IAO:0000115	
WARN	missing_definition	DOID:10174	IAO:0000115	
WARN	missing_definition	DOID:10177	IAO:0000115	
WARN	missing_definition	DOID:10211	IAO:0000115	
WARN	missing_definition	DOID:10234	IAO:0000115	
WARN	missing_definition	DOID:10254	IAO:0000115	
WARN	missing_definition	DOID:10266	IAO:0000115	
WARN	missing_definition	DOID:10272	IAO:0000115	
WARN	missing_definition	DOID:10341	IAO:0000115	
WARN	missing_definition	DOID:10393	IAO:0000115	
WARN	missing_definition	DOID:10399	IAO:0000115	
WARN	missing_definition	DOID:10400	IAO:0000115	
WARN	missing_definition	DOID:10423	IAO:0000115	
WARN	missing_definition	DOID:10428	IAO:0000115	
WARN	missing_definition	DOID:10442	IAO:0000115	
WARN	missing_definition	DOID:10443	IAO:0000115	
WARN	missing_definition	DOID:10461	IAO:0000115	
WARN	missing_definition	DOID:10471	IAO:0000115	
WARN	missing_definition	DOID:10480	IAO:0000115	
WARN	missing_definition	DOID:10485	IAO:0000115	
WARN	missing_definition	DOID:10486	IAO:0000115	
WARN	missing_definition	DOID:10488	IAO:0000115	
WARN	missing_definition	DOID:10493	IAO:0000115	
WARN	missing_definition	DOID:10499	IAO:0000115	
WARN	missing_definition	DOID:10536	IAO:0000115	
WARN	missing_definition	DOID:10540	IAO:0000115	
WARN	missing_definition	DOID:10541	IAO:0000115	
WARN	missing_definition	DOID:10544	IAO:0000115	
WARN	missing_definition	DOID:10547	IAO:0000115	
WARN	missing_definition	DOID:10575	IAO:0000115	
WARN	missing_definition	DOID:10587	IAO:0000115	
WARN	missing_definition	DOID:10593	IAO:0000115	
WARN	missing_definition	DOID:10603	IAO:0000115	
WARN	missing_definition	DOID:10607	IAO:0000115	
WARN	missing_definition	DOID:10610	IAO:0000115	
WARN	missing_definition	DOID:10611	IAO:0000115	
WARN	missing_definition	DOID:10627	IAO:0000115	
WARN	missing_definition	DOID:1063	IAO:0000115	
WARN	missing_definition	DOID:10631	IAO:0000115	
WARN	missing_definition	DOID:10648	IAO:0000115	
WARN	missing_definition	DOID:10649	IAO:0000115	
WARN	missing_definition	DOID:10651	IAO:0000115	
WARN	missing_definition	DOID:10655	IAO:0000115	
WARN	missing_definition	DOID:10656	IAO:0000115	
WARN	missing_definition	DOID:10657	IAO:0000115	
WARN	missing_definition	DOID:1066	IAO:0000115	
WARN	missing_definition	DOID:10661	IAO:0000115	
WARN	missing_definition	DOID:10697	IAO:0000115	
WARN	missing_definition	DOID:10719	IAO:0000115	
WARN	missing_definition	DOID:1073	IAO:0000115	
WARN	missing_definition	DOID:10742	IAO:0000115	
WARN	missing_definition	DOID:1076	IAO:0000115	
WARN	missing_definition	DOID:10762	IAO:0000115	
WARN	missing_definition	DOID:10772	IAO:0000115	
WARN	missing_definition	DOID:10778	IAO:0000115	
WARN	missing_definition	DOID:10782	IAO:0000115	
WARN	missing_definition	DOID:10783	IAO:0000115	
WARN	missing_definition	DOID:10802	IAO:0000115	
WARN	missing_definition	DOID:10808	IAO:0000115	
WARN	missing_definition	DOID:10810	IAO:0000115	
WARN	missing_definition	DOID:10812	IAO:0000115	
WARN	missing_definition	DOID:10813	IAO:0000115	
WARN	missing_definition	DOID:10817	IAO:0000115	
WARN	missing_definition	DOID:10823	IAO:0000115	
WARN	missing_definition	DOID:10834	IAO:0000115	
WARN	missing_definition	DOID:10835	IAO:0000115	
WARN	missing_definition	DOID:10846	IAO:0000115	
WARN	missing_definition	DOID:10849	IAO:0000115	
WARN	missing_definition	DOID:10863	IAO:0000115	
WARN	missing_definition	DOID:10864	IAO:0000115	
WARN	missing_definition	DOID:10866	IAO:0000115	
WARN	missing_definition	DOID:10869	IAO:0000115	
WARN	missing_definition	DOID:10873	IAO:0000115	
WARN	missing_definition	DOID:10880	IAO:0000115	
WARN	missing_definition	DOID:1089	IAO:0000115	
WARN	missing_definition	DOID:10913	IAO:0000115	
WARN	missing_definition	DOID:10927	IAO:0000115	
WARN	missing_definition	DOID:10941	IAO:0000115	
WARN	missing_definition	DOID:10963	IAO:0000115	
WARN	missing_definition	DOID:10964	IAO:0000115	
WARN	missing_definition	DOID:10966	IAO:0000115	
WARN	missing_definition	DOID:10971	IAO:0000115	
WARN	missing_definition	DOID:10972	IAO:0000115	
WARN	missing_definition	DOID:10973	IAO:0000115	
WARN	missing_definition	DOID:10976	IAO:0000115	
WARN	missing_definition	DOID:10989	IAO:0000115	
WARN	missing_definition	DOID:10991	IAO:0000115	
WARN	missing_definition	DOID:11014	IAO:0000115	
WARN	missing_definition	DOID:11028	IAO:0000115	
WARN	missing_definition	DOID:11029	IAO:0000115	
WARN	missing_definition	DOID:11030	IAO:0000115	
WARN	missing_definition	DOID:11031	IAO:0000115	
WARN	missing_definition	DOID:11032	IAO:0000115	
WARN	missing_definition	DOID:11033	IAO:0000115	
WARN	missing_definition	DOID:11034	IAO:0000115	
WARN	missing_definition	DOID:11036	IAO:0000115	
WARN	missing_definition	DOID:11044	IAO:0000115	
WARN	missing_definition	DOID:1106	IAO:0000115	
WARN	missing_definition	DOID:1108	IAO:0000115	
WARN	missing_definition	DOID:11086	IAO:0000115	
WARN	missing_definition	DOID:11120	IAO:0000115	
WARN	missing_definition	DOID:11125	IAO:0000115	
WARN	missing_definition	DOID:11126	IAO:0000115	
WARN	missing_definition	DOID:11129	IAO:0000115	
WARN	missing_definition	DOID:11130	IAO:0000115	
WARN	missing_definition	DOID:11132	IAO:0000115	
WARN	missing_definition	DOID:11133	IAO:0000115	
WARN	missing_definition	DOID:11134	IAO:0000115	
WARN	missing_definition	DOID:11151	IAO:0000115	
WARN	missing_definition	DOID:11164	IAO:0000115	
WARN	missing_definition	DOID:11175	IAO:0000115	
WARN	missing_definition	DOID:11177	IAO:0000115	
WARN	missing_definition	DOID:11184	IAO:0000115	
WARN	missing_definition	DOID:11189	IAO:0000115	
WARN	missing_definition	DOID:112	IAO:0000115	
WARN	missing_definition	DOID:11203	IAO:0000115	
WARN	missing_definition	DOID:11217	IAO:0000115	
WARN	missing_definition	DOID:11223	IAO:0000115	
WARN	missing_definition	DOID:1123	IAO:0000115	
WARN	missing_definition	DOID:11230	IAO:0000115	
WARN	missing_definition	DOID:11240	IAO:0000115	
WARN	missing_definition	DOID:11241	IAO:0000115	
WARN	missing_definition	DOID:11242	IAO:0000115	
WARN	missing_definition	DOID:11245	IAO:0000115	
WARN	missing_definition	DOID:11246	IAO:0000115	
WARN	missing_definition	DOID:11247	IAO:0000115	
WARN	missing_definition	DOID:11267	IAO:0000115	
WARN	missing_definition	DOID:11269	IAO:0000115	
WARN	missing_definition	DOID:11277	IAO:0000115	
WARN	missing_definition	DOID:11282	IAO:0000115	
WARN	missing_definition	DOID:11283	IAO:0000115	
WARN	missing_definition	DOID:1129	IAO:0000115	
WARN	missing_definition	DOID:11295	IAO:0000115	
WARN	missing_definition	DOID:11299	IAO:0000115	
WARN	missing_definition	DOID:1130	IAO:0000115	
WARN	missing_definition	DOID:11312	IAO:0000115	
WARN	missing_definition	DOID:11316	IAO:0000115	
WARN	missing_definition	DOID:11330	IAO:0000115	
WARN	missing_definition	DOID:1134	IAO:0000115	
WARN	missing_definition	DOID:11342	IAO:0000115	
WARN	missing_definition	DOID:11354	IAO:0000115	
WARN	missing_definition	DOID:11355	IAO:0000115	
WARN	missing_definition	DOID:11364	IAO:0000115	
WARN	missing_definition	DOID:11367	IAO:0000115	
WARN	missing_definition	DOID:11371	IAO:0000115	
WARN	missing_definition	DOID:11374	IAO:0000115	
WARN	missing_definition	DOID:1138	IAO:0000115	
WARN	missing_definition	DOID:11382	IAO:0000115	
WARN	missing_definition	DOID:11383	IAO:0000115	
WARN	missing_definition	DOID:11390	IAO:0000115	
WARN	missing_definition	DOID:1140	IAO:0000115	
WARN	missing_definition	DOID:11400	IAO:0000115	
WARN	missing_definition	DOID:11401	IAO:0000115	
WARN	missing_definition	DOID:11406	IAO:0000115	
WARN	missing_definition	DOID:1142	IAO:0000115	
WARN	missing_definition	DOID:1143	IAO:0000115	
WARN	missing_definition	DOID:11446	IAO:0000115	
WARN	missing_definition	DOID:11452	IAO:0000115	
WARN	missing_definition	DOID:11459	IAO:0000115	
WARN	missing_definition	DOID:11472	IAO:0000115	
WARN	missing_definition	DOID:11481	IAO:0000115	
WARN	missing_definition	DOID:11488	IAO:0000115	
WARN	missing_definition	DOID:11502	IAO:0000115	
WARN	missing_definition	DOID:11503	IAO:0000115	
WARN	missing_definition	DOID:11504	IAO:0000115	
WARN	missing_definition	DOID:11514	IAO:0000115	
WARN	missing_definition	DOID:11518	IAO:0000115	
WARN	missing_definition	DOID:11520	IAO:0000115	
WARN	missing_definition	DOID:11527	IAO:0000115	
WARN	missing_definition	DOID:11541	IAO:0000115	
WARN	missing_definition	DOID:11543	IAO:0000115	
WARN	missing_definition	DOID:11547	IAO:0000115	
WARN	missing_definition	DOID:11550	IAO:0000115	
WARN	missing_definition	DOID:11552	IAO:0000115	
WARN	missing_definition	DOID:11561	IAO:0000115	
WARN	missing_definition	DOID:11581	IAO:0000115	
WARN	missing_definition	DOID:1159	IAO:0000115	
WARN	missing_definition	DOID:11593	IAO:0000115	
WARN	missing_definition	DOID:11594	IAO:0000115	
WARN	missing_definition	DOID:11595	IAO:0000115	
WARN	missing_definition	DOID:116	IAO:0000115	
WARN	missing_definition	DOID:11613	IAO:0000115	
WARN	missing_definition	DOID:11615	IAO:0000115	
WARN	missing_definition	DOID:11624	IAO:0000115	
WARN	missing_definition	DOID:11633	IAO:0000115	
WARN	missing_definition	DOID:11634	IAO:0000115	
WARN	missing_definition	DOID:11637	IAO:0000115	
WARN	missing_definition	DOID:11638	IAO:0000115	
WARN	missing_definition	DOID:11653	IAO:0000115	
WARN	missing_definition	DOID:11664	IAO:0000115	
WARN	missing_definition	DOID:11665	IAO:0000115	
WARN	missing_definition	DOID:11669	IAO:0000115	
WARN	missing_definition	DOID:11671	IAO:0000115	
WARN	missing_definition	DOID:11684	IAO:0000115	
WARN	missing_definition	DOID:11685	IAO:0000115	
WARN	missing_definition	DOID:11693	IAO:0000115	
WARN	missing_definition	DOID:1171	IAO:0000115	
WARN	missing_definition	DOID:11719	IAO:0000115	
WARN	missing_definition	DOID:1172	IAO:0000115	
WARN	missing_definition	DOID:11727	IAO:0000115	
WARN	missing_definition	DOID:11736	IAO:0000115	
WARN	missing_definition	DOID:11752	IAO:0000115	
WARN	missing_definition	DOID:11766	IAO:0000115	
WARN	missing_definition	DOID:11771	IAO:0000115	
WARN	missing_definition	DOID:11772	IAO:0000115	
WARN	missing_definition	DOID:11781	IAO:0000115	
WARN	missing_definition	DOID:11783	IAO:0000115	
WARN	missing_definition	DOID:11786	IAO:0000115	
WARN	missing_definition	DOID:11787	IAO:0000115	
WARN	missing_definition	DOID:11793	IAO:0000115	
WARN	missing_definition	DOID:11809	IAO:0000115	
WARN	missing_definition	DOID:11811	IAO:0000115	
WARN	missing_definition	DOID:11813	IAO:0000115	
WARN	missing_definition	DOID:11814	IAO:0000115	
WARN	missing_definition	DOID:11816	IAO:0000115	
WARN	missing_definition	DOID:11817	IAO:0000115	
WARN	missing_definition	DOID:11820	IAO:0000115	
WARN	missing_definition	DOID:11821	IAO:0000115	
WARN	missing_definition	DOID:11829	IAO:0000115	
WARN	missing_definition	DOID:11831	IAO:0000115	
WARN	missing_definition	DOID:11832	IAO:0000115	
WARN	missing_definition	DOID:11839	IAO:0000115	
WARN	missing_definition	DOID:11840	IAO:0000115	
WARN	missing_definition	DOID:11843	IAO:0000115	
WARN	missing_definition	DOID:11847	IAO:0000115	
WARN	missing_definition	DOID:11850	IAO:0000115	
WARN	missing_definition	DOID:11853	IAO:0000115	
WARN	missing_definition	DOID:11864	IAO:0000115	
WARN	missing_definition	DOID:1187	IAO:0000115	
WARN	missing_definition	DOID:11871	IAO:0000115	
WARN	missing_definition	DOID:11874	IAO:0000115	
WARN	missing_definition	DOID:11875	IAO:0000115	
WARN	missing_definition	DOID:11885	IAO:0000115	
WARN	missing_definition	DOID:11888	IAO:0000115	
WARN	missing_definition	DOID:11907	IAO:0000115	
WARN	missing_definition	DOID:11914	IAO:0000115	
WARN	missing_definition	DOID:11949	IAO:0000115	
WARN	missing_definition	DOID:1195	IAO:0000115	
WARN	missing_definition	DOID:11963	IAO:0000115	
WARN	missing_definition	DOID:11975	IAO:0000115	
WARN	missing_definition	DOID:11981	IAO:0000115	
WARN	missing_definition	DOID:11988	IAO:0000115	
WARN	missing_definition	DOID:11994	IAO:0000115	
WARN	missing_definition	DOID:11996	IAO:0000115	
WARN	missing_definition	DOID:11997	IAO:0000115	
WARN	missing_definition	DOID:12001	IAO:0000115	
WARN	missing_definition	DOID:1201	IAO:0000115	
WARN	missing_definition	DOID:12010	IAO:0000115	
WARN	missing_definition	DOID:12016	IAO:0000115	
WARN	missing_definition	DOID:1203	IAO:0000115	
WARN	missing_definition	DOID:12043	IAO:0000115	
WARN	missing_definition	DOID:12055	IAO:0000115	
WARN	missing_definition	DOID:12064	IAO:0000115	
WARN	missing_definition	DOID:12070	IAO:0000115	
WARN	missing_definition	DOID:12072	IAO:0000115	
WARN	missing_definition	DOID:12084	IAO:0000115	
WARN	missing_definition	DOID:12087	IAO:0000115	
WARN	missing_definition	DOID:12098	IAO:0000115	
WARN	missing_definition	DOID:12105	IAO:0000115	
WARN	missing_definition	DOID:12108	IAO:0000115	
WARN	missing_definition	DOID:12123	IAO:0000115	
WARN	missing_definition	DOID:12125	IAO:0000115	
WARN	missing_definition	DOID:1214	IAO:0000115	
WARN	missing_definition	DOID:12143	IAO:0000115	
WARN	missing_definition	DOID:12144	IAO:0000115	
WARN	missing_definition	DOID:12145	IAO:0000115	
WARN	missing_definition	DOID:12156	IAO:0000115	
WARN	missing_definition	DOID:12161	IAO:0000115	
WARN	missing_definition	DOID:12162	IAO:0000115	
WARN	missing_definition	DOID:12163	IAO:0000115	
WARN	missing_definition	DOID:12164	IAO:0000115	
WARN	missing_definition	DOID:12165	IAO:0000115	
WARN	missing_definition	DOID:12166	IAO:0000115	
WARN	missing_definition	DOID:12167	IAO:0000115	
WARN	missing_definition	DOID:12168	IAO:0000115	
WARN	missing_definition	DOID:12170	IAO:0000115	
WARN	missing_definition	DOID:12171	IAO:0000115	
WARN	missing_definition	DOID:12175	IAO:0000115	
WARN	missing_definition	DOID:12190	IAO:0000115	
WARN	missing_definition	DOID:12191	IAO:0000115	
WARN	missing_definition	DOID:12192	IAO:0000115	
WARN	missing_definition	DOID:12196	IAO:0000115	
WARN	missing_definition	DOID:12197	IAO:0000115	
WARN	missing_definition	DOID:12225	IAO:0000115	
WARN	missing_definition	DOID:12234	IAO:0000115	
WARN	missing_definition	DOID:12239	IAO:0000115	
WARN	missing_definition	DOID:12246	IAO:0000115	
WARN	missing_definition	DOID:12253	IAO:0000115	
WARN	missing_definition	DOID:12257	IAO:0000115	
WARN	missing_definition	DOID:12265	IAO:0000115	
WARN	missing_definition	DOID:1227	IAO:0000115	
WARN	missing_definition	DOID:12273	IAO:0000115	
WARN	missing_definition	DOID:12276	IAO:0000115	
WARN	missing_definition	DOID:12282	IAO:0000115	
WARN	missing_definition	DOID:12286	IAO:0000115	
WARN	missing_definition	DOID:12298	IAO:0000115	
WARN	missing_definition	DOID:12304	IAO:0000115	
WARN	missing_definition	DOID:12305	IAO:0000115	
WARN	missing_definition	DOID:12307	IAO:0000115	
WARN	missing_definition	DOID:12309	IAO:0000115	
WARN	missing_definition	DOID:12311	IAO:0000115	
WARN	missing_definition	DOID:12325	IAO:0000115	
WARN	missing_definition	DOID:12326	IAO:0000115	
WARN	missing_definition	DOID:1233	IAO:0000115	
WARN	missing_definition	DOID:12332	IAO:0000115	
WARN	missing_definition	DOID:12333	IAO:0000115	
WARN	missing_definition	DOID:12335	IAO:0000115	
WARN	missing_definition	DOID:12336	IAO:0000115	
WARN	missing_definition	DOID:12337	IAO:0000115	
WARN	missing_definition	DOID:12339	IAO:0000115	
WARN	missing_definition	DOID:12342	IAO:0000115	
WARN	missing_definition	DOID:12349	IAO:0000115	
WARN	missing_definition	DOID:1235	IAO:0000115	
WARN	missing_definition	DOID:12351	IAO:0000115	
WARN	missing_definition	DOID:12355	IAO:0000115	
WARN	missing_definition	DOID:12359	IAO:0000115	
WARN	missing_definition	DOID:12360	IAO:0000115	
WARN	missing_definition	DOID:12362	IAO:0000115	
WARN	missing_definition	DOID:12363	IAO:0000115	
WARN	missing_definition	DOID:12364	IAO:0000115	
WARN	missing_definition	DOID:1237	IAO:0000115	
WARN	missing_definition	DOID:12382	IAO:0000115	
WARN	missing_definition	DOID:12395	IAO:0000115	
WARN	missing_definition	DOID:12397	IAO:0000115	
WARN	missing_definition	DOID:1241	IAO:0000115	
WARN	missing_definition	DOID:12424	IAO:0000115	
WARN	missing_definition	DOID:12445	IAO:0000115	
WARN	missing_definition	DOID:12451	IAO:0000115	
WARN	missing_definition	DOID:12465	IAO:0000115	
WARN	missing_definition	DOID:12466	IAO:0000115	
WARN	missing_definition	DOID:1248	IAO:0000115	
WARN	missing_definition	DOID:12491	IAO:0000115	
WARN	missing_definition	DOID:12514	IAO:0000115	
WARN	missing_definition	DOID:12524	IAO:0000115	
WARN	missing_definition	DOID:12526	IAO:0000115	
WARN	missing_definition	DOID:12527	IAO:0000115	
WARN	missing_definition	DOID:12528	IAO:0000115	
WARN	missing_definition	DOID:12529	IAO:0000115	
WARN	missing_definition	DOID:12537	IAO:0000115	
WARN	missing_definition	DOID:12546	IAO:0000115	
WARN	missing_definition	DOID:12550	IAO:0000115	
WARN	missing_definition	DOID:12558	IAO:0000115	
WARN	missing_definition	DOID:12573	IAO:0000115	
WARN	missing_definition	DOID:12574	IAO:0000115	
WARN	missing_definition	DOID:12577	IAO:0000115	
WARN	missing_definition	DOID:1260	IAO:0000115	
WARN	missing_definition	DOID:12639	IAO:0000115	
WARN	missing_definition	DOID:12641	IAO:0000115	
WARN	missing_definition	DOID:12642	IAO:0000115	
WARN	missing_definition	DOID:12657	IAO:0000115	
WARN	missing_definition	DOID:12661	IAO:0000115	
WARN	missing_definition	DOID:12667	IAO:0000115	
WARN	missing_definition	DOID:12668	IAO:0000115	
WARN	missing_definition	DOID:12678	IAO:0000115	
WARN	missing_definition	DOID:12679	IAO:0000115	
WARN	missing_definition	DOID:12689	IAO:0000115	
WARN	missing_definition	DOID:12705	IAO:0000115	
WARN	missing_definition	DOID:12707	IAO:0000115	
WARN	missing_definition	DOID:1272	IAO:0000115	
WARN	missing_definition	DOID:12731	IAO:0000115	
WARN	missing_definition	DOID:12732	IAO:0000115	
WARN	missing_definition	DOID:12733	IAO:0000115	
WARN	missing_definition	DOID:12753	IAO:0000115	
WARN	missing_definition	DOID:12756	IAO:0000115	
WARN	missing_definition	DOID:12759	IAO:0000115	
WARN	missing_definition	DOID:1278	IAO:0000115	
WARN	missing_definition	DOID:12782	IAO:0000115	
WARN	missing_definition	DOID:12785	IAO:0000115	
WARN	missing_definition	DOID:1279	IAO:0000115	
WARN	missing_definition	DOID:12809	IAO:0000115	
WARN	missing_definition	DOID:12835	IAO:0000115	
WARN	missing_definition	DOID:12836	IAO:0000115	
WARN	missing_definition	DOID:12837	IAO:0000115	
WARN	missing_definition	DOID:1285	IAO:0000115	
WARN	missing_definition	DOID:12895	IAO:0000115	
WARN	missing_definition	DOID:12897	IAO:0000115	
WARN	missing_definition	DOID:12899	IAO:0000115	
WARN	missing_definition	DOID:12901	IAO:0000115	
WARN	missing_definition	DOID:12904	IAO:0000115	
WARN	missing_definition	DOID:12905	IAO:0000115	
WARN	missing_definition	DOID:12918	IAO:0000115	
WARN	missing_definition	DOID:12932	IAO:0000115	
WARN	missing_definition	DOID:12934	IAO:0000115	
WARN	missing_definition	DOID:12935	IAO:0000115	
WARN	missing_definition	DOID:12958	IAO:0000115	
WARN	missing_definition	DOID:12959	IAO:0000115	
WARN	missing_definition	DOID:12972	IAO:0000115	
WARN	missing_definition	DOID:12984	IAO:0000115	
WARN	missing_definition	DOID:12986	IAO:0000115	
WARN	missing_definition	DOID:12996	IAO:0000115	
WARN	missing_definition	DOID:12997	IAO:0000115	
WARN	missing_definition	DOID:13001	IAO:0000115	
WARN	missing_definition	DOID:13002	IAO:0000115	
WARN	missing_definition	DOID:13003	IAO:0000115	
WARN	missing_definition	DOID:13005	IAO:0000115	
WARN	missing_definition	DOID:13014	IAO:0000115	
WARN	missing_definition	DOID:13025	IAO:0000115	
WARN	missing_definition	DOID:13031	IAO:0000115	
WARN	missing_definition	DOID:13033	IAO:0000115	
WARN	missing_definition	DOID:13037	IAO:0000115	
WARN	missing_definition	DOID:13038	IAO:0000115	
WARN	missing_definition	DOID:13042	IAO:0000115	
WARN	missing_definition	DOID:13068	IAO:0000115	
WARN	missing_definition	DOID:13072	IAO:0000115	
WARN	missing_definition	DOID:13081	IAO:0000115	
WARN	missing_definition	DOID:13088	IAO:0000115	
WARN	missing_definition	DOID:13089	IAO:0000115	
WARN	missing_definition	DOID:13094	IAO:0000115	
WARN	missing_definition	DOID:13095	IAO:0000115	
WARN	missing_definition	DOID:13097	IAO:0000115	
WARN	missing_definition	DOID:13100	IAO:0000115	
WARN	missing_definition	DOID:13110	IAO:0000115	
WARN	missing_definition	DOID:13112	IAO:0000115	
WARN	missing_definition	DOID:13113	IAO:0000115	
WARN	missing_definition	DOID:1312	IAO:0000115	
WARN	missing_definition	DOID:13127	IAO:0000115	
WARN	missing_definition	DOID:13135	IAO:0000115	
WARN	missing_definition	DOID:13138	IAO:0000115	
WARN	missing_definition	DOID:13139	IAO:0000115	
WARN	missing_definition	DOID:13143	IAO:0000115	
WARN	missing_definition	DOID:13147	IAO:0000115	
WARN	missing_definition	DOID:13160	IAO:0000115	
WARN	missing_definition	DOID:13168	IAO:0000115	
WARN	missing_definition	DOID:13169	IAO:0000115	
WARN	missing_definition	DOID:13174	IAO:0000115	
WARN	missing_definition	DOID:13185	IAO:0000115	
WARN	missing_definition	DOID:13186	IAO:0000115	
WARN	missing_definition	DOID:13195	IAO:0000115	
WARN	missing_definition	DOID:13196	IAO:0000115	
WARN	missing_definition	DOID:13197	IAO:0000115	
WARN	missing_definition	DOID:13200	IAO:0000115	
WARN	missing_definition	DOID:13206	IAO:0000115	
WARN	missing_definition	DOID:13207	IAO:0000115	
WARN	missing_definition	DOID:13208	IAO:0000115	
WARN	missing_definition	DOID:13209	IAO:0000115	
WARN	missing_definition	DOID:13214	IAO:0000115	
WARN	missing_definition	DOID:13227	IAO:0000115	
WARN	missing_definition	DOID:13239	IAO:0000115	
WARN	missing_definition	DOID:13240	IAO:0000115	
WARN	missing_definition	DOID:13248	IAO:0000115	
WARN	missing_definition	DOID:13249	IAO:0000115	
WARN	missing_definition	DOID:13252	IAO:0000115	
WARN	missing_definition	DOID:13269	IAO:0000115	
WARN	missing_definition	DOID:13271	IAO:0000115	
WARN	missing_definition	DOID:13295	IAO:0000115	
WARN	missing_definition	DOID:13313	IAO:0000115	
WARN	missing_definition	DOID:13326	IAO:0000115	
WARN	missing_definition	DOID:13329	IAO:0000115	
WARN	missing_definition	DOID:13333	IAO:0000115	
WARN	missing_definition	DOID:13341	IAO:0000115	
WARN	missing_definition	DOID:13348	IAO:0000115	
WARN	missing_definition	DOID:13351	IAO:0000115	
WARN	missing_definition	DOID:13353	IAO:0000115	
WARN	missing_definition	DOID:13356	IAO:0000115	
WARN	missing_definition	DOID:13401	IAO:0000115	
WARN	missing_definition	DOID:13402	IAO:0000115	
WARN	missing_definition	DOID:13407	IAO:0000115	
WARN	missing_definition	DOID:13409	IAO:0000115	
WARN	missing_definition	DOID:13419	IAO:0000115	
WARN	missing_definition	DOID:1343	IAO:0000115	
WARN	missing_definition	DOID:13446	IAO:0000115	
WARN	missing_definition	DOID:13447	IAO:0000115	
WARN	missing_definition	DOID:13448	IAO:0000115	
WARN	missing_definition	DOID:13452	IAO:0000115	
WARN	missing_definition	DOID:13454	IAO:0000115	
WARN	missing_definition	DOID:13461	IAO:0000115	
WARN	missing_definition	DOID:13476	IAO:0000115	
WARN	missing_definition	DOID:13490	IAO:0000115	
WARN	missing_definition	DOID:13491	IAO:0000115	
WARN	missing_definition	DOID:13492	IAO:0000115	
WARN	missing_definition	DOID:13498	IAO:0000115	
WARN	missing_definition	DOID:13499	IAO:0000115	
WARN	missing_definition	DOID:1350	IAO:0000115	
WARN	missing_definition	DOID:13500	IAO:0000115	
WARN	missing_definition	DOID:13507	IAO:0000115	
WARN	missing_definition	DOID:13514	IAO:0000115	
WARN	missing_definition	DOID:1352	IAO:0000115	
WARN	missing_definition	DOID:13520	IAO:0000115	
WARN	missing_definition	DOID:13538	IAO:0000115	
WARN	missing_definition	DOID:13548	IAO:0000115	
WARN	missing_definition	DOID:1355	IAO:0000115	
WARN	missing_definition	DOID:13561	IAO:0000115	
WARN	missing_definition	DOID:13566	IAO:0000115	
WARN	missing_definition	DOID:1357	IAO:0000115	
WARN	missing_definition	DOID:13575	IAO:0000115	
WARN	missing_definition	DOID:1358	IAO:0000115	
WARN	missing_definition	DOID:13585	IAO:0000115	
WARN	missing_definition	DOID:1360	IAO:0000115	
WARN	missing_definition	DOID:1361	IAO:0000115	
WARN	missing_definition	DOID:13620	IAO:0000115	
WARN	missing_definition	DOID:13626	IAO:0000115	
WARN	missing_definition	DOID:13629	IAO:0000115	
WARN	missing_definition	DOID:1363	IAO:0000115	
WARN	missing_definition	DOID:1364	IAO:0000115	
WARN	missing_definition	DOID:13649	IAO:0000115	
WARN	missing_definition	DOID:13651	IAO:0000115	
WARN	missing_definition	DOID:13653	IAO:0000115	
WARN	missing_definition	DOID:13654	IAO:0000115	
WARN	missing_definition	DOID:13655	IAO:0000115	
WARN	missing_definition	DOID:13656	IAO:0000115	
WARN	missing_definition	DOID:13658	IAO:0000115	
WARN	missing_definition	DOID:13662	IAO:0000115	
WARN	missing_definition	DOID:13664	IAO:0000115	
WARN	missing_definition	DOID:13676	IAO:0000115	
WARN	missing_definition	DOID:13687	IAO:0000115	
WARN	missing_definition	DOID:13689	IAO:0000115	
WARN	missing_definition	DOID:13709	IAO:0000115	
WARN	missing_definition	DOID:13730	IAO:0000115	
WARN	missing_definition	DOID:13731	IAO:0000115	
WARN	missing_definition	DOID:13732	IAO:0000115	
WARN	missing_definition	DOID:13738	IAO:0000115	
WARN	missing_definition	DOID:13739	IAO:0000115	
WARN	missing_definition	DOID:13742	IAO:0000115	
WARN	missing_definition	DOID:1375	IAO:0000115	
WARN	missing_definition	DOID:13756	IAO:0000115	
WARN	missing_definition	DOID:13757	IAO:0000115	
WARN	missing_definition	DOID:13781	IAO:0000115	
WARN	missing_definition	DOID:13787	IAO:0000115	
WARN	missing_definition	DOID:13788	IAO:0000115	
WARN	missing_definition	DOID:13789	IAO:0000115	
WARN	missing_definition	DOID:13790	IAO:0000115	
WARN	missing_definition	DOID:13794	IAO:0000115	
WARN	missing_definition	DOID:13809	IAO:0000115	
WARN	missing_definition	DOID:13823	IAO:0000115	
WARN	missing_definition	DOID:13825	IAO:0000115	
WARN	missing_definition	DOID:13832	IAO:0000115	
WARN	missing_definition	DOID:13839	IAO:0000115	
WARN	missing_definition	DOID:13864	IAO:0000115	
WARN	missing_definition	DOID:13865	IAO:0000115	
WARN	missing_definition	DOID:13866	IAO:0000115	
WARN	missing_definition	DOID:13868	IAO:0000115	
WARN	missing_definition	DOID:13884	IAO:0000115	
WARN	missing_definition	DOID:139	IAO:0000115	
WARN	missing_definition	DOID:13909	IAO:0000115	
WARN	missing_definition	DOID:1391	IAO:0000115	
WARN	missing_definition	DOID:13910	IAO:0000115	
WARN	missing_definition	DOID:13912	IAO:0000115	
WARN	missing_definition	DOID:13913	IAO:0000115	
WARN	missing_definition	DOID:13919	IAO:0000115	
WARN	missing_definition	DOID:1392	IAO:0000115	
WARN	missing_definition	DOID:13921	IAO:0000115	
WARN	missing_definition	DOID:13924	IAO:0000115	
WARN	missing_definition	DOID:13929	IAO:0000115	
WARN	missing_definition	DOID:13934	IAO:0000115	
WARN	missing_definition	DOID:13942	IAO:0000115	
WARN	missing_definition	DOID:13943	IAO:0000115	
WARN	missing_definition	DOID:13948	IAO:0000115	
WARN	missing_definition	DOID:13949	IAO:0000115	
WARN	missing_definition	DOID:1397	IAO:0000115	
WARN	missing_definition	DOID:13976	IAO:0000115	
WARN	missing_definition	DOID:1399	IAO:0000115	
WARN	missing_definition	DOID:13996	IAO:0000115	
WARN	missing_definition	DOID:13999	IAO:0000115	
WARN	missing_definition	DOID:14000	IAO:0000115	
WARN	missing_definition	DOID:14006	IAO:0000115	
WARN	missing_definition	DOID:14018	IAO:0000115	
WARN	missing_definition	DOID:14022	IAO:0000115	
WARN	missing_definition	DOID:14032	IAO:0000115	
WARN	missing_definition	DOID:14033	IAO:0000115	
WARN	missing_definition	DOID:1404	IAO:0000115	
WARN	missing_definition	DOID:14043	IAO:0000115	
WARN	missing_definition	DOID:1406	IAO:0000115	
WARN	missing_definition	DOID:14064	IAO:0000115	
WARN	missing_definition	DOID:14066	IAO:0000115	
WARN	missing_definition	DOID:1407	IAO:0000115	
WARN	missing_definition	DOID:14070	IAO:0000115	
WARN	missing_definition	DOID:14075	IAO:0000115	
WARN	missing_definition	DOID:14089	IAO:0000115	
WARN	missing_definition	DOID:14096	IAO:0000115	
WARN	missing_definition	DOID:14099	IAO:0000115	
WARN	missing_definition	DOID:14107	IAO:0000115	
WARN	missing_definition	DOID:14111	IAO:0000115	
WARN	missing_definition	DOID:14116	IAO:0000115	
WARN	missing_definition	DOID:14121	IAO:0000115	
WARN	missing_definition	DOID:14125	IAO:0000115	
WARN	missing_definition	DOID:14139	IAO:0000115	
WARN	missing_definition	DOID:14140	IAO:0000115	
WARN	missing_definition	DOID:14145	IAO:0000115	
WARN	missing_definition	DOID:1415	IAO:0000115	
WARN	missing_definition	DOID:14151	IAO:0000115	
WARN	missing_definition	DOID:14152	IAO:0000115	
WARN	missing_definition	DOID:14155	IAO:0000115	
WARN	missing_definition	DOID:14165	IAO:0000115	
WARN	missing_definition	DOID:14172	IAO:0000115	
WARN	missing_definition	DOID:14174	IAO:0000115	
WARN	missing_definition	DOID:14175	IAO:0000115	
WARN	missing_definition	DOID:14177	IAO:0000115	
WARN	missing_definition	DOID:14181	IAO:0000115	
WARN	missing_definition	DOID:14183	IAO:0000115	
WARN	missing_definition	DOID:14184	IAO:0000115	
WARN	missing_definition	DOID:14192	IAO:0000115	
WARN	missing_definition	DOID:14199	IAO:0000115	
WARN	missing_definition	DOID:14202	IAO:0000115	
WARN	missing_definition	DOID:14203	IAO:0000115	
WARN	missing_definition	DOID:14224	IAO:0000115	
WARN	missing_definition	DOID:14233	IAO:0000115	
WARN	missing_definition	DOID:14244	IAO:0000115	
WARN	missing_definition	DOID:14245	IAO:0000115	
WARN	missing_definition	DOID:1425	IAO:0000115	
WARN	missing_definition	DOID:14251	IAO:0000115	
WARN	missing_definition	DOID:14252	IAO:0000115	
WARN	missing_definition	DOID:14253	IAO:0000115	
WARN	missing_definition	DOID:14268	IAO:0000115	
WARN	missing_definition	DOID:14269	IAO:0000115	
WARN	missing_definition	DOID:14270	IAO:0000115	
WARN	missing_definition	DOID:14271	IAO:0000115	
WARN	missing_definition	DOID:14272	IAO:0000115	
WARN	missing_definition	DOID:14276	IAO:0000115	
WARN	missing_definition	DOID:14283	IAO:0000115	
WARN	missing_definition	DOID:14284	IAO:0000115	
WARN	missing_definition	DOID:14286	IAO:0000115	
WARN	missing_definition	DOID:14308	IAO:0000115	
WARN	missing_definition	DOID:14332	IAO:0000115	
WARN	missing_definition	DOID:14350	IAO:0000115	
WARN	missing_definition	DOID:14351	IAO:0000115	
WARN	missing_definition	DOID:14353	IAO:0000115	
WARN	missing_definition	DOID:1436	IAO:0000115	
WARN	missing_definition	DOID:1439	IAO:0000115	
WARN	missing_definition	DOID:14402	IAO:0000115	
WARN	missing_definition	DOID:14413	IAO:0000115	
WARN	missing_definition	DOID:14423	IAO:0000115	
WARN	missing_definition	DOID:14427	IAO:0000115	
WARN	missing_definition	DOID:14451	IAO:0000115	
WARN	missing_definition	DOID:14452	IAO:0000115	
WARN	missing_definition	DOID:14459	IAO:0000115	
WARN	missing_definition	DOID:14463	IAO:0000115	
WARN	missing_definition	DOID:14483	IAO:0000115	
WARN	missing_definition	DOID:14489	IAO:0000115	
WARN	missing_definition	DOID:14491	IAO:0000115	
WARN	missing_definition	DOID:14495	IAO:0000115	
WARN	missing_definition	DOID:14498	IAO:0000115	
WARN	missing_definition	DOID:14500	IAO:0000115	
WARN	missing_definition	DOID:14503	IAO:0000115	
WARN	missing_definition	DOID:14507	IAO:0000115	
WARN	missing_definition	DOID:14522	IAO:0000115	
WARN	missing_definition	DOID:14524	IAO:0000115	
WARN	missing_definition	DOID:14529	IAO:0000115	
WARN	missing_definition	DOID:1453	IAO:0000115	
WARN	missing_definition	DOID:14534	IAO:0000115	
WARN	missing_definition	DOID:14535	IAO:0000115	
WARN	missing_definition	DOID:14546	IAO:0000115	
WARN	missing_definition	DOID:14548	IAO:0000115	
WARN	missing_definition	DOID:14550	IAO:0000115	
WARN	missing_definition	DOID:14555	IAO:0000115	
WARN	missing_definition	DOID:14559	IAO:0000115	
WARN	missing_definition	DOID:1456	IAO:0000115	
WARN	missing_definition	DOID:1458	IAO:0000115	
WARN	missing_definition	DOID:146	IAO:0000115	
WARN	missing_definition	DOID:1460	IAO:0000115	
WARN	missing_definition	DOID:14654	IAO:0000115	
WARN	missing_definition	DOID:14683	IAO:0000115	
WARN	missing_definition	DOID:14692	IAO:0000115	
WARN	missing_definition	DOID:14777	IAO:0000115	
WARN	missing_definition	DOID:1522	IAO:0000115	
WARN	missing_definition	DOID:1523	IAO:0000115	
WARN	missing_definition	DOID:1525	IAO:0000115	
WARN	missing_definition	DOID:1529	IAO:0000115	
WARN	missing_definition	DOID:1569	IAO:0000115	
WARN	missing_definition	DOID:1570	IAO:0000115	
WARN	missing_definition	DOID:1571	IAO:0000115	
WARN	missing_definition	DOID:1577	IAO:0000115	
WARN	missing_definition	DOID:1578	IAO:0000115	
WARN	missing_definition	DOID:1580	IAO:0000115	
WARN	missing_definition	DOID:1587	IAO:0000115	
WARN	missing_definition	DOID:1591	IAO:0000115	
WARN	missing_definition	DOID:1627	IAO:0000115	
WARN	missing_definition	DOID:166	IAO:0000115	
WARN	missing_definition	DOID:1660	IAO:0000115	
WARN	missing_definition	DOID:1670	IAO:0000115	
WARN	missing_definition	DOID:1677	IAO:0000115	
WARN	missing_definition	DOID:1680	IAO:0000115	
WARN	missing_definition	DOID:1681	IAO:0000115	
WARN	missing_definition	DOID:1703	IAO:0000115	
WARN	missing_definition	DOID:171	IAO:0000115	
WARN	missing_definition	DOID:1713	IAO:0000115	
WARN	missing_definition	DOID:172	IAO:0000115	
WARN	missing_definition	DOID:1724	IAO:0000115	
WARN	missing_definition	DOID:1726	IAO:0000115	
WARN	missing_definition	DOID:1727	IAO:0000115	
WARN	missing_definition	DOID:1729	IAO:0000115	
WARN	missing_definition	DOID:173	IAO:0000115	
WARN	missing_definition	DOID:1737	IAO:0000115	
WARN	missing_definition	DOID:174	IAO:0000115	
WARN	missing_definition	DOID:1742	IAO:0000115	
WARN	missing_definition	DOID:1751	IAO:0000115	
WARN	missing_definition	DOID:1757	IAO:0000115	
WARN	missing_definition	DOID:1760	IAO:0000115	
WARN	missing_definition	DOID:1761	IAO:0000115	
WARN	missing_definition	DOID:1770	IAO:0000115	
WARN	missing_definition	DOID:1776	IAO:0000115	
WARN	missing_definition	DOID:1777	IAO:0000115	
WARN	missing_definition	DOID:1786	IAO:0000115	
WARN	missing_definition	DOID:1789	IAO:0000115	
WARN	missing_definition	DOID:1792	IAO:0000115	
WARN	missing_definition	DOID:1802	IAO:0000115	
WARN	missing_definition	DOID:1803	IAO:0000115	
WARN	missing_definition	DOID:1811	IAO:0000115	
WARN	missing_definition	DOID:1822	IAO:0000115	
WARN	missing_definition	DOID:1824	IAO:0000115	
WARN	missing_definition	DOID:1829	IAO:0000115	
WARN	missing_definition	DOID:1835	IAO:0000115	
WARN	missing_definition	DOID:1838	IAO:0000115	
WARN	missing_definition	DOID:1844	IAO:0000115	
WARN	missing_definition	DOID:1863	IAO:0000115	
WARN	missing_definition	DOID:1866	IAO:0000115	
WARN	missing_definition	DOID:1869	IAO:0000115	
WARN	missing_definition	DOID:1893	IAO:0000115	
WARN	missing_definition	DOID:1894	IAO:0000115	
WARN	missing_definition	DOID:1896	IAO:0000115	
WARN	missing_definition	DOID:1897	IAO:0000115	
WARN	missing_definition	DOID:1906	IAO:0000115	
WARN	missing_definition	DOID:1907	IAO:0000115	
WARN	missing_definition	DOID:1942	IAO:0000115	
WARN	missing_definition	DOID:1943	IAO:0000115	
WARN	missing_definition	DOID:1979	IAO:0000115	
WARN	missing_definition	DOID:1988	IAO:0000115	
WARN	missing_definition	DOID:1992	IAO:0000115	
WARN	missing_definition	DOID:1998	IAO:0000115	
WARN	missing_definition	DOID:200	IAO:0000115	
WARN	missing_definition	DOID:2006	IAO:0000115	
WARN	missing_definition	DOID:2007	IAO:0000115	
WARN	missing_definition	DOID:2018	IAO:0000115	
WARN	missing_definition	DOID:2044	IAO:0000115	
WARN	missing_definition	DOID:2053	IAO:0000115	
WARN	missing_definition	DOID:2061	IAO:0000115	
WARN	missing_definition	DOID:2065	IAO:0000115	
WARN	missing_definition	DOID:2068	IAO:0000115	
WARN	missing_definition	DOID:2071	IAO:0000115	
WARN	missing_definition	DOID:2073	IAO:0000115	
WARN	missing_definition	DOID:2074	IAO:0000115	
WARN	missing_definition	DOID:2078	IAO:0000115	
WARN	missing_definition	DOID:2079	IAO:0000115	
WARN	missing_definition	DOID:2092	IAO:0000115	
WARN	missing_definition	DOID:2095	IAO:0000115	
WARN	missing_definition	DOID:2135	IAO:0000115	
WARN	missing_definition	DOID:2139	IAO:0000115	
WARN	missing_definition	DOID:214	IAO:0000115	
WARN	missing_definition	DOID:2140	IAO:0000115	
WARN	missing_definition	DOID:2155	IAO:0000115	
WARN	missing_definition	DOID:2163	IAO:0000115	
WARN	missing_definition	DOID:217	IAO:0000115	
WARN	missing_definition	DOID:2173	IAO:0000115	
WARN	missing_definition	DOID:2176	IAO:0000115	
WARN	missing_definition	DOID:218	IAO:0000115	
WARN	missing_definition	DOID:2181	IAO:0000115	
WARN	missing_definition	DOID:2213	IAO:0000115	
WARN	missing_definition	DOID:2216	IAO:0000115	
WARN	missing_definition	DOID:2223	IAO:0000115	
WARN	missing_definition	DOID:223	IAO:0000115	
WARN	missing_definition	DOID:2239	IAO:0000115	
WARN	missing_definition	DOID:2251	IAO:0000115	
WARN	missing_definition	DOID:2283	IAO:0000115	
WARN	missing_definition	DOID:2286	IAO:0000115	
WARN	missing_definition	DOID:2301	IAO:0000115	
WARN	missing_definition	DOID:2344	IAO:0000115	
WARN	missing_definition	DOID:2346	IAO:0000115	
WARN	missing_definition	DOID:2351	IAO:0000115	
WARN	missing_definition	DOID:2367	IAO:0000115	
WARN	missing_definition	DOID:238	IAO:0000115	
WARN	missing_definition	DOID:2388	IAO:0000115	
WARN	missing_definition	DOID:2392	IAO:0000115	
WARN	missing_definition	DOID:240	IAO:0000115	
WARN	missing_definition	DOID:2410	IAO:0000115	
WARN	missing_definition	DOID:2411	IAO:0000115	
WARN	missing_definition	DOID:2425	IAO:0000115	
WARN	missing_definition	DOID:2430	IAO:0000115	
WARN	missing_definition	DOID:2433	IAO:0000115	
WARN	missing_definition	DOID:2435	IAO:0000115	
WARN	missing_definition	DOID:2438	IAO:0000115	
WARN	missing_definition	DOID:2444	IAO:0000115	
WARN	missing_definition	DOID:2450	IAO:0000115	
WARN	missing_definition	DOID:2457	IAO:0000115	
WARN	missing_definition	DOID:2458	IAO:0000115	
WARN	missing_definition	DOID:2460	IAO:0000115	
WARN	missing_definition	DOID:2462	IAO:0000115	
WARN	missing_definition	DOID:2474	IAO:0000115	
WARN	missing_definition	DOID:2475	IAO:0000115	
WARN	missing_definition	DOID:2485	IAO:0000115	
WARN	missing_definition	DOID:2490	IAO:0000115	
WARN	missing_definition	DOID:2493	IAO:0000115	
WARN	missing_definition	DOID:2495	IAO:0000115	
WARN	missing_definition	DOID:2497	IAO:0000115	
WARN	missing_definition	DOID:2498	IAO:0000115	
WARN	missing_definition	DOID:251	IAO:0000115	
WARN	missing_definition	DOID:2516	IAO:0000115	
WARN	missing_definition	DOID:2517	IAO:0000115	
WARN	missing_definition	DOID:2518	IAO:0000115	
WARN	missing_definition	DOID:2519	IAO:0000115	
WARN	missing_definition	DOID:2529	IAO:0000115	
WARN	missing_definition	DOID:2530	IAO:0000115	
WARN	missing_definition	DOID:2533	IAO:0000115	
WARN	missing_definition	DOID:2536	IAO:0000115	
WARN	missing_definition	DOID:254	IAO:0000115	
WARN	missing_definition	DOID:2550	IAO:0000115	
WARN	missing_definition	DOID:2555	IAO:0000115	
WARN	missing_definition	DOID:256	IAO:0000115	
WARN	missing_definition	DOID:2562	IAO:0000115	
WARN	missing_definition	DOID:2566	IAO:0000115	
WARN	missing_definition	DOID:2569	IAO:0000115	
WARN	missing_definition	DOID:2570	IAO:0000115	
WARN	missing_definition	DOID:2595	IAO:0000115	
WARN	missing_definition	DOID:2597	IAO:0000115	
WARN	missing_definition	DOID:2598	IAO:0000115	
WARN	missing_definition	DOID:2599	IAO:0000115	
WARN	missing_definition	DOID:260	IAO:0000115	
WARN	missing_definition	DOID:2601	IAO:0000115	
WARN	missing_definition	DOID:261	IAO:0000115	
WARN	missing_definition	DOID:2614	IAO:0000115	
WARN	missing_definition	DOID:2626	IAO:0000115	
WARN	missing_definition	DOID:2643	IAO:0000115	
WARN	missing_definition	DOID:2647	IAO:0000115	
WARN	missing_definition	DOID:2648	IAO:0000115	
WARN	missing_definition	DOID:2653	IAO:0000115	
WARN	missing_definition	DOID:2664	IAO:0000115	
WARN	missing_definition	DOID:2668	IAO:0000115	
WARN	missing_definition	DOID:2669	IAO:0000115	
WARN	missing_definition	DOID:2670	IAO:0000115	
WARN	missing_definition	DOID:2679	IAO:0000115	
WARN	missing_definition	DOID:2682	IAO:0000115	
WARN	missing_definition	DOID:2685	IAO:0000115	
WARN	missing_definition	DOID:2697	IAO:0000115	
WARN	missing_definition	DOID:2698	IAO:0000115	
WARN	missing_definition	DOID:2701	IAO:0000115	
WARN	missing_definition	DOID:2702	IAO:0000115	
WARN	missing_definition	DOID:2704	IAO:0000115	
WARN	missing_definition	DOID:2705	IAO:0000115	
WARN	missing_definition	DOID:2706	IAO:0000115	
WARN	missing_definition	DOID:271	IAO:0000115	
WARN	missing_definition	DOID:2712	IAO:0000115	
WARN	missing_definition	DOID:2733	IAO:0000115	
WARN	missing_definition	DOID:2734	IAO:0000115	
WARN	missing_definition	DOID:2743	IAO:0000115	
WARN	missing_definition	DOID:2744	IAO:0000115	
WARN	missing_definition	DOID:275	IAO:0000115	
WARN	missing_definition	DOID:2764	IAO:0000115	
WARN	missing_definition	DOID:277	IAO:0000115	
WARN	missing_definition	DOID:2773	IAO:0000115	
WARN	missing_definition	DOID:2780	IAO:0000115	
WARN	missing_definition	DOID:2781	IAO:0000115	
WARN	missing_definition	DOID:2782	IAO:0000115	
WARN	missing_definition	DOID:2814	IAO:0000115	
WARN	missing_definition	DOID:2816	IAO:0000115	
WARN	missing_definition	DOID:2817	IAO:0000115	
WARN	missing_definition	DOID:2825	IAO:0000115	
WARN	missing_definition	DOID:2833	IAO:0000115	
WARN	missing_definition	DOID:2834	IAO:0000115	
WARN	missing_definition	DOID:2835	IAO:0000115	
WARN	missing_definition	DOID:2838	IAO:0000115	
WARN	missing_definition	DOID:2839	IAO:0000115	
WARN	missing_definition	DOID:2842	IAO:0000115	
WARN	missing_definition	DOID:2856	IAO:0000115	
WARN	missing_definition	DOID:2859	IAO:0000115	
WARN	missing_definition	DOID:2860	IAO:0000115	
WARN	missing_definition	DOID:2861	IAO:0000115	
WARN	missing_definition	DOID:2879	IAO:0000115	
WARN	missing_definition	DOID:2885	IAO:0000115	
WARN	missing_definition	DOID:2889	IAO:0000115	
WARN	missing_definition	DOID:292	IAO:0000115	
WARN	missing_definition	DOID:2920	IAO:0000115	
WARN	missing_definition	DOID:293	IAO:0000115	
WARN	missing_definition	DOID:294	IAO:0000115	
WARN	missing_definition	DOID:2951	IAO:0000115	
WARN	missing_definition	DOID:296	IAO:0000115	
WARN	missing_definition	DOID:297	IAO:0000115	
WARN	missing_definition	DOID:2972	IAO:0000115	
WARN	missing_definition	DOID:2981	IAO:0000115	
WARN	missing_definition	DOID:2982	IAO:0000115	
WARN	missing_definition	DOID:2983	IAO:0000115	
WARN	missing_definition	DOID:2992	IAO:0000115	
WARN	missing_definition	DOID:2996	IAO:0000115	
WARN	missing_definition	DOID:3021	IAO:0000115	
WARN	missing_definition	DOID:3024	IAO:0000115	
WARN	missing_definition	DOID:3029	IAO:0000115	
WARN	missing_definition	DOID:3033	IAO:0000115	
WARN	missing_definition	DOID:3038	IAO:0000115	
WARN	missing_definition	DOID:3079	IAO:0000115	
WARN	missing_definition	DOID:308	IAO:0000115	
WARN	missing_definition	DOID:3081	IAO:0000115	
WARN	missing_definition	DOID:3086	IAO:0000115	
WARN	missing_definition	DOID:3087	IAO:0000115	
WARN	missing_definition	DOID:3089	IAO:0000115	
WARN	missing_definition	DOID:3096	IAO:0000115	
WARN	missing_definition	DOID:310	IAO:0000115	
WARN	missing_definition	DOID:3116	IAO:0000115	
WARN	missing_definition	DOID:3122	IAO:0000115	
WARN	missing_definition	DOID:3134	IAO:0000115	
WARN	missing_definition	DOID:3136	IAO:0000115	
WARN	missing_definition	DOID:314	IAO:0000115	
WARN	missing_definition	DOID:3142	IAO:0000115	
WARN	missing_definition	DOID:3148	IAO:0000115	
WARN	missing_definition	DOID:3149	IAO:0000115	
WARN	missing_definition	DOID:315	IAO:0000115	
WARN	missing_definition	DOID:3153	IAO:0000115	
WARN	missing_definition	DOID:3158	IAO:0000115	
WARN	missing_definition	DOID:3159	IAO:0000115	
WARN	missing_definition	DOID:3165	IAO:0000115	
WARN	missing_definition	DOID:3172	IAO:0000115	
WARN	missing_definition	DOID:3177	IAO:0000115	
WARN	missing_definition	DOID:3179	IAO:0000115	
WARN	missing_definition	DOID:318	IAO:0000115	
WARN	missing_definition	DOID:3181	IAO:0000115	
WARN	missing_definition	DOID:3183	IAO:0000115	
WARN	missing_definition	DOID:3184	IAO:0000115	
WARN	missing_definition	DOID:3186	IAO:0000115	
WARN	missing_definition	DOID:319	IAO:0000115	
WARN	missing_definition	DOID:3198	IAO:0000115	
WARN	missing_definition	DOID:3199	IAO:0000115	
WARN	missing_definition	DOID:320	IAO:0000115	
WARN	missing_definition	DOID:3201	IAO:0000115	
WARN	missing_definition	DOID:3202	IAO:0000115	
WARN	missing_definition	DOID:3203	IAO:0000115	
WARN	missing_definition	DOID:3205	IAO:0000115	
WARN	missing_definition	DOID:3206	IAO:0000115	
WARN	missing_definition	DOID:3216	IAO:0000115	
WARN	missing_definition	DOID:3218	IAO:0000115	
WARN	missing_definition	DOID:3222	IAO:0000115	
WARN	missing_definition	DOID:3223	IAO:0000115	
WARN	missing_definition	DOID:3225	IAO:0000115	
WARN	missing_definition	DOID:3227	IAO:0000115	
WARN	missing_definition	DOID:3229	IAO:0000115	
WARN	missing_definition	DOID:3230	IAO:0000115	
WARN	missing_definition	DOID:3250	IAO:0000115	
WARN	missing_definition	DOID:3253	IAO:0000115	
WARN	missing_definition	DOID:3255	IAO:0000115	
WARN	missing_definition	DOID:327	IAO:0000115	
WARN	missing_definition	DOID:3278	IAO:0000115	
WARN	missing_definition	DOID:3279	IAO:0000115	
WARN	missing_definition	DOID:3280	IAO:0000115	
WARN	missing_definition	DOID:3281	IAO:0000115	
WARN	missing_definition	DOID:3283	IAO:0000115	
WARN	missing_definition	DOID:3316	IAO:0000115	
WARN	missing_definition	DOID:3317	IAO:0000115	
WARN	missing_definition	DOID:3318	IAO:0000115	
WARN	missing_definition	DOID:3325	IAO:0000115	
WARN	missing_definition	DOID:3326	IAO:0000115	
WARN	missing_definition	DOID:3327	IAO:0000115	
WARN	missing_definition	DOID:3330	IAO:0000115	
WARN	missing_definition	DOID:3351	IAO:0000115	
WARN	missing_definition	DOID:3352	IAO:0000115	
WARN	missing_definition	DOID:3360	IAO:0000115	
WARN	missing_definition	DOID:3361	IAO:0000115	
WARN	missing_definition	DOID:3362	IAO:0000115	
WARN	missing_definition	DOID:3367	IAO:0000115	
WARN	missing_definition	DOID:337	IAO:0000115	
WARN	missing_definition	DOID:3372	IAO:0000115	
WARN	missing_definition	DOID:3373	IAO:0000115	
WARN	missing_definition	DOID:3374	IAO:0000115	
WARN	missing_definition	DOID:3377	IAO:0000115	
WARN	missing_definition	DOID:3379	IAO:0000115	
WARN	missing_definition	DOID:3381	IAO:0000115	
WARN	missing_definition	DOID:3407	IAO:0000115	
WARN	missing_definition	DOID:3410	IAO:0000115	
WARN	missing_definition	DOID:3417	IAO:0000115	
WARN	missing_definition	DOID:3419	IAO:0000115	
WARN	missing_definition	DOID:342	IAO:0000115	
WARN	missing_definition	DOID:3421	IAO:0000115	
WARN	missing_definition	DOID:3428	IAO:0000115	
WARN	missing_definition	DOID:3444	IAO:0000115	
WARN	missing_definition	DOID:3445	IAO:0000115	
WARN	missing_definition	DOID:3446	IAO:0000115	
WARN	missing_definition	DOID:3448	IAO:0000115	
WARN	missing_definition	DOID:3478	IAO:0000115	
WARN	missing_definition	DOID:3486	IAO:0000115	
WARN	missing_definition	DOID:349	IAO:0000115	
WARN	missing_definition	DOID:3494	IAO:0000115	
WARN	missing_definition	DOID:3497	IAO:0000115	
WARN	missing_definition	DOID:3499	IAO:0000115	
WARN	missing_definition	DOID:350	IAO:0000115	
WARN	missing_definition	DOID:3501	IAO:0000115	
WARN	missing_definition	DOID:3504	IAO:0000115	
WARN	missing_definition	DOID:3508	IAO:0000115	
WARN	missing_definition	DOID:3512	IAO:0000115	
WARN	missing_definition	DOID:3516	IAO:0000115	
WARN	missing_definition	DOID:3517	IAO:0000115	
WARN	missing_definition	DOID:3520	IAO:0000115	
WARN	missing_definition	DOID:3525	IAO:0000115	
WARN	missing_definition	DOID:3527	IAO:0000115	
WARN	missing_definition	DOID:3528	IAO:0000115	
WARN	missing_definition	DOID:3530	IAO:0000115	
WARN	missing_definition	DOID:3542	IAO:0000115	
WARN	missing_definition	DOID:3544	IAO:0000115	
WARN	missing_definition	DOID:3545	IAO:0000115	
WARN	missing_definition	DOID:3558	IAO:0000115	
WARN	missing_definition	DOID:3572	IAO:0000115	
WARN	missing_definition	DOID:3574	IAO:0000115	
WARN	missing_definition	DOID:3575	IAO:0000115	
WARN	missing_definition	DOID:3576	IAO:0000115	
WARN	missing_definition	DOID:3579	IAO:0000115	
WARN	missing_definition	DOID:3590	IAO:0000115	
WARN	missing_definition	DOID:3593	IAO:0000115	
WARN	missing_definition	DOID:3607	IAO:0000115	
WARN	missing_definition	DOID:3611	IAO:0000115	
WARN	missing_definition	DOID:3612	IAO:0000115	
WARN	missing_definition	DOID:3617	IAO:0000115	
WARN	missing_definition	DOID:3618	IAO:0000115	
WARN	missing_definition	DOID:3637	IAO:0000115	
WARN	missing_definition	DOID:3639	IAO:0000115	
WARN	missing_definition	DOID:3641	IAO:0000115	
WARN	missing_definition	DOID:3642	IAO:0000115	
WARN	missing_definition	DOID:3643	IAO:0000115	
WARN	missing_definition	DOID:3644	IAO:0000115	
WARN	missing_definition	DOID:3646	IAO:0000115	
WARN	missing_definition	DOID:3663	IAO:0000115	
WARN	missing_definition	DOID:3665	IAO:0000115	
WARN	missing_definition	DOID:3669	IAO:0000115	
WARN	missing_definition	DOID:3671	IAO:0000115	
WARN	missing_definition	DOID:3675	IAO:0000115	
WARN	missing_definition	DOID:3683	IAO:0000115	
WARN	missing_definition	DOID:3688	IAO:0000115	
WARN	missing_definition	DOID:369	IAO:0000115	
WARN	missing_definition	DOID:3693	IAO:0000115	
WARN	missing_definition	DOID:3698	IAO:0000115	
WARN	missing_definition	DOID:370	IAO:0000115	
WARN	missing_definition	DOID:371	IAO:0000115	
WARN	missing_definition	DOID:3710	IAO:0000115	
WARN	missing_definition	DOID:3716	IAO:0000115	
WARN	missing_definition	DOID:3720	IAO:0000115	
WARN	missing_definition	DOID:3721	IAO:0000115	
WARN	missing_definition	DOID:3722	IAO:0000115	
WARN	missing_definition	DOID:3723	IAO:0000115	
WARN	missing_definition	DOID:3741	IAO:0000115	
WARN	missing_definition	DOID:3747	IAO:0000115	
WARN	missing_definition	DOID:3751	IAO:0000115	
WARN	missing_definition	DOID:3752	IAO:0000115	
WARN	missing_definition	DOID:3763	IAO:0000115	
WARN	missing_definition	DOID:3765	IAO:0000115	
WARN	missing_definition	DOID:3772	IAO:0000115	
WARN	missing_definition	DOID:3777	IAO:0000115	
WARN	missing_definition	DOID:3805	IAO:0000115	
WARN	missing_definition	DOID:3809	IAO:0000115	
WARN	missing_definition	DOID:3813	IAO:0000115	
WARN	missing_definition	DOID:3816	IAO:0000115	
WARN	missing_definition	DOID:3821	IAO:0000115	
WARN	missing_definition	DOID:3825	IAO:0000115	
WARN	missing_definition	DOID:3828	IAO:0000115	
WARN	missing_definition	DOID:384	IAO:0000115	
WARN	missing_definition	DOID:3840	IAO:0000115	
WARN	missing_definition	DOID:3842	IAO:0000115	
WARN	missing_definition	DOID:3843	IAO:0000115	
WARN	missing_definition	DOID:3846	IAO:0000115	
WARN	missing_definition	DOID:3847	IAO:0000115	
WARN	missing_definition	DOID:3850	IAO:0000115	
WARN	missing_definition	DOID:3855	IAO:0000115	
WARN	missing_definition	DOID:3860	IAO:0000115	
WARN	missing_definition	DOID:3861	IAO:0000115	
WARN	missing_definition	DOID:3864	IAO:0000115	
WARN	missing_definition	DOID:3868	IAO:0000115	
WARN	missing_definition	DOID:3869	IAO:0000115	
WARN	missing_definition	DOID:3876	IAO:0000115	
WARN	missing_definition	DOID:3877	IAO:0000115	
WARN	missing_definition	DOID:3890	IAO:0000115	
WARN	missing_definition	DOID:3893	IAO:0000115	
WARN	missing_definition	DOID:3895	IAO:0000115	
WARN	missing_definition	DOID:3906	IAO:0000115	
WARN	missing_definition	DOID:3917	IAO:0000115	
WARN	missing_definition	DOID:3918	IAO:0000115	
WARN	missing_definition	DOID:3919	IAO:0000115	
WARN	missing_definition	DOID:3923	IAO:0000115	
WARN	missing_definition	DOID:3924	IAO:0000115	
WARN	missing_definition	DOID:3925	IAO:0000115	
WARN	missing_definition	DOID:3926	IAO:0000115	
WARN	missing_definition	DOID:3927	IAO:0000115	
WARN	missing_definition	DOID:3933	IAO:0000115	
WARN	missing_definition	DOID:3946	IAO:0000115	
WARN	missing_definition	DOID:3947	IAO:0000115	
WARN	missing_definition	DOID:3951	IAO:0000115	
WARN	missing_definition	DOID:3964	IAO:0000115	
WARN	missing_definition	DOID:4003	IAO:0000115	
WARN	missing_definition	DOID:4023	IAO:0000115	
WARN	missing_definition	DOID:4030	IAO:0000115	
WARN	missing_definition	DOID:4031	IAO:0000115	
WARN	missing_definition	DOID:4035	IAO:0000115	
WARN	missing_definition	DOID:4037	IAO:0000115	
WARN	missing_definition	DOID:4038	IAO:0000115	
WARN	missing_definition	DOID:4043	IAO:0000115	
WARN	missing_definition	DOID:4044	IAO:0000115	
WARN	missing_definition	DOID:4048	IAO:0000115	
WARN	missing_definition	DOID:4051	IAO:0000115	
WARN	missing_definition	DOID:4055	IAO:0000115	
WARN	missing_definition	DOID:4065	IAO:0000115	
WARN	missing_definition	DOID:4071	IAO:0000115	
WARN	missing_definition	DOID:4073	IAO:0000115	
WARN	missing_definition	DOID:4075	IAO:0000115	
WARN	missing_definition	DOID:4084	IAO:0000115	
WARN	missing_definition	DOID:4087	IAO:0000115	
WARN	missing_definition	DOID:409	IAO:0000115	
WARN	missing_definition	DOID:4118	IAO:0000115	
WARN	missing_definition	DOID:4119	IAO:0000115	
WARN	missing_definition	DOID:4136	IAO:0000115	
WARN	missing_definition	DOID:4147	IAO:0000115	
WARN	missing_definition	DOID:4148	IAO:0000115	
WARN	missing_definition	DOID:4160	IAO:0000115	
WARN	missing_definition	DOID:4163	IAO:0000115	
WARN	missing_definition	DOID:4175	IAO:0000115	
WARN	missing_definition	DOID:4176	IAO:0000115	
WARN	missing_definition	DOID:4193	IAO:0000115	
WARN	missing_definition	DOID:4195	IAO:0000115	
WARN	missing_definition	DOID:4201	IAO:0000115	
WARN	missing_definition	DOID:4203	IAO:0000115	
WARN	missing_definition	DOID:4205	IAO:0000115	
WARN	missing_definition	DOID:4209	IAO:0000115	
WARN	missing_definition	DOID:4210	IAO:0000115	
WARN	missing_definition	DOID:4230	IAO:0000115	
WARN	missing_definition	DOID:4231	IAO:0000115	
WARN	missing_definition	DOID:4247	IAO:0000115	
WARN	missing_definition	DOID:4248	IAO:0000115	
WARN	missing_definition	DOID:4250	IAO:0000115	
WARN	missing_definition	DOID:4260	IAO:0000115	
WARN	missing_definition	DOID:4266	IAO:0000115	
WARN	missing_definition	DOID:4278	IAO:0000115	
WARN	missing_definition	DOID:4287	IAO:0000115	
WARN	missing_definition	DOID:4290	IAO:0000115	
WARN	missing_definition	DOID:4291	IAO:0000115	
WARN	missing_definition	DOID:4292	IAO:0000115	
WARN	missing_definition	DOID:4293	IAO:0000115	
WARN	missing_definition	DOID:4300	IAO:0000115	
WARN	missing_definition	DOID:4303	IAO:0000115	
WARN	missing_definition	DOID:4304	IAO:0000115	
WARN	missing_definition	DOID:431	IAO:0000115	
WARN	missing_definition	DOID:4310	IAO:0000115	
WARN	missing_definition	DOID:4321	IAO:0000115	
WARN	missing_definition	DOID:4322	IAO:0000115	
WARN	missing_definition	DOID:4323	IAO:0000115	
WARN	missing_definition	DOID:4324	IAO:0000115	
WARN	missing_definition	DOID:4334	IAO:0000115	
WARN	missing_definition	DOID:4346	IAO:0000115	
WARN	missing_definition	DOID:4347	IAO:0000115	
WARN	missing_definition	DOID:4352	IAO:0000115	
WARN	missing_definition	DOID:4359	IAO:0000115	
WARN	missing_definition	DOID:436	IAO:0000115	
WARN	missing_definition	DOID:4360	IAO:0000115	
WARN	missing_definition	DOID:4370	IAO:0000115	
WARN	missing_definition	DOID:4372	IAO:0000115	
WARN	missing_definition	DOID:4386	IAO:0000115	
WARN	missing_definition	DOID:4388	IAO:0000115	
WARN	missing_definition	DOID:4389	IAO:0000115	
WARN	missing_definition	DOID:4394	IAO:0000115	
WARN	missing_definition	DOID:4397	IAO:0000115	
WARN	missing_definition	DOID:4398	IAO:0000115	
WARN	missing_definition	DOID:4399	IAO:0000115	
WARN	missing_definition	DOID:4400	IAO:0000115	
WARN	missing_definition	DOID:4404	IAO:0000115	
WARN	missing_definition	DOID:4406	IAO:0000115	
WARN	missing_definition	DOID:4409	IAO:0000115	
WARN	missing_definition	DOID:4415	IAO:0000115	
WARN	missing_definition	DOID:4418	IAO:0000115	
WARN	missing_definition	DOID:4419	IAO:0000115	
WARN	missing_definition	DOID:4422	IAO:0000115	
WARN	missing_definition	DOID:4430	IAO:0000115	
WARN	missing_definition	DOID:4432	IAO:0000115	
WARN	missing_definition	DOID:4433	IAO:0000115	
WARN	missing_definition	DOID:4434	IAO:0000115	
WARN	missing_definition	DOID:4435	IAO:0000115	
WARN	missing_definition	DOID:4436	IAO:0000115	
WARN	missing_definition	DOID:4437	IAO:0000115	
WARN	missing_definition	DOID:4438	IAO:0000115	
WARN	missing_definition	DOID:4447	IAO:0000115	
WARN	missing_definition	DOID:4449	IAO:0000115	
WARN	missing_definition	DOID:445	IAO:0000115	
WARN	missing_definition	DOID:4454	IAO:0000115	
WARN	missing_definition	DOID:4455	IAO:0000115	
WARN	missing_definition	DOID:4463	IAO:0000115	
WARN	missing_definition	DOID:447	IAO:0000115	
WARN	missing_definition	DOID:4472	IAO:0000115	
WARN	missing_definition	DOID:4473	IAO:0000115	
WARN	missing_definition	DOID:4479	IAO:0000115	
WARN	missing_definition	DOID:4486	IAO:0000115	
WARN	missing_definition	DOID:4488	IAO:0000115	
WARN	missing_definition	DOID:4489	IAO:0000115	
WARN	missing_definition	DOID:4500	IAO:0000115	
WARN	missing_definition	DOID:4512	IAO:0000115	
WARN	missing_definition	DOID:4522	IAO:0000115	
WARN	missing_definition	DOID:4542	IAO:0000115	
WARN	missing_definition	DOID:4545	IAO:0000115	
WARN	missing_definition	DOID:4546	IAO:0000115	
WARN	missing_definition	DOID:4548	IAO:0000115	
WARN	missing_definition	DOID:4550	IAO:0000115	
WARN	missing_definition	DOID:4551	IAO:0000115	
WARN	missing_definition	DOID:4553	IAO:0000115	
WARN	missing_definition	DOID:4554	IAO:0000115	
WARN	missing_definition	DOID:4556	IAO:0000115	
WARN	missing_definition	DOID:4558	IAO:0000115	
WARN	missing_definition	DOID:4562	IAO:0000115	
WARN	missing_definition	DOID:4584	IAO:0000115	
WARN	missing_definition	DOID:4586	IAO:0000115	
WARN	missing_definition	DOID:4587	IAO:0000115	
WARN	missing_definition	DOID:4588	IAO:0000115	
WARN	missing_definition	DOID:4591	IAO:0000115	
WARN	missing_definition	DOID:4593	IAO:0000115	
WARN	missing_definition	DOID:4594	IAO:0000115	
WARN	missing_definition	DOID:4608	IAO:0000115	
WARN	missing_definition	DOID:461	IAO:0000115	
WARN	missing_definition	DOID:4613	IAO:0000115	
WARN	missing_definition	DOID:4617	IAO:0000115	
WARN	missing_definition	DOID:4626	IAO:0000115	
WARN	missing_definition	DOID:4627	IAO:0000115	
WARN	missing_definition	DOID:4630	IAO:0000115	
WARN	missing_definition	DOID:4633	IAO:0000115	
WARN	missing_definition	DOID:4636	IAO:0000115	
WARN	missing_definition	DOID:4637	IAO:0000115	
WARN	missing_definition	DOID:4638	IAO:0000115	
WARN	missing_definition	DOID:4639	IAO:0000115	
WARN	missing_definition	DOID:4640	IAO:0000115	
WARN	missing_definition	DOID:4645	IAO:0000115	
WARN	missing_definition	DOID:4648	IAO:0000115	
WARN	missing_definition	DOID:4658	IAO:0000115	
WARN	missing_definition	DOID:4659	IAO:0000115	
WARN	missing_definition	DOID:4660	IAO:0000115	
WARN	missing_definition	DOID:4664	IAO:0000115	
WARN	missing_definition	DOID:467	IAO:0000115	
WARN	missing_definition	DOID:4671	IAO:0000115	
WARN	missing_definition	DOID:4675	IAO:0000115	
WARN	missing_definition	DOID:4676	IAO:0000115	
WARN	missing_definition	DOID:468	IAO:0000115	
WARN	missing_definition	DOID:4683	IAO:0000115	
WARN	missing_definition	DOID:4686	IAO:0000115	
WARN	missing_definition	DOID:469	IAO:0000115	
WARN	missing_definition	DOID:4690	IAO:0000115	
WARN	missing_definition	DOID:4693	IAO:0000115	
WARN	missing_definition	DOID:4696	IAO:0000115	
WARN	missing_definition	DOID:4697	IAO:0000115	
WARN	missing_definition	DOID:4698	IAO:0000115	
WARN	missing_definition	DOID:4699	IAO:0000115	
WARN	missing_definition	DOID:47	IAO:0000115	
WARN	missing_definition	DOID:470	IAO:0000115	
WARN	missing_definition	DOID:4702	IAO:0000115	
WARN	missing_definition	DOID:4707	IAO:0000115	
WARN	missing_definition	DOID:4708	IAO:0000115	
WARN	missing_definition	DOID:471	IAO:0000115	
WARN	missing_definition	DOID:4715	IAO:0000115	
WARN	missing_definition	DOID:4716	IAO:0000115	
WARN	missing_definition	DOID:472	IAO:0000115	
WARN	missing_definition	DOID:4734	IAO:0000115	
WARN	missing_definition	DOID:474	IAO:0000115	
WARN	missing_definition	DOID:4749	IAO:0000115	
WARN	missing_definition	DOID:4751	IAO:0000115	
WARN	missing_definition	DOID:4752	IAO:0000115	
WARN	missing_definition	DOID:4756	IAO:0000115	
WARN	missing_definition	DOID:4767	IAO:0000115	
WARN	missing_definition	DOID:4768	IAO:0000115	
WARN	missing_definition	DOID:4776	IAO:0000115	
WARN	missing_definition	DOID:4777	IAO:0000115	
WARN	missing_definition	DOID:4778	IAO:0000115	
WARN	missing_definition	DOID:4779	IAO:0000115	
WARN	missing_definition	DOID:4781	IAO:0000115	
WARN	missing_definition	DOID:4782	IAO:0000115	
WARN	missing_definition	DOID:4783	IAO:0000115	
WARN	missing_definition	DOID:4784	IAO:0000115	
WARN	missing_definition	DOID:4787	IAO:0000115	
WARN	missing_definition	DOID:4788	IAO:0000115	
WARN	missing_definition	DOID:479	IAO:0000115	
WARN	missing_definition	DOID:4790	IAO:0000115	
WARN	missing_definition	DOID:4791	IAO:0000115	
WARN	missing_definition	DOID:4796	IAO:0000115	
WARN	missing_definition	DOID:4797	IAO:0000115	
WARN	missing_definition	DOID:4798	IAO:0000115	
WARN	missing_definition	DOID:4812	IAO:0000115	
WARN	missing_definition	DOID:482	IAO:0000115	
WARN	missing_definition	DOID:483	IAO:0000115	
WARN	missing_definition	DOID:4839	IAO:0000115	
WARN	missing_definition	DOID:484	IAO:0000115	
WARN	missing_definition	DOID:4843	IAO:0000115	
WARN	missing_definition	DOID:4844	IAO:0000115	
WARN	missing_definition	DOID:4846	IAO:0000115	
WARN	missing_definition	DOID:4847	IAO:0000115	
WARN	missing_definition	DOID:4848	IAO:0000115	
WARN	missing_definition	DOID:4853	IAO:0000115	
WARN	missing_definition	DOID:4855	IAO:0000115	
WARN	missing_definition	DOID:4856	IAO:0000115	
WARN	missing_definition	DOID:4858	IAO:0000115	
WARN	missing_definition	DOID:486	IAO:0000115	
WARN	missing_definition	DOID:4863	IAO:0000115	
WARN	missing_definition	DOID:4868	IAO:0000115	
WARN	missing_definition	DOID:4869	IAO:0000115	
WARN	missing_definition	DOID:4870	IAO:0000115	
WARN	missing_definition	DOID:4871	IAO:0000115	
WARN	missing_definition	DOID:4872	IAO:0000115	
WARN	missing_definition	DOID:4875	IAO:0000115	
WARN	missing_definition	DOID:490	IAO:0000115	
WARN	missing_definition	DOID:4901	IAO:0000115	
WARN	missing_definition	DOID:4915	IAO:0000115	
WARN	missing_definition	DOID:4916	IAO:0000115	
WARN	missing_definition	DOID:4919	IAO:0000115	
WARN	missing_definition	DOID:492	IAO:0000115	
WARN	missing_definition	DOID:4921	IAO:0000115	
WARN	missing_definition	DOID:4934	IAO:0000115	
WARN	missing_definition	DOID:4944	IAO:0000115	
WARN	missing_definition	DOID:495	IAO:0000115	
WARN	missing_definition	DOID:4957	IAO:0000115	
WARN	missing_definition	DOID:496	IAO:0000115	
WARN	missing_definition	DOID:4968	IAO:0000115	
WARN	missing_definition	DOID:4985	IAO:0000115	
WARN	missing_definition	DOID:4988	IAO:0000115	
WARN	missing_definition	DOID:4991	IAO:0000115	
WARN	missing_definition	DOID:4992	IAO:0000115	
WARN	missing_definition	DOID:501	IAO:0000115	
WARN	missing_definition	DOID:5016	IAO:0000115	
WARN	missing_definition	DOID:5022	IAO:0000115	
WARN	missing_definition	DOID:5026	IAO:0000115	
WARN	missing_definition	DOID:5030	IAO:0000115	
WARN	missing_definition	DOID:5031	IAO:0000115	
WARN	missing_definition	DOID:5039	IAO:0000115	
WARN	missing_definition	DOID:5040	IAO:0000115	
WARN	missing_definition	DOID:5042	IAO:0000115	
WARN	missing_definition	DOID:5044	IAO:0000115	
WARN	missing_definition	DOID:5046	IAO:0000115	
WARN	missing_definition	DOID:505	IAO:0000115	
WARN	missing_definition	DOID:5050	IAO:0000115	
WARN	missing_definition	DOID:5056	IAO:0000115	
WARN	missing_definition	DOID:5057	IAO:0000115	
WARN	missing_definition	DOID:5058	IAO:0000115	
WARN	missing_definition	DOID:5059	IAO:0000115	
WARN	missing_definition	DOID:5063	IAO:0000115	
WARN	missing_definition	DOID:5075	IAO:0000115	
WARN	missing_definition	DOID:5076	IAO:0000115	
WARN	missing_definition	DOID:5077	IAO:0000115	
WARN	missing_definition	DOID:5082	IAO:0000115	
WARN	missing_definition	DOID:5083	IAO:0000115	
WARN	missing_definition	DOID:5088	IAO:0000115	
WARN	missing_definition	DOID:5100	IAO:0000115	
WARN	missing_definition	DOID:5101	IAO:0000115	
WARN	missing_definition	DOID:5104	IAO:0000115	
WARN	missing_definition	DOID:512	IAO:0000115	
WARN	missing_definition	DOID:5129	IAO:0000115	
WARN	missing_definition	DOID:5132	IAO:0000115	
WARN	missing_definition	DOID:5149	IAO:0000115	
WARN	missing_definition	DOID:5150	IAO:0000115	
WARN	missing_definition	DOID:5151	IAO:0000115	
WARN	missing_definition	DOID:5152	IAO:0000115	
WARN	missing_definition	DOID:5153	IAO:0000115	
WARN	missing_definition	DOID:5155	IAO:0000115	
WARN	missing_definition	DOID:5157	IAO:0000115	
WARN	missing_definition	DOID:5160	IAO:0000115	
WARN	missing_definition	DOID:5161	IAO:0000115	
WARN	missing_definition	DOID:5166	IAO:0000115	
WARN	missing_definition	DOID:5176	IAO:0000115	
WARN	missing_definition	DOID:5178	IAO:0000115	
WARN	missing_definition	DOID:5179	IAO:0000115	
WARN	missing_definition	DOID:518	IAO:0000115	
WARN	missing_definition	DOID:5182	IAO:0000115	
WARN	missing_definition	DOID:5189	IAO:0000115	
WARN	missing_definition	DOID:519	IAO:0000115	
WARN	missing_definition	DOID:5191	IAO:0000115	
WARN	missing_definition	DOID:5193	IAO:0000115	
WARN	missing_definition	DOID:5194	IAO:0000115	
WARN	missing_definition	DOID:5195	IAO:0000115	
WARN	missing_definition	DOID:5200	IAO:0000115	
WARN	missing_definition	DOID:5214	IAO:0000115	
WARN	missing_definition	DOID:5221	IAO:0000115	
WARN	missing_definition	DOID:5222	IAO:0000115	
WARN	missing_definition	DOID:5223	IAO:0000115	
WARN	missing_definition	DOID:5224	IAO:0000115	
WARN	missing_definition	DOID:5225	IAO:0000115	
WARN	missing_definition	DOID:5230	IAO:0000115	
WARN	missing_definition	DOID:5232	IAO:0000115	
WARN	missing_definition	DOID:5233	IAO:0000115	
WARN	missing_definition	DOID:5236	IAO:0000115	
WARN	missing_definition	DOID:5238	IAO:0000115	
WARN	missing_definition	DOID:5240	IAO:0000115	
WARN	missing_definition	DOID:5241	IAO:0000115	
WARN	missing_definition	DOID:5261	IAO:0000115	
WARN	missing_definition	DOID:5273	IAO:0000115	
WARN	missing_definition	DOID:5274	IAO:0000115	
WARN	missing_definition	DOID:5276	IAO:0000115	
WARN	missing_definition	DOID:528	IAO:0000115	
WARN	missing_definition	DOID:5280	IAO:0000115	
WARN	missing_definition	DOID:5284	IAO:0000115	
WARN	missing_definition	DOID:5308	IAO:0000115	
WARN	missing_definition	DOID:5309	IAO:0000115	
WARN	missing_definition	DOID:5327	IAO:0000115	
WARN	missing_definition	DOID:533	IAO:0000115	
WARN	missing_definition	DOID:5331	IAO:0000115	
WARN	missing_definition	DOID:5334	IAO:0000115	
WARN	missing_definition	DOID:5337	IAO:0000115	
WARN	missing_definition	DOID:5338	IAO:0000115	
WARN	missing_definition	DOID:5339	IAO:0000115	
WARN	missing_definition	DOID:5341	IAO:0000115	
WARN	missing_definition	DOID:5343	IAO:0000115	
WARN	missing_definition	DOID:5344	IAO:0000115	
WARN	missing_definition	DOID:5349	IAO:0000115	
WARN	missing_definition	DOID:5364	IAO:0000115	
WARN	missing_definition	DOID:5373	IAO:0000115	
WARN	missing_definition	DOID:5374	IAO:0000115	
WARN	missing_definition	DOID:5375	IAO:0000115	
WARN	missing_definition	DOID:5376	IAO:0000115	
WARN	missing_definition	DOID:5378	IAO:0000115	
WARN	missing_definition	DOID:5379	IAO:0000115	
WARN	missing_definition	DOID:538	IAO:0000115	
WARN	missing_definition	DOID:5389	IAO:0000115	
WARN	missing_definition	DOID:539	IAO:0000115	
WARN	missing_definition	DOID:5391	IAO:0000115	
WARN	missing_definition	DOID:5392	IAO:0000115	
WARN	missing_definition	DOID:5393	IAO:0000115	
WARN	missing_definition	DOID:5394	IAO:0000115	
WARN	missing_definition	DOID:5395	IAO:0000115	
WARN	missing_definition	DOID:5410	IAO:0000115	
WARN	missing_definition	DOID:5411	IAO:0000115	
WARN	missing_definition	DOID:5414	IAO:0000115	
WARN	missing_definition	DOID:5427	IAO:0000115	
WARN	missing_definition	DOID:5429	IAO:0000115	
WARN	missing_definition	DOID:5432	IAO:0000115	
WARN	missing_definition	DOID:5433	IAO:0000115	
WARN	missing_definition	DOID:5434	IAO:0000115	
WARN	missing_definition	DOID:5435	IAO:0000115	
WARN	missing_definition	DOID:5439	IAO:0000115	
WARN	missing_definition	DOID:5442	IAO:0000115	
WARN	missing_definition	DOID:5443	IAO:0000115	
WARN	missing_definition	DOID:5444	IAO:0000115	
WARN	missing_definition	DOID:5445	IAO:0000115	
WARN	missing_definition	DOID:5457	IAO:0000115	
WARN	missing_definition	DOID:5463	IAO:0000115	
WARN	missing_definition	DOID:5467	IAO:0000115	
WARN	missing_definition	DOID:5469	IAO:0000115	
WARN	missing_definition	DOID:5484	IAO:0000115	
WARN	missing_definition	DOID:5487	IAO:0000115	
WARN	missing_definition	DOID:5492	IAO:0000115	
WARN	missing_definition	DOID:5494	IAO:0000115	
WARN	missing_definition	DOID:5495	IAO:0000115	
WARN	missing_definition	DOID:5500	IAO:0000115	
WARN	missing_definition	DOID:5504	IAO:0000115	
WARN	missing_definition	DOID:5505	IAO:0000115	
WARN	missing_definition	DOID:5507	IAO:0000115	
WARN	missing_definition	DOID:5509	IAO:0000115	
WARN	missing_definition	DOID:5510	IAO:0000115	
WARN	missing_definition	DOID:5536	IAO:0000115	
WARN	missing_definition	DOID:5545	IAO:0000115	
WARN	missing_definition	DOID:5553	IAO:0000115	
WARN	missing_definition	DOID:5556	IAO:0000115	
WARN	missing_definition	DOID:5560	IAO:0000115	
WARN	missing_definition	DOID:5567	IAO:0000115	
WARN	missing_definition	DOID:5569	IAO:0000115	
WARN	missing_definition	DOID:5570	IAO:0000115	
WARN	missing_definition	DOID:5574	IAO:0000115	
WARN	missing_definition	DOID:5576	IAO:0000115	
WARN	missing_definition	DOID:5579	IAO:0000115	
WARN	missing_definition	DOID:5580	IAO:0000115	
WARN	missing_definition	DOID:5585	IAO:0000115	
WARN	missing_definition	DOID:559	IAO:0000115	
WARN	missing_definition	DOID:5591	IAO:0000115	
WARN	missing_definition	DOID:5595	IAO:0000115	
WARN	missing_definition	DOID:5608	IAO:0000115	
WARN	missing_definition	DOID:561	IAO:0000115	
WARN	missing_definition	DOID:5615	IAO:0000115	
WARN	missing_definition	DOID:562	IAO:0000115	
WARN	missing_definition	DOID:5632	IAO:0000115	
WARN	missing_definition	DOID:5635	IAO:0000115	
WARN	missing_definition	DOID:5638	IAO:0000115	
WARN	missing_definition	DOID:5639	IAO:0000115	
WARN	missing_definition	DOID:5643	IAO:0000115	
WARN	missing_definition	DOID:5644	IAO:0000115	
WARN	missing_definition	DOID:565	IAO:0000115	
WARN	missing_definition	DOID:566	IAO:0000115	
WARN	missing_definition	DOID:5667	IAO:0000115	
WARN	missing_definition	DOID:5678	IAO:0000115	
WARN	missing_definition	DOID:5691	IAO:0000115	
WARN	missing_definition	DOID:5693	IAO:0000115	
WARN	missing_definition	DOID:5694	IAO:0000115	
WARN	missing_definition	DOID:5695	IAO:0000115	
WARN	missing_definition	DOID:5698	IAO:0000115	
WARN	missing_definition	DOID:5700	IAO:0000115	
WARN	missing_definition	DOID:5702	IAO:0000115	
WARN	missing_definition	DOID:5704	IAO:0000115	
WARN	missing_definition	DOID:5705	IAO:0000115	
WARN	missing_definition	DOID:571	IAO:0000115	
WARN	missing_definition	DOID:5712	IAO:0000115	
WARN	missing_definition	DOID:5714	IAO:0000115	
WARN	missing_definition	DOID:5715	IAO:0000115	
WARN	missing_definition	DOID:5716	IAO:0000115	
WARN	missing_definition	DOID:572	IAO:0000115	
WARN	missing_definition	DOID:573	IAO:0000115	
WARN	missing_definition	DOID:5731	IAO:0000115	
WARN	missing_definition	DOID:5732	IAO:0000115	
WARN	missing_definition	DOID:5740	IAO:0000115	
WARN	missing_definition	DOID:5741	IAO:0000115	
WARN	missing_definition	DOID:5748	IAO:0000115	
WARN	missing_definition	DOID:5749	IAO:0000115	
WARN	missing_definition	DOID:5758	IAO:0000115	
WARN	missing_definition	DOID:5759	IAO:0000115	
WARN	missing_definition	DOID:5763	IAO:0000115	
WARN	missing_definition	DOID:5764	IAO:0000115	
WARN	missing_definition	DOID:5766	IAO:0000115	
WARN	missing_definition	DOID:5767	IAO:0000115	
WARN	missing_definition	DOID:5769	IAO:0000115	
WARN	missing_definition	DOID:5774	IAO:0000115	
WARN	missing_definition	DOID:5775	IAO:0000115	
WARN	missing_definition	DOID:5776	IAO:0000115	
WARN	missing_definition	DOID:5777	IAO:0000115	
WARN	missing_definition	DOID:5781	IAO:0000115	
WARN	missing_definition	DOID:5782	IAO:0000115	
WARN	missing_definition	DOID:5784	IAO:0000115	
WARN	missing_definition	DOID:5789	IAO:0000115	
WARN	missing_definition	DOID:5798	IAO:0000115	
WARN	missing_definition	DOID:5804	IAO:0000115	
WARN	missing_definition	DOID:5806	IAO:0000115	
WARN	missing_definition	DOID:5809	IAO:0000115	
WARN	missing_definition	DOID:582	IAO:0000115	
WARN	missing_definition	DOID:5821	IAO:0000115	
WARN	missing_definition	DOID:5823	IAO:0000115	
WARN	missing_definition	DOID:5825	IAO:0000115	
WARN	missing_definition	DOID:5834	IAO:0000115	
WARN	missing_definition	DOID:5838	IAO:0000115	
WARN	missing_definition	DOID:5842	IAO:0000115	
WARN	missing_definition	DOID:5843	IAO:0000115	
WARN	missing_definition	DOID:5845	IAO:0000115	
WARN	missing_definition	DOID:5846	IAO:0000115	
WARN	missing_definition	DOID:5847	IAO:0000115	
WARN	missing_definition	DOID:5848	IAO:0000115	
WARN	missing_definition	DOID:5849	IAO:0000115	
WARN	missing_definition	DOID:5850	IAO:0000115	
WARN	missing_definition	DOID:5851	IAO:0000115	
WARN	missing_definition	DOID:5852	IAO:0000115	
WARN	missing_definition	DOID:5853	IAO:0000115	
WARN	missing_definition	DOID:5854	IAO:0000115	
WARN	missing_definition	DOID:5855	IAO:0000115	
WARN	missing_definition	DOID:5859	IAO:0000115	
WARN	missing_definition	DOID:5861	IAO:0000115	
WARN	missing_definition	DOID:5862	IAO:0000115	
WARN	missing_definition	DOID:5866	IAO:0000115	
WARN	missing_definition	DOID:5867	IAO:0000115	
WARN	missing_definition	DOID:5874	IAO:0000115	
WARN	missing_definition	DOID:5876	IAO:0000115	
WARN	missing_definition	DOID:5877	IAO:0000115	
WARN	missing_definition	DOID:5884	IAO:0000115	
WARN	missing_definition	DOID:5889	IAO:0000115	
WARN	missing_definition	DOID:589	IAO:0000115	
WARN	missing_definition	DOID:5890	IAO:0000115	
WARN	missing_definition	DOID:5893	IAO:0000115	
WARN	missing_definition	DOID:5894	IAO:0000115	
WARN	missing_definition	DOID:5907	IAO:0000115	
WARN	missing_definition	DOID:5908	IAO:0000115	
WARN	missing_definition	DOID:5913	IAO:0000115	
WARN	missing_definition	DOID:5921	IAO:0000115	
WARN	missing_definition	DOID:5922	IAO:0000115	
WARN	missing_definition	DOID:5923	IAO:0000115	
WARN	missing_definition	DOID:5926	IAO:0000115	
WARN	missing_definition	DOID:5940	IAO:0000115	
WARN	missing_definition	DOID:5948	IAO:0000115	
WARN	missing_definition	DOID:5949	IAO:0000115	
WARN	missing_definition	DOID:5957	IAO:0000115	
WARN	missing_definition	DOID:5958	IAO:0000115	
WARN	missing_definition	DOID:5974	IAO:0000115	
WARN	missing_definition	DOID:5975	IAO:0000115	
WARN	missing_definition	DOID:5976	IAO:0000115	
WARN	missing_definition	DOID:5977	IAO:0000115	
WARN	missing_definition	DOID:5982	IAO:0000115	
WARN	missing_definition	DOID:5990	IAO:0000115	
WARN	missing_definition	DOID:60004	IAO:0000115	
WARN	missing_definition	DOID:60006	IAO:0000115	
WARN	missing_definition	DOID:6015	IAO:0000115	
WARN	missing_definition	DOID:6016	IAO:0000115	
WARN	missing_definition	DOID:6018	IAO:0000115	
WARN	missing_definition	DOID:602	IAO:0000115	
WARN	missing_definition	DOID:603	IAO:0000115	
WARN	missing_definition	DOID:6032	IAO:0000115	
WARN	missing_definition	DOID:6033	IAO:0000115	
WARN	missing_definition	DOID:6048	IAO:0000115	
WARN	missing_definition	DOID:6052	IAO:0000115	
WARN	missing_definition	DOID:6054	IAO:0000115	
WARN	missing_definition	DOID:6059	IAO:0000115	
WARN	missing_definition	DOID:606	IAO:0000115	
WARN	missing_definition	DOID:6065	IAO:0000115	
WARN	missing_definition	DOID:607	IAO:0000115	
WARN	missing_definition	DOID:6082	IAO:0000115	
WARN	missing_definition	DOID:6085	IAO:0000115	
WARN	missing_definition	DOID:6086	IAO:0000115	
WARN	missing_definition	DOID:6089	IAO:0000115	
WARN	missing_definition	DOID:6090	IAO:0000115	
WARN	missing_definition	DOID:6098	IAO:0000115	
WARN	missing_definition	DOID:61	IAO:0000115	
WARN	missing_definition	DOID:6103	IAO:0000115	
WARN	missing_definition	DOID:6110	IAO:0000115	
WARN	missing_definition	DOID:6112	IAO:0000115	
WARN	missing_definition	DOID:6113	IAO:0000115	
WARN	missing_definition	DOID:6114	IAO:0000115	
WARN	missing_definition	DOID:6115	IAO:0000115	
WARN	missing_definition	DOID:6118	IAO:0000115	
WARN	missing_definition	DOID:6119	IAO:0000115	
WARN	missing_definition	DOID:6161	IAO:0000115	
WARN	missing_definition	DOID:6163	IAO:0000115	
WARN	missing_definition	DOID:6192	IAO:0000115	
WARN	missing_definition	DOID:6197	IAO:0000115	
WARN	missing_definition	DOID:6198	IAO:0000115	
WARN	missing_definition	DOID:6199	IAO:0000115	
WARN	missing_definition	DOID:620	IAO:0000115	
WARN	missing_definition	DOID:6201	IAO:0000115	
WARN	missing_definition	DOID:6203	IAO:0000115	
WARN	missing_definition	DOID:6204	IAO:0000115	
WARN	missing_definition	DOID:6208	IAO:0000115	
WARN	missing_definition	DOID:6210	IAO:0000115	
WARN	missing_definition	DOID:6228	IAO:0000115	
WARN	missing_definition	DOID:6239	IAO:0000115	
WARN	missing_definition	DOID:624	IAO:0000115	
WARN	missing_definition	DOID:6244	IAO:0000115	
WARN	missing_definition	DOID:6245	IAO:0000115	
WARN	missing_definition	DOID:6249	IAO:0000115	
WARN	missing_definition	DOID:625	IAO:0000115	
WARN	missing_definition	DOID:6255	IAO:0000115	
WARN	missing_definition	DOID:6256	IAO:0000115	
WARN	missing_definition	DOID:6257	IAO:0000115	
WARN	missing_definition	DOID:6258	IAO:0000115	
WARN	missing_definition	DOID:6259	IAO:0000115	
WARN	missing_definition	DOID:6270	IAO:0000115	
WARN	missing_definition	DOID:6271	IAO:0000115	
WARN	missing_definition	DOID:6274	IAO:0000115	
WARN	missing_definition	DOID:6275	IAO:0000115	
WARN	missing_definition	DOID:6276	IAO:0000115	
WARN	missing_definition	DOID:6285	IAO:0000115	
WARN	missing_definition	DOID:6286	IAO:0000115	
WARN	missing_definition	DOID:6291	IAO:0000115	
WARN	missing_definition	DOID:6294	IAO:0000115	
WARN	missing_definition	DOID:6297	IAO:0000115	
WARN	missing_definition	DOID:6307	IAO:0000115	
WARN	missing_definition	DOID:6332	IAO:0000115	
WARN	missing_definition	DOID:6333	IAO:0000115	
WARN	missing_definition	DOID:6334	IAO:0000115	
WARN	missing_definition	DOID:6335	IAO:0000115	
WARN	missing_definition	DOID:6337	IAO:0000115	
WARN	missing_definition	DOID:6344	IAO:0000115	
WARN	missing_definition	DOID:6345	IAO:0000115	
WARN	missing_definition	DOID:6370	IAO:0000115	
WARN	missing_definition	DOID:6376	IAO:0000115	
WARN	missing_definition	DOID:6381	IAO:0000115	
WARN	missing_definition	DOID:6383	IAO:0000115	
WARN	missing_definition	DOID:6386	IAO:0000115	
WARN	missing_definition	DOID:640	IAO:0000115	
WARN	missing_definition	DOID:6404	IAO:0000115	
WARN	missing_definition	DOID:6406	IAO:0000115	
WARN	missing_definition	DOID:6419	IAO:0000115	
WARN	missing_definition	DOID:6420	IAO:0000115	
WARN	missing_definition	DOID:6423	IAO:0000115	
WARN	missing_definition	DOID:6425	IAO:0000115	
WARN	missing_definition	DOID:6438	IAO:0000115	
WARN	missing_definition	DOID:6445	IAO:0000115	
WARN	missing_definition	DOID:6446	IAO:0000115	
WARN	missing_definition	DOID:6451	IAO:0000115	
WARN	missing_definition	DOID:6474	IAO:0000115	
WARN	missing_definition	DOID:6476	IAO:0000115	
WARN	missing_definition	DOID:6477	IAO:0000115	
WARN	missing_definition	DOID:648	IAO:0000115	
WARN	missing_definition	DOID:6481	IAO:0000115	
WARN	missing_definition	DOID:6482	IAO:0000115	
WARN	missing_definition	DOID:6484	IAO:0000115	
WARN	missing_definition	DOID:6489	IAO:0000115	
WARN	missing_definition	DOID:6494	IAO:0000115	
WARN	missing_definition	DOID:6498	IAO:0000115	
WARN	missing_definition	DOID:6500	IAO:0000115	
WARN	missing_definition	DOID:6510	IAO:0000115	
WARN	missing_definition	DOID:6517	IAO:0000115	
WARN	missing_definition	DOID:6522	IAO:0000115	
WARN	missing_definition	DOID:6523	IAO:0000115	
WARN	missing_definition	DOID:6524	IAO:0000115	
WARN	missing_definition	DOID:6525	IAO:0000115	
WARN	missing_definition	DOID:6547	IAO:0000115	
WARN	missing_definition	DOID:6548	IAO:0000115	
WARN	missing_definition	DOID:6552	IAO:0000115	
WARN	missing_definition	DOID:6553	IAO:0000115	
WARN	missing_definition	DOID:6559	IAO:0000115	
WARN	missing_definition	DOID:6562	IAO:0000115	
WARN	missing_definition	DOID:6564	IAO:0000115	
WARN	missing_definition	DOID:6566	IAO:0000115	
WARN	missing_definition	DOID:6569	IAO:0000115	
WARN	missing_definition	DOID:6571	IAO:0000115	
WARN	missing_definition	DOID:6575	IAO:0000115	
WARN	missing_definition	DOID:6576	IAO:0000115	
WARN	missing_definition	DOID:6590	IAO:0000115	
WARN	missing_definition	DOID:6594	IAO:0000115	
WARN	missing_definition	DOID:6595	IAO:0000115	
WARN	missing_definition	DOID:660	IAO:0000115	
WARN	missing_definition	DOID:6603	IAO:0000115	
WARN	missing_definition	DOID:6605	IAO:0000115	
WARN	missing_definition	DOID:6606	IAO:0000115	
WARN	missing_definition	DOID:6607	IAO:0000115	
WARN	missing_definition	DOID:6608	IAO:0000115	
WARN	missing_definition	DOID:6610	IAO:0000115	
WARN	missing_definition	DOID:663	IAO:0000115	
WARN	missing_definition	DOID:664	IAO:0000115	
WARN	missing_definition	DOID:6643	IAO:0000115	
WARN	missing_definition	DOID:6648	IAO:0000115	
WARN	missing_definition	DOID:6654	IAO:0000115	
WARN	missing_definition	DOID:6658	IAO:0000115	
WARN	missing_definition	DOID:6687	IAO:0000115	
WARN	missing_definition	DOID:6696	IAO:0000115	
WARN	missing_definition	DOID:6697	IAO:0000115	
WARN	missing_definition	DOID:6700	IAO:0000115	
WARN	missing_definition	DOID:6703	IAO:0000115	
WARN	missing_definition	DOID:6705	IAO:0000115	
WARN	missing_definition	DOID:6706	IAO:0000115	
WARN	missing_definition	DOID:6707	IAO:0000115	
WARN	missing_definition	DOID:6723	IAO:0000115	
WARN	missing_definition	DOID:6727	IAO:0000115	
WARN	missing_definition	DOID:6735	IAO:0000115	
WARN	missing_definition	DOID:6740	IAO:0000115	
WARN	missing_definition	DOID:6742	IAO:0000115	
WARN	missing_definition	DOID:6755	IAO:0000115	
WARN	missing_definition	DOID:6760	IAO:0000115	
WARN	missing_definition	DOID:6762	IAO:0000115	
WARN	missing_definition	DOID:6789	IAO:0000115	
WARN	missing_definition	DOID:681	IAO:0000115	
WARN	missing_definition	DOID:682	IAO:0000115	
WARN	missing_definition	DOID:6823	IAO:0000115	
WARN	missing_definition	DOID:683	IAO:0000115	
WARN	missing_definition	DOID:6844	IAO:0000115	
WARN	missing_definition	DOID:6845	IAO:0000115	
WARN	missing_definition	DOID:6846	IAO:0000115	
WARN	missing_definition	DOID:6854	IAO:0000115	
WARN	missing_definition	DOID:6856	IAO:0000115	
WARN	missing_definition	DOID:6858	IAO:0000115	
WARN	missing_definition	DOID:6867	IAO:0000115	
WARN	missing_definition	DOID:6868	IAO:0000115	
WARN	missing_definition	DOID:6869	IAO:0000115	
WARN	missing_definition	DOID:687	IAO:0000115	
WARN	missing_definition	DOID:6871	IAO:0000115	
WARN	missing_definition	DOID:6872	IAO:0000115	
WARN	missing_definition	DOID:6886	IAO:0000115	
WARN	missing_definition	DOID:6888	IAO:0000115	
WARN	missing_definition	DOID:6917	IAO:0000115	
WARN	missing_definition	DOID:6925	IAO:0000115	
WARN	missing_definition	DOID:6929	IAO:0000115	
WARN	missing_definition	DOID:693	IAO:0000115	
WARN	missing_definition	DOID:6931	IAO:0000115	
WARN	missing_definition	DOID:6932	IAO:0000115	
WARN	missing_definition	DOID:6933	IAO:0000115	
WARN	missing_definition	DOID:6934	IAO:0000115	
WARN	missing_definition	DOID:6935	IAO:0000115	
WARN	missing_definition	DOID:6936	IAO:0000115	
WARN	missing_definition	DOID:6944	IAO:0000115	
WARN	missing_definition	DOID:6945	IAO:0000115	
WARN	missing_definition	DOID:6947	IAO:0000115	
WARN	missing_definition	DOID:6951	IAO:0000115	
WARN	missing_definition	DOID:6959	IAO:0000115	
WARN	missing_definition	DOID:6970	IAO:0000115	
WARN	missing_definition	DOID:6975	IAO:0000115	
WARN	missing_definition	DOID:6976	IAO:0000115	
WARN	missing_definition	DOID:6977	IAO:0000115	
WARN	missing_definition	DOID:698	IAO:0000115	
WARN	missing_definition	DOID:6988	IAO:0000115	
WARN	missing_definition	DOID:6992	IAO:0000115	
WARN	missing_definition	DOID:6993	IAO:0000115	
WARN	missing_definition	DOID:6994	IAO:0000115	
WARN	missing_definition	DOID:6996	IAO:0000115	
WARN	missing_definition	DOID:6997	IAO:0000115	
WARN	missing_definition	DOID:6998	IAO:0000115	
WARN	missing_definition	DOID:7005	IAO:0000115	
WARN	missing_definition	DOID:7007	IAO:0000115	
WARN	missing_definition	DOID:7008	IAO:0000115	
WARN	missing_definition	DOID:7014	IAO:0000115	
WARN	missing_definition	DOID:7017	IAO:0000115	
WARN	missing_definition	DOID:7024	IAO:0000115	
WARN	missing_definition	DOID:7030	IAO:0000115	
WARN	missing_definition	DOID:7039	IAO:0000115	
WARN	missing_definition	DOID:7040	IAO:0000115	
WARN	missing_definition	DOID:7041	IAO:0000115	
WARN	missing_definition	DOID:7042	IAO:0000115	
WARN	missing_definition	DOID:7045	IAO:0000115	
WARN	missing_definition	DOID:7047	IAO:0000115	
WARN	missing_definition	DOID:7049	IAO:0000115	
WARN	missing_definition	DOID:705	IAO:0000115	
WARN	missing_definition	DOID:7050	IAO:0000115	
WARN	missing_definition	DOID:7051	IAO:0000115	
WARN	missing_definition	DOID:7054	IAO:0000115	
WARN	missing_definition	DOID:706	IAO:0000115	
WARN	missing_definition	DOID:7077	IAO:0000115	
WARN	missing_definition	DOID:7081	IAO:0000115	
WARN	missing_definition	DOID:709	IAO:0000115	
WARN	missing_definition	DOID:7095	IAO:0000115	
WARN	missing_definition	DOID:7097	IAO:0000115	
WARN	missing_definition	DOID:7103	IAO:0000115	
WARN	missing_definition	DOID:7105	IAO:0000115	
WARN	missing_definition	DOID:7127	IAO:0000115	
WARN	missing_definition	DOID:713	IAO:0000115	
WARN	missing_definition	DOID:7132	IAO:0000115	
WARN	missing_definition	DOID:7133	IAO:0000115	
WARN	missing_definition	DOID:7134	IAO:0000115	
WARN	missing_definition	DOID:7136	IAO:0000115	
WARN	missing_definition	DOID:7141	IAO:0000115	
WARN	missing_definition	DOID:7142	IAO:0000115	
WARN	missing_definition	DOID:7144	IAO:0000115	
WARN	missing_definition	DOID:7165	IAO:0000115	
WARN	missing_definition	DOID:7166	IAO:0000115	
WARN	missing_definition	DOID:7168	IAO:0000115	
WARN	missing_definition	DOID:7169	IAO:0000115	
WARN	missing_definition	DOID:7173	IAO:0000115	
WARN	missing_definition	DOID:7174	IAO:0000115	
WARN	missing_definition	DOID:7175	IAO:0000115	
WARN	missing_definition	DOID:7179	IAO:0000115	
WARN	missing_definition	DOID:7181	IAO:0000115	
WARN	missing_definition	DOID:7187	IAO:0000115	
WARN	missing_definition	DOID:7192	IAO:0000115	
WARN	missing_definition	DOID:7198	IAO:0000115	
WARN	missing_definition	DOID:7206	IAO:0000115	
WARN	missing_definition	DOID:7207	IAO:0000115	
WARN	missing_definition	DOID:7210	IAO:0000115	
WARN	missing_definition	DOID:7211	IAO:0000115	
WARN	missing_definition	DOID:7212	IAO:0000115	
WARN	missing_definition	DOID:7213	IAO:0000115	
WARN	missing_definition	DOID:7214	IAO:0000115	
WARN	missing_definition	DOID:7222	IAO:0000115	
WARN	missing_definition	DOID:7224	IAO:0000115	
WARN	missing_definition	DOID:7230	IAO:0000115	
WARN	missing_definition	DOID:7232	IAO:0000115	
WARN	missing_definition	DOID:7235	IAO:0000115	
WARN	missing_definition	DOID:7236	IAO:0000115	
WARN	missing_definition	DOID:7237	IAO:0000115	
WARN	missing_definition	DOID:724	IAO:0000115	
WARN	missing_definition	DOID:7244	IAO:0000115	
WARN	missing_definition	DOID:7246	IAO:0000115	
WARN	missing_definition	DOID:7267	IAO:0000115	
WARN	missing_definition	DOID:7269	IAO:0000115	
WARN	missing_definition	DOID:727	IAO:0000115	
WARN	missing_definition	DOID:7280	IAO:0000115	
WARN	missing_definition	DOID:7284	IAO:0000115	
WARN	missing_definition	DOID:730	IAO:0000115	
WARN	missing_definition	DOID:7302	IAO:0000115	
WARN	missing_definition	DOID:7312	IAO:0000115	
WARN	missing_definition	DOID:7315	IAO:0000115	
WARN	missing_definition	DOID:7319	IAO:0000115	
WARN	missing_definition	DOID:7326	IAO:0000115	
WARN	missing_definition	DOID:7327	IAO:0000115	
WARN	missing_definition	DOID:7333	IAO:0000115	
WARN	missing_definition	DOID:7334	IAO:0000115	
WARN	missing_definition	DOID:7350	IAO:0000115	
WARN	missing_definition	DOID:7356	IAO:0000115	
WARN	missing_definition	DOID:7360	IAO:0000115	
WARN	missing_definition	DOID:7365	IAO:0000115	
WARN	missing_definition	DOID:7378	IAO:0000115	
WARN	missing_definition	DOID:7380	IAO:0000115	
WARN	missing_definition	DOID:7381	IAO:0000115	
WARN	missing_definition	DOID:7398	IAO:0000115	
WARN	missing_definition	DOID:7401	IAO:0000115	
WARN	missing_definition	DOID:7402	IAO:0000115	
WARN	missing_definition	DOID:7428	IAO:0000115	
WARN	missing_definition	DOID:7435	IAO:0000115	
WARN	missing_definition	DOID:7439	IAO:0000115	
WARN	missing_definition	DOID:7441	IAO:0000115	
WARN	missing_definition	DOID:746	IAO:0000115	
WARN	missing_definition	DOID:7463	IAO:0000115	
WARN	missing_definition	DOID:7479	IAO:0000115	
WARN	missing_definition	DOID:7480	IAO:0000115	
WARN	missing_definition	DOID:7482	IAO:0000115	
WARN	missing_definition	DOID:749	IAO:0000115	
WARN	missing_definition	DOID:7491	IAO:0000115	
WARN	missing_definition	DOID:7492	IAO:0000115	
WARN	missing_definition	DOID:750	IAO:0000115	
WARN	missing_definition	DOID:7501	IAO:0000115	
WARN	missing_definition	DOID:7502	IAO:0000115	
WARN	missing_definition	DOID:7505	IAO:0000115	
WARN	missing_definition	DOID:7506	IAO:0000115	
WARN	missing_definition	DOID:7514	IAO:0000115	
WARN	missing_definition	DOID:7515	IAO:0000115	
WARN	missing_definition	DOID:7518	IAO:0000115	
WARN	missing_definition	DOID:752	IAO:0000115	
WARN	missing_definition	DOID:7532	IAO:0000115	
WARN	missing_definition	DOID:7533	IAO:0000115	
WARN	missing_definition	DOID:7542	IAO:0000115	
WARN	missing_definition	DOID:7549	IAO:0000115	
WARN	missing_definition	DOID:7553	IAO:0000115	
WARN	missing_definition	DOID:7558	IAO:0000115	
WARN	missing_definition	DOID:7559	IAO:0000115	
WARN	missing_definition	DOID:7566	IAO:0000115	
WARN	missing_definition	DOID:7571	IAO:0000115	
WARN	missing_definition	DOID:7574	IAO:0000115	
WARN	missing_definition	DOID:7577	IAO:0000115	
WARN	missing_definition	DOID:7583	IAO:0000115	
WARN	missing_definition	DOID:7584	IAO:0000115	
WARN	missing_definition	DOID:7585	IAO:0000115	
WARN	missing_definition	DOID:7586	IAO:0000115	
WARN	missing_definition	DOID:7587	IAO:0000115	
WARN	missing_definition	DOID:7596	IAO:0000115	
WARN	missing_definition	DOID:7599	IAO:0000115	
WARN	missing_definition	DOID:7600	IAO:0000115	
WARN	missing_definition	DOID:7603	IAO:0000115	
WARN	missing_definition	DOID:7607	IAO:0000115	
WARN	missing_definition	DOID:7609	IAO:0000115	
WARN	missing_definition	DOID:7610	IAO:0000115	
WARN	missing_definition	DOID:7611	IAO:0000115	
WARN	missing_definition	DOID:7612	IAO:0000115	
WARN	missing_definition	DOID:7613	IAO:0000115	
WARN	missing_definition	DOID:7614	IAO:0000115	
WARN	missing_definition	DOID:7633	IAO:0000115	
WARN	missing_definition	DOID:7634	IAO:0000115	
WARN	missing_definition	DOID:7635	IAO:0000115	
WARN	missing_definition	DOID:7639	IAO:0000115	
WARN	missing_definition	DOID:7642	IAO:0000115	
WARN	missing_definition	DOID:7643	IAO:0000115	
WARN	missing_definition	DOID:7646	IAO:0000115	
WARN	missing_definition	DOID:7656	IAO:0000115	
WARN	missing_definition	DOID:767	IAO:0000115	
WARN	missing_definition	DOID:7675	IAO:0000115	
WARN	missing_definition	DOID:7676	IAO:0000115	
WARN	missing_definition	DOID:7678	IAO:0000115	
WARN	missing_definition	DOID:7679	IAO:0000115	
WARN	missing_definition	DOID:7684	IAO:0000115	
WARN	missing_definition	DOID:7685	IAO:0000115	
WARN	missing_definition	DOID:7689	IAO:0000115	
WARN	missing_definition	DOID:7694	IAO:0000115	
WARN	missing_definition	DOID:7696	IAO:0000115	
WARN	missing_definition	DOID:7697	IAO:0000115	
WARN	missing_definition	DOID:7698	IAO:0000115	
WARN	missing_definition	DOID:7707	IAO:0000115	
WARN	missing_definition	DOID:7708	IAO:0000115	
WARN	missing_definition	DOID:7713	IAO:0000115	
WARN	missing_definition	DOID:7716	IAO:0000115	
WARN	missing_definition	DOID:7717	IAO:0000115	
WARN	missing_definition	DOID:7718	IAO:0000115	
WARN	missing_definition	DOID:7729	IAO:0000115	
WARN	missing_definition	DOID:7731	IAO:0000115	
WARN	missing_definition	DOID:7732	IAO:0000115	
WARN	missing_definition	DOID:7733	IAO:0000115	
WARN	missing_definition	DOID:7735	IAO:0000115	
WARN	missing_definition	DOID:7736	IAO:0000115	
WARN	missing_definition	DOID:774	IAO:0000115	
WARN	missing_definition	DOID:775	IAO:0000115	
WARN	missing_definition	DOID:7763	IAO:0000115	
WARN	missing_definition	DOID:7764	IAO:0000115	
WARN	missing_definition	DOID:7765	IAO:0000115	
WARN	missing_definition	DOID:7788	IAO:0000115	
WARN	missing_definition	DOID:7806	IAO:0000115	
WARN	missing_definition	DOID:7807	IAO:0000115	
WARN	missing_definition	DOID:7817	IAO:0000115	
WARN	missing_definition	DOID:7818	IAO:0000115	
WARN	missing_definition	DOID:7819	IAO:0000115	
WARN	missing_definition	DOID:782	IAO:0000115	
WARN	missing_definition	DOID:7820	IAO:0000115	
WARN	missing_definition	DOID:7824	IAO:0000115	
WARN	missing_definition	DOID:7825	IAO:0000115	
WARN	missing_definition	DOID:7826	IAO:0000115	
WARN	missing_definition	DOID:7840	IAO:0000115	
WARN	missing_definition	DOID:7851	IAO:0000115	
WARN	missing_definition	DOID:786	IAO:0000115	
WARN	missing_definition	DOID:7867	IAO:0000115	
WARN	missing_definition	DOID:7868	IAO:0000115	
WARN	missing_definition	DOID:7875	IAO:0000115	
WARN	missing_definition	DOID:7891	IAO:0000115	
WARN	missing_definition	DOID:790	IAO:0000115	
WARN	missing_definition	DOID:7903	IAO:0000115	
WARN	missing_definition	DOID:7907	IAO:0000115	
WARN	missing_definition	DOID:7912	IAO:0000115	
WARN	missing_definition	DOID:7915	IAO:0000115	
WARN	missing_definition	DOID:7926	IAO:0000115	
WARN	missing_definition	DOID:7927	IAO:0000115	
WARN	missing_definition	DOID:7928	IAO:0000115	
WARN	missing_definition	DOID:7930	IAO:0000115	
WARN	missing_definition	DOID:7936	IAO:0000115	
WARN	missing_definition	DOID:7941	IAO:0000115	
WARN	missing_definition	DOID:7949	IAO:0000115	
WARN	missing_definition	DOID:7951	IAO:0000115	
WARN	missing_definition	DOID:7958	IAO:0000115	
WARN	missing_definition	DOID:7959	IAO:0000115	
WARN	missing_definition	DOID:7960	IAO:0000115	
WARN	missing_definition	DOID:7967	IAO:0000115	
WARN	missing_definition	DOID:7968	IAO:0000115	
WARN	missing_definition	DOID:7969	IAO:0000115	
WARN	missing_definition	DOID:7971	IAO:0000115	
WARN	missing_definition	DOID:7972	IAO:0000115	
WARN	missing_definition	DOID:7986	IAO:0000115	
WARN	missing_definition	DOID:7994	IAO:0000115	
WARN	missing_definition	DOID:7996	IAO:0000115	
WARN	missing_definition	DOID:8000	IAO:0000115	
WARN	missing_definition	DOID:8002	IAO:0000115	
WARN	missing_definition	DOID:8003	IAO:0000115	
WARN	missing_definition	DOID:8006	IAO:0000115	
WARN	missing_definition	DOID:8007	IAO:0000115	
WARN	missing_definition	DOID:8009	IAO:0000115	
WARN	missing_definition	DOID:801	IAO:0000115	
WARN	missing_definition	DOID:8012	IAO:0000115	
WARN	missing_definition	DOID:8020	IAO:0000115	
WARN	missing_definition	DOID:8025	IAO:0000115	
WARN	missing_definition	DOID:8030	IAO:0000115	
WARN	missing_definition	DOID:8031	IAO:0000115	
WARN	missing_definition	DOID:8042	IAO:0000115	
WARN	missing_definition	DOID:8050	IAO:0000115	
WARN	missing_definition	DOID:8051	IAO:0000115	
WARN	missing_definition	DOID:8057	IAO:0000115	
WARN	missing_definition	DOID:8058	IAO:0000115	
WARN	missing_definition	DOID:8060	IAO:0000115	
WARN	missing_definition	DOID:807	IAO:0000115	
WARN	missing_definition	DOID:8072	IAO:0000115	
WARN	missing_definition	DOID:8078	IAO:0000115	
WARN	missing_definition	DOID:8081	IAO:0000115	
WARN	missing_definition	DOID:8082	IAO:0000115	
WARN	missing_definition	DOID:8083	IAO:0000115	
WARN	missing_definition	DOID:8093	IAO:0000115	
WARN	missing_definition	DOID:8096	IAO:0000115	
WARN	missing_definition	DOID:8097	IAO:0000115	
WARN	missing_definition	DOID:8102	IAO:0000115	
WARN	missing_definition	DOID:8106	IAO:0000115	
WARN	missing_definition	DOID:8108	IAO:0000115	
WARN	missing_definition	DOID:8109	IAO:0000115	
WARN	missing_definition	DOID:8110	IAO:0000115	
WARN	missing_definition	DOID:8119	IAO:0000115	
WARN	missing_definition	DOID:8122	IAO:0000115	
WARN	missing_definition	DOID:8133	IAO:0000115	
WARN	missing_definition	DOID:8135	IAO:0000115	
WARN	missing_definition	DOID:8137	IAO:0000115	
WARN	missing_definition	DOID:8138	IAO:0000115	
WARN	missing_definition	DOID:8140	IAO:0000115	
WARN	missing_definition	DOID:8144	IAO:0000115	
WARN	missing_definition	DOID:8149	IAO:0000115	
WARN	missing_definition	DOID:8150	IAO:0000115	
WARN	missing_definition	DOID:8151	IAO:0000115	
WARN	missing_definition	DOID:8153	IAO:0000115	
WARN	missing_definition	DOID:8162	IAO:0000115	
WARN	missing_definition	DOID:8167	IAO:0000115	
WARN	missing_definition	DOID:817	IAO:0000115	
WARN	missing_definition	DOID:8170	IAO:0000115	
WARN	missing_definition	DOID:8193	IAO:0000115	
WARN	missing_definition	DOID:8195	IAO:0000115	
WARN	missing_definition	DOID:8203	IAO:0000115	
WARN	missing_definition	DOID:8207	IAO:0000115	
WARN	missing_definition	DOID:8208	IAO:0000115	
WARN	missing_definition	DOID:8216	IAO:0000115	
WARN	missing_definition	DOID:8221	IAO:0000115	
WARN	missing_definition	DOID:8225	IAO:0000115	
WARN	missing_definition	DOID:823	IAO:0000115	
WARN	missing_definition	DOID:8233	IAO:0000115	
WARN	missing_definition	DOID:8239	IAO:0000115	
WARN	missing_definition	DOID:824	IAO:0000115	
WARN	missing_definition	DOID:8251	IAO:0000115	
WARN	missing_definition	DOID:8255	IAO:0000115	
WARN	missing_definition	DOID:8256	IAO:0000115	
WARN	missing_definition	DOID:8274	IAO:0000115	
WARN	missing_definition	DOID:8282	IAO:0000115	
WARN	missing_definition	DOID:8288	IAO:0000115	
WARN	missing_definition	DOID:8292	IAO:0000115	
WARN	missing_definition	DOID:8303	IAO:0000115	
WARN	missing_definition	DOID:8305	IAO:0000115	
WARN	missing_definition	DOID:8331	IAO:0000115	
WARN	missing_definition	DOID:8335	IAO:0000115	
WARN	missing_definition	DOID:8353	IAO:0000115	
WARN	missing_definition	DOID:8358	IAO:0000115	
WARN	missing_definition	DOID:8362	IAO:0000115	
WARN	missing_definition	DOID:8369	IAO:0000115	
WARN	missing_definition	DOID:8389	IAO:0000115	
WARN	missing_definition	DOID:8392	IAO:0000115	
WARN	missing_definition	DOID:8394	IAO:0000115	
WARN	missing_definition	DOID:8400	IAO:0000115	
WARN	missing_definition	DOID:8410	IAO:0000115	
WARN	missing_definition	DOID:8411	IAO:0000115	
WARN	missing_definition	DOID:8415	IAO:0000115	
WARN	missing_definition	DOID:8418	IAO:0000115	
WARN	missing_definition	DOID:8419	IAO:0000115	
WARN	missing_definition	DOID:8420	IAO:0000115	
WARN	missing_definition	DOID:8426	IAO:0000115	
WARN	missing_definition	DOID:8427	IAO:0000115	
WARN	missing_definition	DOID:8431	IAO:0000115	
WARN	missing_definition	DOID:8433	IAO:0000115	
WARN	missing_definition	DOID:8437	IAO:0000115	
WARN	missing_definition	DOID:8439	IAO:0000115	
WARN	missing_definition	DOID:8440	IAO:0000115	
WARN	missing_definition	DOID:8442	IAO:0000115	
WARN	missing_definition	DOID:8446	IAO:0000115	
WARN	missing_definition	DOID:8448	IAO:0000115	
WARN	missing_definition	DOID:8463	IAO:0000115	
WARN	missing_definition	DOID:8464	IAO:0000115	
WARN	missing_definition	DOID:8465	IAO:0000115	
WARN	missing_definition	DOID:8472	IAO:0000115	
WARN	missing_definition	DOID:8476	IAO:0000115	
WARN	missing_definition	DOID:8481	IAO:0000115	
WARN	missing_definition	DOID:8482	IAO:0000115	
WARN	missing_definition	DOID:8483	IAO:0000115	
WARN	missing_definition	DOID:8498	IAO:0000115	
WARN	missing_definition	DOID:8500	IAO:0000115	
WARN	missing_definition	DOID:8501	IAO:0000115	
WARN	missing_definition	DOID:8505	IAO:0000115	
WARN	missing_definition	DOID:8507	IAO:0000115	
WARN	missing_definition	DOID:8508	IAO:0000115	
WARN	missing_definition	DOID:8512	IAO:0000115	
WARN	missing_definition	DOID:8514	IAO:0000115	
WARN	missing_definition	DOID:8516	IAO:0000115	
WARN	missing_definition	DOID:8517	IAO:0000115	
WARN	missing_definition	DOID:8534	IAO:0000115	
WARN	missing_definition	DOID:8538	IAO:0000115	
WARN	missing_definition	DOID:8541	IAO:0000115	
WARN	missing_definition	DOID:8543	IAO:0000115	
WARN	missing_definition	DOID:8549	IAO:0000115	
WARN	missing_definition	DOID:8553	IAO:0000115	
WARN	missing_definition	DOID:8556	IAO:0000115	
WARN	missing_definition	DOID:8564	IAO:0000115	
WARN	missing_definition	DOID:8573	IAO:0000115	
WARN	missing_definition	DOID:8574	IAO:0000115	
WARN	missing_definition	DOID:8578	IAO:0000115	
WARN	missing_definition	DOID:8590	IAO:0000115	
WARN	missing_definition	DOID:8593	IAO:0000115	
WARN	missing_definition	DOID:8601	IAO:0000115	
WARN	missing_definition	DOID:8602	IAO:0000115	
WARN	missing_definition	DOID:8616	IAO:0000115	
WARN	missing_definition	DOID:862	IAO:0000115	
WARN	missing_definition	DOID:8628	IAO:0000115	
WARN	missing_definition	DOID:8630	IAO:0000115	
WARN	missing_definition	DOID:8633	IAO:0000115	
WARN	missing_definition	DOID:8635	IAO:0000115	
WARN	missing_definition	DOID:8642	IAO:0000115	
WARN	missing_definition	DOID:8643	IAO:0000115	
WARN	missing_definition	DOID:8644	IAO:0000115	
WARN	missing_definition	DOID:8645	IAO:0000115	
WARN	missing_definition	DOID:8646	IAO:0000115	
WARN	missing_definition	DOID:8649	IAO:0000115	
WARN	missing_definition	DOID:8651	IAO:0000115	
WARN	missing_definition	DOID:8654	IAO:0000115	
WARN	missing_definition	DOID:8660	IAO:0000115	
WARN	missing_definition	DOID:8663	IAO:0000115	
WARN	missing_definition	DOID:8677	IAO:0000115	
WARN	missing_definition	DOID:8680	IAO:0000115	
WARN	missing_definition	DOID:8681	IAO:0000115	
WARN	missing_definition	DOID:8683	IAO:0000115	
WARN	missing_definition	DOID:8688	IAO:0000115	
WARN	missing_definition	DOID:8691	IAO:0000115	
WARN	missing_definition	DOID:8696	IAO:0000115	
WARN	missing_definition	DOID:8702	IAO:0000115	
WARN	missing_definition	DOID:8712	IAO:0000115	
WARN	missing_definition	DOID:8738	IAO:0000115	
WARN	missing_definition	DOID:8757	IAO:0000115	
WARN	missing_definition	DOID:876	IAO:0000115	
WARN	missing_definition	DOID:8787	IAO:0000115	
WARN	missing_definition	DOID:8805	IAO:0000115	
WARN	missing_definition	DOID:8838	IAO:0000115	
WARN	missing_definition	DOID:8858	IAO:0000115	
WARN	missing_definition	DOID:8861	IAO:0000115	
WARN	missing_definition	DOID:8866	IAO:0000115	
WARN	missing_definition	DOID:8881	IAO:0000115	
WARN	missing_definition	DOID:8883	IAO:0000115	
WARN	missing_definition	DOID:8886	IAO:0000115	
WARN	missing_definition	DOID:890	IAO:0000115	
WARN	missing_definition	DOID:8925	IAO:0000115	
WARN	missing_definition	DOID:8929	IAO:0000115	
WARN	missing_definition	DOID:8930	IAO:0000115	
WARN	missing_definition	DOID:8931	IAO:0000115	
WARN	missing_definition	DOID:8937	IAO:0000115	
WARN	missing_definition	DOID:8946	IAO:0000115	
WARN	missing_definition	DOID:8947	IAO:0000115	
WARN	missing_definition	DOID:8969	IAO:0000115	
WARN	missing_definition	DOID:900	IAO:0000115	
WARN	missing_definition	DOID:901	IAO:0000115	
WARN	missing_definition	DOID:9021	IAO:0000115	
WARN	missing_definition	DOID:903	IAO:0000115	
WARN	missing_definition	DOID:9042	IAO:0000115	
WARN	missing_definition	DOID:907	IAO:0000115	
WARN	missing_definition	DOID:9072	IAO:0000115	
WARN	missing_definition	DOID:9076	IAO:0000115	
WARN	missing_definition	DOID:9080	IAO:0000115	
WARN	missing_definition	DOID:9088	IAO:0000115	
WARN	missing_definition	DOID:9097	IAO:0000115	
WARN	missing_definition	DOID:910	IAO:0000115	
WARN	missing_definition	DOID:9125	IAO:0000115	
WARN	missing_definition	DOID:914	IAO:0000115	
WARN	missing_definition	DOID:9140	IAO:0000115	
WARN	missing_definition	DOID:9149	IAO:0000115	
WARN	missing_definition	DOID:916	IAO:0000115	
WARN	missing_definition	DOID:9165	IAO:0000115	
WARN	missing_definition	DOID:917	IAO:0000115	
WARN	missing_definition	DOID:9173	IAO:0000115	
WARN	missing_definition	DOID:918	IAO:0000115	
WARN	missing_definition	DOID:9188	IAO:0000115	
WARN	missing_definition	DOID:9191	IAO:0000115	
WARN	missing_definition	DOID:9192	IAO:0000115	
WARN	missing_definition	DOID:9235	IAO:0000115	
WARN	missing_definition	DOID:9253	IAO:0000115	
WARN	missing_definition	DOID:9277	IAO:0000115	
WARN	missing_definition	DOID:929	IAO:0000115	
WARN	missing_definition	DOID:9299	IAO:0000115	
WARN	missing_definition	DOID:9300	IAO:0000115	
WARN	missing_definition	DOID:9306	IAO:0000115	
WARN	missing_definition	DOID:9307	IAO:0000115	
WARN	missing_definition	DOID:9335	IAO:0000115	
WARN	missing_definition	DOID:9336	IAO:0000115	
WARN	missing_definition	DOID:9339	IAO:0000115	
WARN	missing_definition	DOID:9341	IAO:0000115	
WARN	missing_definition	DOID:9346	IAO:0000115	
WARN	missing_definition	DOID:9348	IAO:0000115	
WARN	missing_definition	DOID:9358	IAO:0000115	
WARN	missing_definition	DOID:9365	IAO:0000115	
WARN	missing_definition	DOID:9368	IAO:0000115	
WARN	missing_definition	DOID:9369	IAO:0000115	
WARN	missing_definition	DOID:9378	IAO:0000115	
WARN	missing_definition	DOID:9383	IAO:0000115	
WARN	missing_definition	DOID:9384	IAO:0000115	
WARN	missing_definition	DOID:9388	IAO:0000115	
WARN	missing_definition	DOID:9389	IAO:0000115	
WARN	missing_definition	DOID:9401	IAO:0000115	
WARN	missing_definition	DOID:9402	IAO:0000115	
WARN	missing_definition	DOID:9407	IAO:0000115	
WARN	missing_definition	DOID:9408	IAO:0000115	
WARN	missing_definition	DOID:9427	IAO:0000115	
WARN	missing_definition	DOID:9439	IAO:0000115	
WARN	missing_definition	DOID:9459	IAO:0000115	
WARN	missing_definition	DOID:9461	IAO:0000115	
WARN	missing_definition	DOID:9473	IAO:0000115	
WARN	missing_definition	DOID:9476	IAO:0000115	
WARN	missing_definition	DOID:9483	IAO:0000115	
WARN	missing_definition	DOID:949	IAO:0000115	
WARN	missing_definition	DOID:9496	IAO:0000115	
WARN	missing_definition	DOID:9499	IAO:0000115	
WARN	missing_definition	DOID:950	IAO:0000115	
WARN	missing_definition	DOID:9512	IAO:0000115	
WARN	missing_definition	DOID:952	IAO:0000115	
WARN	missing_definition	DOID:9540	IAO:0000115	
WARN	missing_definition	DOID:9541	IAO:0000115	
WARN	missing_definition	DOID:9544	IAO:0000115	
WARN	missing_definition	DOID:9547	IAO:0000115	
WARN	missing_definition	DOID:956	IAO:0000115	
WARN	missing_definition	DOID:9561	IAO:0000115	
WARN	missing_definition	DOID:9565	IAO:0000115	
WARN	missing_definition	DOID:9574	IAO:0000115	
WARN	missing_definition	DOID:9589	IAO:0000115	
WARN	missing_definition	DOID:959	IAO:0000115	
WARN	missing_definition	DOID:9599	IAO:0000115	
WARN	missing_definition	DOID:960	IAO:0000115	
WARN	missing_definition	DOID:9600	IAO:0000115	
WARN	missing_definition	DOID:9601	IAO:0000115	
WARN	missing_definition	DOID:9602	IAO:0000115	
WARN	missing_definition	DOID:9603	IAO:0000115	
WARN	missing_definition	DOID:961	IAO:0000115	
WARN	missing_definition	DOID:9617	IAO:0000115	
WARN	missing_definition	DOID:962	IAO:0000115	
WARN	missing_definition	DOID:9621	IAO:0000115	
WARN	missing_definition	DOID:9622	IAO:0000115	
WARN	missing_definition	DOID:9650	IAO:0000115	
WARN	missing_definition	DOID:9651	IAO:0000115	
WARN	missing_definition	DOID:9672	IAO:0000115	
WARN	missing_definition	DOID:9673	IAO:0000115	
WARN	missing_definition	DOID:9697	IAO:0000115	
WARN	missing_definition	DOID:9698	IAO:0000115	
WARN	missing_definition	DOID:9700	IAO:0000115	
WARN	missing_definition	DOID:9709	IAO:0000115	
WARN	missing_definition	DOID:971	IAO:0000115	
WARN	missing_definition	DOID:9714	IAO:0000115	
WARN	missing_definition	DOID:9717	IAO:0000115	
WARN	missing_definition	DOID:9722	IAO:0000115	
WARN	missing_definition	DOID:9724	IAO:0000115	
WARN	missing_definition	DOID:9726	IAO:0000115	
WARN	missing_definition	DOID:9743	IAO:0000115	
WARN	missing_definition	DOID:9745	IAO:0000115	
WARN	missing_definition	DOID:9754	IAO:0000115	
WARN	missing_definition	DOID:9767	IAO:0000115	
WARN	missing_definition	DOID:9768	IAO:0000115	
WARN	missing_definition	DOID:9771	IAO:0000115	
WARN	missing_definition	DOID:9775	IAO:0000115	
WARN	missing_definition	DOID:9776	IAO:0000115	
WARN	missing_definition	DOID:9779	IAO:0000115	
WARN	missing_definition	DOID:9788	IAO:0000115	
WARN	missing_definition	DOID:979	IAO:0000115	
WARN	missing_definition	DOID:9794	IAO:0000115	
WARN	missing_definition	DOID:9799	IAO:0000115	
WARN	missing_definition	DOID:980	IAO:0000115	
WARN	missing_definition	DOID:981	IAO:0000115	
WARN	missing_definition	DOID:9811	IAO:0000115	
WARN	missing_definition	DOID:9820	IAO:0000115	
WARN	missing_definition	DOID:9821	IAO:0000115	
WARN	missing_definition	DOID:9822	IAO:0000115	
WARN	missing_definition	DOID:9827	IAO:0000115	
WARN	missing_definition	DOID:9835	IAO:0000115	
WARN	missing_definition	DOID:9837	IAO:0000115	
WARN	missing_definition	DOID:9838	IAO:0000115	
WARN	missing_definition	DOID:9839	IAO:0000115	
WARN	missing_definition	DOID:9841	IAO:0000115	
WARN	missing_definition	DOID:9842	IAO:0000115	
WARN	missing_definition	DOID:9843	IAO:0000115	
WARN	missing_definition	DOID:9848	IAO:0000115	
WARN	missing_definition	DOID:9854	IAO:0000115	
WARN	missing_definition	DOID:9858	IAO:0000115	
WARN	missing_definition	DOID:9867	IAO:0000115	
WARN	missing_definition	DOID:9868	IAO:0000115	
WARN	missing_definition	DOID:9877	IAO:0000115	
WARN	missing_definition	DOID:9888	IAO:0000115	
WARN	missing_definition	DOID:9892	IAO:0000115	
WARN	missing_definition	DOID:9893	IAO:0000115	
WARN	missing_definition	DOID:9898	IAO:0000115	
WARN	missing_definition	DOID:9905	IAO:0000115	
WARN	missing_definition	DOID:9908	IAO:0000115	
WARN	missing_definition	DOID:9911	IAO:0000115	
WARN	missing_definition	DOID:9912	IAO:0000115	
WARN	missing_definition	DOID:9936	IAO:0000115	
WARN	missing_definition	DOID:9937	IAO:0000115	
WARN	missing_definition	DOID:9939	IAO:0000115	
WARN	missing_definition	DOID:9942	IAO:0000115	
WARN	missing_definition	DOID:9945	IAO:0000115	
WARN	missing_definition	DOID:9948	IAO:0000115	
WARN	missing_definition	DOID:9954	IAO:0000115	
WARN	missing_definition	DOID:9978	IAO:0000115	
WARN	missing_definition	obo:doid#has_symptom	IAO:0000115	
INFO	missing_superclass	DOID:4	rdfs:subClassOf	
